class_name,class,lat,lon
winter wheat,1,45.142903225565696,42.09195502611057
winter wheat,1,45.14829311727041,42.090877047769624
winter wheat,1,45.13104546381532,42.27062993612194
potato,11,45.12376911001395,42.0598851704675
winter wheat,1,45.11918770206494,42.25742470144539
winter wheat,1,45.14452019307711,42.086834628991085
winter wheat,1,45.14721513892947,42.2770978061676
winter wheat,1,45.1361658609348,42.269282463195765
winter wheat,1,45.14344221473617,42.27386387114477
winter wheat,1,45.12915900171867,42.262545098564864
winter wheat,1,45.14559817141806,42.13561314891878
winter wheat,1,45.12538607752536,42.263084087735336
winter wheat,1,45.12700304503678,42.2552687447635
winter wheat,1,45.15233553604895,42.095188961133395
winter wheat,1,45.128081023377725,42.26362307690581
winter wheat,1,45.14344221473617,42.08225322104208
winter wheat,1,45.142364236395224,42.124024881753634
winter wheat,1,45.12269113167301,42.25742470144539
winter wheat,1,45.14209474180999,42.09707542323005
winter wheat,1,45.146676149758996,42.09707542323005
winter wheat,1,45.13293192591197,42.26389257149104
winter wheat,1,45.11676225079782,42.07174293221788
winter wheat,1,45.142633730980464,42.08737361816156
winter wheat,1,45.119996185820646,42.06473607300175
winter wheat,1,45.12781152879249,42.26604852817293
winter wheat,1,45.146945644344235,42.13210971931071
potato,11,45.13481838800862,42.080366758945424
winter wheat,1,45.14991008478183,42.09438047737769
winter wheat,1,45.14937109561136,42.10084834742335
winter wheat,1,45.12781152879249,42.24987885305878
winter wheat,1,45.14802362268518,42.088990585672974
winter wheat,1,45.118109723724,42.254729755593026
winter wheat,1,45.130236980059614,42.25392127183732
winter wheat,1,45.1504490739523,42.1380386001859
winter wheat,1,45.13535737717909,42.08333119938302
winter wheat,1,45.11864871289447,42.072820910558825
winter wheat,1,45.12888950713343,42.27224690363336
winter wheat,1,45.130236980059614,42.25311278808161
winter wheat,1,45.14398120390664,42.27170791446289
winter wheat,1,45.15152705229325,42.10731621746901
potato,11,45.13966929054287,42.13561314891878
winter wheat,1,45.132662431326736,42.281409719531375
winter wheat,1,45.152874525219424,42.10462127161665
winter wheat,1,45.120265680405886,42.06958697553599
winter wheat,1,45.14398120390664,42.28033174119043
winter wheat,1,45.125925066695835,42.25823318520109
winter wheat,1,45.14209474180999,42.07551585641118
winter wheat,1,45.12080466957636,42.25499925017826
winter wheat,1,45.15125755770801,42.103812787860946
winter wheat,1,45.12538607752536,42.2552687447635
winter wheat,1,45.13751333386098,42.275480838656186
winter wheat,1,45.143172720150936,42.105968744542835
winter wheat,1,45.14640665517376,42.10462127161665
winter wheat,1,45.12888950713343,42.252034809740664
winter wheat,1,45.11730123996829,42.06554455675745
winter wheat,1,45.12969799088914,42.25338228266685
winter wheat,1,45.1391303013724,42.12914527887312
winter wheat,1,45.14586766600329,42.10057885283812
winter wheat,1,45.13751333386098,42.0876431127468
winter wheat,1,45.13050647464485,42.2657790335877
winter wheat,1,45.13939979595763,42.269551957781
winter wheat,1,45.14074726888381,42.081175242701136
winter wheat,1,45.15179654687848,42.10003986366765
winter wheat,1,45.119996185820646,42.07093444846217
winter wheat,1,45.12161315333206,42.264970549831986
winter wheat,1,45.1286200125482,42.2800622466052
winter wheat,1,45.14155575263952,42.12806730053217
winter wheat,1,45.11487578870117,42.06958697553599
winter wheat,1,45.13050647464485,42.283565676213264
winter wheat,1,45.12349961542871,42.258772174371565
winter wheat,1,45.132123442156264,42.28033174119043
winter wheat,1,45.13939979595763,42.08279221021255
winter wheat,1,45.14020827971334,42.08629563982061
winter wheat,1,45.138321817616685,42.28841657874751
winter wheat,1,45.11918770206494,42.064466578416514
winter wheat,1,45.146945644344235,42.10542975537236
winter wheat,1,45.14559817141806,42.281679214116615
winter wheat,1,45.13400990425291,42.084948166894435
potato,11,45.152605030634184,42.10327379869047
winter wheat,1,45.13805232303145,42.2800622466052
winter wheat,1,45.130236980059614,42.25931116354204
winter wheat,1,45.14182524722475,42.084948166894435
winter wheat,1,45.14937109561136,42.095188961133395
winter wheat,1,45.13131495840055,42.08225322104208
winter wheat,1,45.13104546381532,42.08737361816156
winter wheat,1,45.11460629411593,42.066622535098396
winter wheat,1,45.1294284963039,42.26173661480916
winter wheat,1,45.13697434469051,42.08548715606491
winter wheat,1,45.14775412809994,42.08979906942868
winter wheat,1,45.13131495840055,42.26011964729774
winter wheat,1,45.11891820747971,42.25580773393397
winter wheat,1,45.13966929054287,42.27628932241189
winter wheat,1,45.14452019307711,42.27143841987765
winter wheat,1,45.12349961542871,42.269551957781
winter wheat,1,45.142633730980464,42.07740231850783
winter wheat,1,45.14452019307711,42.264970549831986
winter wheat,1,45.138591312201925,42.277636795338076
potato,11,45.142364236395224,42.12779780594694
winter wheat,1,45.130236980059614,42.26847397944005
winter wheat,1,45.1437117093214,42.2770978061676
winter wheat,1,45.14398120390664,42.26739600109911
winter wheat,1,45.143172720150936,42.097614412400524
winter wheat,1,45.12161315333206,42.062041127149385
winter wheat,1,45.130775969230086,42.28248769787232
winter wheat,1,45.1248470883549,42.2560772285192
potato,11,45.13805232303145,42.12914527887312
winter wheat,1,45.145059182247586,42.08279221021255
winter wheat,1,45.132662431326736,42.27844527909378
winter wheat,1,45.1437117093214,42.267126506513875
potato,11,45.14829311727041,42.134535170577834
winter wheat,1,45.15017957936706,42.0989618853267
winter wheat,1,45.115684272456875,42.06500556758698
winter wheat,1,45.130236980059614,42.269012968610525
winter wheat,1,45.14020827971334,42.287338600406564
winter wheat,1,45.11918770206494,42.07362939431453
winter wheat,1,45.1504490739523,42.13588264350401
potato,11,45.15125755770801,42.13992506228255
winter wheat,1,45.12349961542871,42.26793499026958
winter wheat,1,45.12888950713343,42.25985015271251
winter wheat,1,45.118109723724,42.07309040514406
winter wheat,1,45.13400990425291,42.27817578450855
winter wheat,1,45.134279398838146,42.26847397944005
winter wheat,1,45.11837921830924,42.25419076642255
winter wheat,1,45.13131495840055,42.27440286031524
winter wheat,1,45.13724383927574,42.283565676213264
winter wheat,1,45.13966929054287,42.279253762849486
potato,11,45.12323012084348,42.27062993612194
winter wheat,1,45.119996185820646,42.066353040513164
winter wheat,1,45.149101601026125,42.10812470122472
winter wheat,1,45.14748463351471,42.08548715606491
potato,11,45.14101676346905,42.080366758945424
winter wheat,1,45.142364236395224,42.08252271562731
winter wheat,1,45.13293192591197,42.27817578450855
winter wheat,1,45.14721513892947,42.277636795338076
winter wheat,1,45.12700304503678,42.079019286019246
winter wheat,1,45.13697434469051,42.281679214116615
winter wheat,1,45.14802362268518,42.13157073014024
winter wheat,1,45.15125755770801,42.10408228244618
winter wheat,1,45.13939979595763,42.273055387389064
winter wheat,1,45.14775412809994,42.27871477367902
winter wheat,1,45.14802362268518,42.275480838656186
winter wheat,1,45.1391303013724,42.275750333241426
winter wheat,1,45.13400990425291,42.27062993612194
winter wheat,1,45.1286200125482,42.26847397944005
winter wheat,1,45.13508788259386,42.08791260733203
winter wheat,1,45.12296062625824,42.05880719212656
winter wheat,1,45.131853947571024,42.083061704797785
winter wheat,1,45.14344221473617,42.09815340157099
winter wheat,1,45.14829311727041,42.13345719223689
winter wheat,1,45.14829311727041,42.275750333241426
winter wheat,1,45.14937109561136,42.27655881699713
winter wheat,1,45.146945644344235,42.08602614523538
winter wheat,1,45.138591312201925,42.128606289702645
winter wheat,1,45.12376911001395,42.25365177725208
winter wheat,1,45.12457759376966,42.06096314880845
winter wheat,1,45.12646405586631,42.24933986388831
winter wheat,1,45.128081023377725,42.258772174371565
winter wheat,1,45.12969799088914,42.26766549568435
winter wheat,1,45.129967485474374,42.28302668704279
winter wheat,1,45.1534135143899,42.10030935825288
winter wheat,1,45.11730123996829,42.066892029683636
winter wheat,1,45.14452019307711,42.13507415974831
winter wheat,1,45.146945644344235,42.107855206639485
winter wheat,1,45.143172720150936,42.27601982782666
winter wheat,1,45.122152142502536,42.076593834752124
winter wheat,1,45.13939979595763,42.08333119938302
winter wheat,1,45.14856261185565,42.09303300445151
winter wheat,1,45.124308099184425,42.263353582320576
potato,11,45.1256555721106,42.27628932241189
winter wheat,1,45.15152705229325,42.093302499036746
winter wheat,1,45.13158445298579,42.256885712274915
potato,11,45.124038604599185,42.27251639821859
potato,11,45.132662431326736,42.271168925292415
winter wheat,1,45.13347091508244,42.0846786723092
winter wheat,1,45.14856261185565,42.097614412400524
potato,11,45.149101601026125,42.0846786723092
winter wheat,1,45.14452019307711,42.105968744542835
winter wheat,1,45.14398120390664,42.13534365433354
winter wheat,1,45.144789687662346,42.136421632674484
winter wheat,1,45.14586766600329,42.10435177703142
winter wheat,1,45.1437117093214,42.097344917815285
winter wheat,1,45.144250698491874,42.10731621746901
winter wheat,1,45.12053517499112,42.06958697553599
winter wheat,1,45.132392936741496,42.08360069396826
winter wheat,1,45.145059182247586,42.09680592864481
winter wheat,1,45.13778282844621,42.081175242701136
winter wheat,1,45.143172720150936,42.08252271562731
winter wheat,1,45.14128625805428,42.091416036940096
winter wheat,1,45.11649275621258,42.06554455675745
winter wheat,1,45.144789687662346,42.09815340157099
winter wheat,1,45.13724383927574,42.08171423187161
winter wheat,1,45.14802362268518,42.10893318498043
winter wheat,1,45.14344221473617,42.277636795338076
winter wheat,1,45.15179654687848,42.13588264350401
winter wheat,1,45.15206604146372,42.101387336593824
winter wheat,1,45.1504490739523,42.103812787860946
winter wheat,1,45.145059182247586,42.08602614523538
winter wheat,1,45.1399387851281,42.279523257434725
winter wheat,1,45.142364236395224,42.27062993612194
winter wheat,1,45.145059182247586,42.09249401528104
winter wheat,1,45.128081023377725,42.24772289637689
winter wheat,1,45.13751333386098,42.285182643724674
winter wheat,1,45.1437117093214,42.2800622466052
winter wheat,1,45.14640665517376,42.08198372645684
winter wheat,1,45.1286200125482,42.25419076642255
winter wheat,1,45.13778282844621,42.285182643724674
winter wheat,1,45.130775969230086,42.262545098564864
winter wheat,1,45.12781152879249,42.266857011928636
winter wheat,1,45.1248470883549,42.062310621734625
winter wheat,1,45.13293192591197,42.27682831158236
winter wheat,1,45.1248470883549,42.074437878070235
winter wheat,1,45.1256555721106,42.2560772285192
winter wheat,1,45.13050647464485,42.08387018855349
winter wheat,1,45.14613716058853,42.27009094695147
winter wheat,1,45.14721513892947,42.09491946654816
winter wheat,1,45.130775969230086,42.277636795338076
winter wheat,1,45.1361658609348,42.279523257434725
winter wheat,1,45.12349961542871,42.26739600109911
winter wheat,1,45.143172720150936,42.12510286009458
winter wheat,1,45.142903225565696,42.08629563982061
winter wheat,1,45.14829311727041,42.08737361816156
winter wheat,1,45.13104546381532,42.281679214116615
winter wheat,1,45.119457196650174,42.06258011631986
winter wheat,1,45.138591312201925,42.086834628991085
winter wheat,1,45.11649275621258,42.06716152426887
winter wheat,1,45.13805232303145,42.27467235490048
winter wheat,1,45.14209474180999,42.27359437655954
winter wheat,1,45.128081023377725,42.262814593150104
winter wheat,1,45.12511658294013,42.27170791446289
winter wheat,1,45.15233553604895,42.10435177703142
winter wheat,1,45.14559817141806,42.08548715606491
winter wheat,1,45.1294284963039,42.26550953900246
winter wheat,1,45.12242163708777,42.06473607300175
winter wheat,1,45.1504490739523,42.2800622466052
winter wheat,1,45.124308099184425,42.07578535099642
winter wheat,1,45.14856261185565,42.10003986366765
winter wheat,1,45.12457759376966,42.252034809740664
winter wheat,1,45.12107416416159,42.26092813105345
winter wheat,1,45.138591312201925,42.26874347402529
winter wheat,1,45.140477774298574,42.28572163289515
winter wheat,1,45.124038604599185,42.27170791446289
winter wheat,1,45.12296062625824,42.26119762563869
winter wheat,1,45.12376911001395,42.076593834752124
winter wheat,1,45.13778282844621,42.27062993612194
winter wheat,1,45.14128625805428,42.285182643724674
winter wheat,1,45.13697434469051,42.087104123576324
winter wheat,1,45.132662431326736,42.27224690363336
winter wheat,1,45.13939979595763,42.28248769787232
winter wheat,1,45.14101676346905,42.26874347402529
potato,11,45.1437117093214,42.132648708481184
winter wheat,1,45.14209474180999,42.09114654235486
potato,11,45.13778282844621,42.27898426826425
winter wheat,1,45.14074726888381,42.13372668682213
winter wheat,1,45.14398120390664,42.26550953900246
winter wheat,1,45.12835051796296,42.24772289637689
winter wheat,1,45.12296062625824,42.264970549831986
winter wheat,1,45.146676149758996,42.13965556769732
winter wheat,1,45.13104546381532,42.25580773393397
winter wheat,1,45.144250698491874,42.13749961101543
winter wheat,1,45.1504490739523,42.28033174119043
winter wheat,1,45.15233553604895,42.107585712054245
winter wheat,1,45.125925066695835,42.254729755593026
winter wheat,1,45.13320142049721,42.263353582320576
winter wheat,1,45.13158445298579,42.08575665065015
winter wheat,1,45.14613716058853,42.13992506228255
winter wheat,1,45.12296062625824,42.25392127183732
winter wheat,1,45.12673355045155,42.27898426826425
potato,11,45.13562687176433,42.080366758945424
winter wheat,1,45.142633730980464,42.0779413076783
winter wheat,1,45.119726691235414,42.26011964729774
winter wheat,1,45.124308099184425,42.269551957781
winter wheat,1,45.1437117093214,42.27251639821859
winter wheat,1,45.15179654687848,42.09303300445151
winter wheat,1,45.14721513892947,42.08791260733203
winter wheat,1,45.1286200125482,42.27844527909378
winter wheat,1,45.124038604599185,42.2514958205702
winter wheat,1,45.11864871289447,42.066083545927924
winter wheat,1,45.14182524722475,42.12779780594694
winter wheat,1,45.12700304503678,42.25742470144539
winter wheat,1,45.136435355520035,42.08413968313873
winter wheat,1,45.1437117093214,42.12537235467981
winter wheat,1,45.13535737717909,42.267126506513875
winter wheat,1,45.14559817141806,42.283296181628025
winter wheat,1,45.12242163708777,42.266857011928636
potato,11,45.150718568537535,42.0876431127468
winter wheat,1,45.12107416416159,42.06716152426887
winter wheat,1,45.12915900171867,42.26227560397963
winter wheat,1,45.13697434469051,42.13157073014024
winter wheat,1,45.14344221473617,42.10623823912807
winter wheat,1,45.12376911001395,42.2514958205702
winter wheat,1,45.14452019307711,42.0989618853267
potato,11,45.15314401980466,42.09626693947434
winter wheat,1,45.14020827971334,42.26604852817293
winter wheat,1,45.126194561281075,42.267126506513875
winter wheat,1,45.140477774298574,42.28194870870185
winter wheat,1,45.13481838800862,42.269012968610525
winter wheat,1,45.14101676346905,42.269282463195765
winter wheat,1,45.14155575263952,42.084948166894435
winter wheat,1,45.119996185820646,42.06823950260981
winter wheat,1,45.13050647464485,42.26146712022392
winter wheat,1,45.124308099184425,42.256616217689675
winter wheat,1,45.11676225079782,42.06823950260981
winter wheat,1,45.14532867683282,42.27009094695147
winter wheat,1,45.12646405586631,42.269551957781
winter wheat,1,45.13104546381532,42.27790628992331
winter wheat,1,45.14532867683282,42.12564184926505
winter wheat,1,45.11918770206494,42.066622535098396
winter wheat,1,45.14532867683282,42.083061704797785
winter wheat,1,45.130236980059614,42.27143841987765
winter wheat,1,45.140477774298574,42.27871477367902
winter wheat,1,45.14344221473617,42.091416036940096
winter wheat,1,45.12134365874683,42.064197083831274
winter wheat,1,45.12323012084348,42.258772174371565
winter wheat,1,45.14020827971334,42.27844527909378
winter wheat,1,45.132392936741496,42.084948166894435
winter wheat,1,45.14020827971334,42.270899430707175
winter wheat,1,45.14802362268518,42.27682831158236
winter wheat,1,45.146945644344235,42.2733248819743
winter wheat,1,45.14398120390664,42.13561314891878
winter wheat,1,45.13320142049721,42.081175242701136
winter wheat,1,45.12781152879249,42.25634672310444
winter wheat,1,45.144789687662346,42.09060755318439
winter wheat,1,45.12269113167301,42.258502679786325
winter wheat,1,45.12053517499112,42.07362939431453
winter wheat,1,45.12296062625824,42.25122632598496
winter wheat,1,45.12915900171867,42.25931116354204
winter wheat,1,45.124308099184425,42.26631802275817
winter wheat,1,45.14452019307711,42.107585712054245
winter wheat,1,45.152874525219424,42.09599744488911
winter wheat,1,45.14613716058853,42.12698932219123
winter wheat,1,45.13158445298579,42.083061704797785
winter wheat,1,45.134279398838146,42.083061704797785
winter wheat,1,45.14559817141806,42.09464997196293
winter wheat,1,45.13374040966768,42.27871477367902
winter wheat,1,45.12969799088914,42.27062993612194
potato,11,45.14748463351471,42.12887578428788
winter wheat,1,45.1286200125482,42.265240044417226
winter wheat,1,45.120265680405886,42.26200610939439
winter wheat,1,45.129967485474374,42.27682831158236
winter wheat,1,45.143172720150936,42.275211344070954
winter wheat,1,45.12754203420725,42.25742470144539
winter wheat,1,45.14532867683282,42.08144473728637
winter wheat,1,45.14586766600329,42.126450333020756
winter wheat,1,45.14020827971334,42.07982776977496
winter wheat,1,45.12161315333206,42.258772174371565
winter wheat,1,45.1286200125482,42.08602614523538
winter wheat,1,45.14856261185565,42.13965556769732
winter wheat,1,45.12080466957636,42.062310621734625
winter wheat,1,45.144250698491874,42.27817578450855
winter wheat,1,45.14209474180999,42.107855206639485
winter wheat,1,45.124308099184425,42.252573798911136
potato,11,45.14209474180999,42.13399618140736
winter wheat,1,45.14586766600329,42.095458455718635
winter wheat,1,45.14991008478183,42.13830809477113
winter wheat,1,45.13589636634956,42.28114022494614
winter wheat,1,45.142633730980464,42.0771328239226
winter wheat,1,45.14128625805428,42.28653011665086
winter wheat,1,45.136704850105275,42.1275283113617
winter wheat,1,45.12538607752536,42.07632434016689
winter wheat,1,45.14074726888381,42.28194870870185
winter wheat,1,45.146945644344235,42.09249401528104
winter wheat,1,45.12080466957636,42.07524636182595
winter wheat,1,45.136704850105275,42.275211344070954
winter wheat,1,45.143172720150936,42.09707542323005
winter wheat,1,45.14586766600329,42.12941477345835
potato,11,45.14991008478183,42.10327379869047
winter wheat,1,45.146945644344235,42.10246531493477
winter wheat,1,45.14398120390664,42.08360069396826
winter wheat,1,45.12107416416159,42.260658636468214
winter wheat,1,45.13104546381532,42.26820448485482
winter wheat,1,45.1534135143899,42.099231379911934
winter wheat,1,45.1361658609348,42.271168925292415
winter wheat,1,45.14182524722475,42.093302499036746
winter wheat,1,45.14020827971334,42.269012968610525
winter wheat,1,45.1399387851281,42.08791260733203
winter wheat,1,45.11703174538305,42.066892029683636
winter wheat,1,45.14344221473617,42.10650773371331
winter wheat,1,45.14398120390664,42.10650773371331
winter wheat,1,45.146945644344235,42.270899430707175
winter wheat,1,45.144250698491874,42.08360069396826
winter wheat,1,45.130236980059614,42.08279221021255
winter wheat,1,45.14559817141806,42.1275283113617
winter wheat,1,45.12915900171867,42.26739600109911
winter wheat,1,45.115684272456875,42.06258011631986
winter wheat,1,45.146945644344235,42.093571993621985
winter wheat,1,45.131853947571024,42.08171423187161
winter wheat,1,45.144789687662346,42.10435177703142
winter wheat,1,45.13778282844621,42.28464365455421
winter wheat,1,45.146676149758996,42.27871477367902
winter wheat,1,45.13481838800862,42.28248769787232
winter wheat,1,45.150718568537535,42.097614412400524
winter wheat,1,45.14182524722475,42.264431560661514
winter wheat,1,45.12161315333206,42.25176531515543
winter wheat,1,45.12538607752536,42.07551585641118
winter wheat,1,45.144789687662346,42.09464997196293
winter wheat,1,45.12349961542871,42.26631802275817
winter wheat,1,45.12969799088914,42.26550953900246
winter wheat,1,45.11891820747971,42.067970008024574
winter wheat,1,45.13374040966768,42.08387018855349
winter wheat,1,45.13050647464485,42.0876431127468
winter wheat,1,45.12161315333206,42.26362307690581
winter wheat,1,45.14721513892947,42.13857758935637
winter wheat,1,45.12673355045155,42.275480838656186
winter wheat,1,45.13131495840055,42.27251639821859
winter wheat,1,45.14344221473617,42.09842289615623
winter wheat,1,45.143172720150936,42.26766549568435
winter wheat,1,45.150988063122774,42.090877047769624
winter wheat,1,45.14074726888381,42.09303300445151
winter wheat,1,45.13535737717909,42.27898426826425
winter wheat,1,45.14964059019659,42.101387336593824
winter wheat,1,45.12915900171867,42.27251639821859
winter wheat,1,45.14829311727041,42.27898426826425
winter wheat,1,45.14775412809994,42.13022325721406
winter wheat,1,45.136704850105275,42.27278589280383
winter wheat,1,45.1256555721106,42.24933986388831
winter wheat,1,45.145059182247586,42.27386387114477
winter wheat,1,45.146945644344235,42.10219582034953
winter wheat,1,45.150718568537535,42.09788390698576
winter wheat,1,45.143172720150936,42.266857011928636
winter wheat,1,45.14559817141806,42.27628932241189
winter wheat,1,45.12646405586631,42.256616217689675
potato,11,45.1534135143899,42.10300430410524
winter wheat,1,45.14640665517376,42.2808707303609
winter wheat,1,45.14020827971334,42.285452138309914
winter wheat,1,45.11891820747971,42.07389888889977
winter wheat,1,45.126194561281075,42.2770978061676
winter wheat,1,45.143172720150936,42.27278589280383
winter wheat,1,45.142633730980464,42.136960621844956
winter wheat,1,45.14020827971334,42.08656513440585
winter wheat,1,45.12673355045155,42.25311278808161
winter wheat,1,45.12457759376966,42.07524636182595
winter wheat,1,45.11837921830924,42.066353040513164
winter wheat,1,45.14074726888381,42.13103174096977
winter wheat,1,45.15179654687848,42.09977036908241
winter wheat,1,45.14128625805428,42.1275283113617
winter wheat,1,45.12457759376966,42.076593834752124
winter wheat,1,45.146676149758996,42.10246531493477
winter wheat,1,45.14613716058853,42.28060123577567
winter wheat,1,45.14721513892947,42.08979906942868
winter wheat,1,45.12511658294013,42.269282463195765
winter wheat,1,45.132662431326736,42.08171423187161
winter wheat,1,45.128081023377725,42.24933986388831
winter wheat,1,45.138591312201925,42.28275719245755
potato,11,45.14613716058853,42.132379213895945
potato,11,45.145059182247586,42.0884515965025
winter wheat,1,45.14640665517376,42.08440917772396
winter wheat,1,45.12538607752536,42.25580773393397
winter wheat,1,45.13939979595763,42.26982145236624
winter wheat,1,45.13805232303145,42.084948166894435
winter wheat,1,45.146945644344235,42.10354329327571
winter wheat,1,45.13697434469051,42.277367300752836
winter wheat,1,45.146676149758996,42.08818210191727
winter wheat,1,45.1399387851281,42.285452138309914
winter wheat,1,45.150718568537535,42.099500874497174
winter wheat,1,45.14020827971334,42.08252271562731
winter wheat,1,45.12888950713343,42.283296181628025
winter wheat,1,45.1437117093214,42.08333119938302
winter wheat,1,45.1361658609348,42.083061704797785
winter wheat,1,45.14155575263952,42.10030935825288
winter wheat,1,45.1294284963039,42.26011964729774
winter wheat,1,45.136704850105275,42.27628932241189
winter wheat,1,45.14559817141806,42.08926008025821
winter wheat,1,45.14721513892947,42.091685531525336
winter wheat,1,45.11541477787164,42.06716152426887
winter wheat,1,45.14398120390664,42.10327379869047
winter wheat,1,45.14991008478183,42.08926008025821
winter wheat,1,45.1248470883549,42.2665875173434
potato,11,45.142903225565696,42.13157073014024
winter wheat,1,45.146945644344235,42.09384148820722
winter wheat,1,45.149101601026125,42.13210971931071
winter wheat,1,45.14829311727041,42.10623823912807
potato,11,45.12700304503678,42.275211344070954
winter wheat,1,45.14802362268518,42.08737361816156
winter wheat,1,45.14586766600329,42.139116578526846
winter wheat,1,45.119726691235414,42.068508997195046
winter wheat,1,45.146945644344235,42.0876431127468
winter wheat,1,45.140477774298574,42.07955827518972
winter wheat,1,45.125925066695835,42.25122632598496
winter wheat,1,45.128081023377725,42.254729755593026
potato,11,45.14937109561136,42.084948166894435
winter wheat,1,45.134279398838146,42.274941849485714
winter wheat,1,45.13535737717909,42.283565676213264
winter wheat,1,45.131853947571024,42.258772174371565
winter wheat,1,45.146945644344235,42.09438047737769
winter wheat,1,45.14775412809994,42.27386387114477
winter wheat,1,45.12323012084348,42.252034809740664
winter wheat,1,45.1256555721106,42.25338228266685
potato,11,45.149101601026125,42.08818210191727
winter wheat,1,45.1504490739523,42.09977036908241
winter wheat,1,45.1218826479173,42.26146712022392
winter wheat,1,45.12457759376966,42.26766549568435
winter wheat,1,45.12781152879249,42.25499925017826
winter wheat,1,45.12323012084348,42.252843293496376
winter wheat,1,45.144789687662346,42.264970549831986
winter wheat,1,45.134279398838146,42.26793499026958
winter wheat,1,45.143172720150936,42.26389257149104
winter wheat,1,45.12727253962202,42.25122632598496
winter wheat,1,45.13050647464485,42.2560772285192
winter wheat,1,45.14991008478183,42.13480466516307
winter wheat,1,45.15152705229325,42.107585712054245
winter wheat,1,45.14074726888381,42.13318769765166
winter wheat,1,45.12835051796296,42.25122632598496
winter wheat,1,45.129967485474374,42.086834628991085
winter wheat,1,45.138591312201925,42.28626062206562
winter wheat,1,45.14586766600329,42.279253762849486
winter wheat,1,45.138321817616685,42.13318769765166
winter wheat,1,45.14802362268518,42.08926008025821
winter wheat,1,45.12727253962202,42.248261885547365
potato,11,45.13535737717909,42.080366758945424
winter wheat,1,45.13805232303145,42.27143841987765
winter wheat,1,45.13481838800862,42.27682831158236
winter wheat,1,45.14101676346905,42.09411098279246
winter wheat,1,45.1294284963039,42.085217661479675
winter wheat,1,45.1248470883549,42.27278589280383
winter wheat,1,45.12053517499112,42.06716152426887
winter wheat,1,45.14155575263952,42.08144473728637
winter wheat,1,45.142364236395224,42.27682831158236
winter wheat,1,45.12242163708777,42.25985015271251
winter wheat,1,45.14802362268518,42.279253762849486
winter wheat,1,45.125925066695835,42.27628932241189
winter wheat,1,45.126194561281075,42.076863329337364
winter wheat,1,45.14155575263952,42.27790628992331
winter wheat,1,45.12457759376966,42.27278589280383
winter wheat,1,45.142903225565696,42.07982776977496
winter wheat,1,45.12781152879249,42.27062993612194
winter wheat,1,45.125925066695835,42.25742470144539
winter wheat,1,45.12969799088914,42.27601982782666
winter wheat,1,45.13050647464485,42.26038914188298
winter wheat,1,45.14344221473617,42.080905748115896
winter wheat,1,45.150988063122774,42.107585712054245
winter wheat,1,45.1286200125482,42.25365177725208
winter wheat,1,45.136704850105275,42.274941849485714
winter wheat,1,45.134548893423386,42.28060123577567
winter wheat,1,45.12511658294013,42.25931116354204
winter wheat,1,45.13697434469051,42.28114022494614
winter wheat,1,45.12538607752536,42.26416206607628
potato,11,45.14398120390664,42.09572795030387
winter wheat,1,45.13939979595763,42.27817578450855
winter wheat,1,45.12269113167301,42.269012968610525
winter wheat,1,45.12673355045155,42.27628932241189
winter wheat,1,45.144789687662346,42.10489076620189
winter wheat,1,45.125925066695835,42.27251639821859
winter wheat,1,45.12673355045155,42.27224690363336
winter wheat,1,45.142633730980464,42.27871477367902
winter wheat,1,45.144250698491874,42.275211344070954
winter wheat,1,45.128081023377725,42.2590416689568
winter wheat,1,45.12915900171867,42.283565676213264
potato,11,45.14398120390664,42.27386387114477
winter wheat,1,45.14344221473617,42.28033174119043
winter wheat,1,45.142633730980464,42.08926008025821
winter wheat,1,45.144789687662346,42.09276350986627
potato,11,45.149101601026125,42.10327379869047
winter wheat,1,45.14586766600329,42.09599744488911
winter wheat,1,45.12457759376966,42.25068733681449
winter wheat,1,45.1294284963039,42.26604852817293
winter wheat,1,45.138321817616685,42.08413968313873
winter wheat,1,45.149101601026125,42.099231379911934
winter wheat,1,45.142633730980464,42.13669112725972
winter wheat,1,45.13535737717909,42.28114022494614
winter wheat,1,45.149101601026125,42.09384148820722
winter wheat,1,45.14155575263952,42.076593834752124
winter wheat,1,45.13131495840055,42.275750333241426
winter wheat,1,45.13805232303145,42.267126506513875
winter wheat,1,45.115684272456875,42.06716152426887
winter wheat,1,45.13751333386098,42.26982145236624
winter wheat,1,45.12673355045155,42.2552687447635
winter wheat,1,45.136704850105275,42.08171423187161
winter wheat,1,45.11837921830924,42.07228192138835
winter wheat,1,45.1437117093214,42.084948166894435
potato,11,45.1504490739523,42.134535170577834
winter wheat,1,45.15233553604895,42.10893318498043
winter wheat,1,45.124038604599185,42.2657790335877
winter wheat,1,45.120265680405886,42.07497686724071
winter wheat,1,45.1361658609348,42.275750333241426
winter wheat,1,45.14748463351471,42.28248769787232
winter wheat,1,45.128081023377725,42.27979275201996
winter wheat,1,45.13347091508244,42.083061704797785
winter wheat,1,45.1391303013724,42.270899430707175
winter wheat,1,45.146676149758996,42.09977036908241
winter wheat,1,45.12915900171867,42.24987885305878
winter wheat,1,45.14344221473617,42.083061704797785
winter wheat,1,45.12754203420725,42.273055387389064
winter wheat,1,45.13724383927574,42.1275283113617
winter wheat,1,45.132392936741496,42.27898426826425
winter wheat,1,45.13131495840055,42.08333119938302
winter wheat,1,45.13778282844621,42.27628932241189
winter wheat,1,45.13805232303145,42.28302668704279
potato,11,45.144250698491874,42.0884515965025
winter wheat,1,45.14074726888381,42.1275283113617
winter wheat,1,45.14559817141806,42.28033174119043
winter wheat,1,45.142364236395224,42.27467235490048
winter wheat,1,45.13158445298579,42.08602614523538
winter wheat,1,45.1399387851281,42.28814708416227
winter wheat,1,45.13939979595763,42.08144473728637
winter wheat,1,45.12053517499112,42.06150213797892
winter wheat,1,45.13293192591197,42.26550953900246
winter wheat,1,45.1391303013724,42.27170791446289
winter wheat,1,45.136435355520035,42.081175242701136
winter wheat,1,45.14613716058853,42.10542975537236
winter wheat,1,45.132392936741496,42.26550953900246
winter wheat,1,45.15152705229325,42.13965556769732
winter wheat,1,45.14559817141806,42.27143841987765
winter wheat,1,45.126194561281075,42.07632434016689
winter wheat,1,45.15179654687848,42.13561314891878
winter wheat,1,45.1391303013724,42.27898426826425
winter wheat,1,45.138591312201925,42.271168925292415
winter wheat,1,45.12888950713343,42.262814593150104
winter wheat,1,45.12107416416159,42.074707372655475
winter wheat,1,45.13131495840055,42.08360069396826
winter wheat,1,45.14155575263952,42.12348589258316
winter wheat,1,45.14748463351471,42.09653643405958
winter wheat,1,45.125925066695835,42.26631802275817
winter wheat,1,45.14856261185565,42.13318769765166
winter wheat,1,45.142903225565696,42.28060123577567
winter wheat,1,45.13589636634956,42.27628932241189
winter wheat,1,45.12754203420725,42.25499925017826
winter wheat,1,45.13589636634956,42.27790628992331
winter wheat,1,45.15152705229325,42.10489076620189
winter wheat,1,45.12349961542871,42.269012968610525
winter wheat,1,45.150988063122774,42.10354329327571
potato,11,45.13562687176433,42.08818210191727
winter wheat,1,45.131853947571024,42.08629563982061
winter wheat,1,45.11622326162735,42.066353040513164
winter wheat,1,45.12888950713343,42.274941849485714
winter wheat,1,45.1248470883549,42.27386387114477
winter wheat,1,45.14344221473617,42.2703604415367
winter wheat,1,45.12134365874683,42.25446026100779
winter wheat,1,45.14344221473617,42.0779413076783
winter wheat,1,45.144250698491874,42.08602614523538
winter wheat,1,45.13131495840055,42.08791260733203
potato,11,45.142903225565696,42.08872109108774
winter wheat,1,45.12969799088914,42.26793499026958
winter wheat,1,45.144250698491874,42.2770978061676
winter wheat,1,45.12161315333206,42.263353582320576
winter wheat,1,45.119726691235414,42.06904798636552
winter wheat,1,45.12969799088914,42.25634672310444
winter wheat,1,45.15017957936706,42.136421632674484
winter wheat,1,45.12349961542871,42.0636580946608
winter wheat,1,45.13400990425291,42.083061704797785
winter wheat,1,45.130236980059614,42.273055387389064
winter wheat,1,45.14101676346905,42.27467235490048
winter wheat,1,45.13131495840055,42.28248769787232
winter wheat,1,45.15233553604895,42.09464997196293
winter wheat,1,45.14613716058853,42.097614412400524
winter wheat,1,45.136704850105275,42.275750333241426
potato,11,45.13778282844621,42.130762246384535
winter wheat,1,45.146945644344235,42.10084834742335
winter wheat,1,45.132123442156264,42.2800622466052
winter wheat,1,45.142903225565696,42.107585712054245
winter wheat,1,45.14074726888381,42.12806730053217
winter wheat,1,45.13751333386098,42.27601982782666
winter wheat,1,45.12242163708777,42.062310621734625
winter wheat,1,45.136435355520035,42.27871477367902
winter wheat,1,45.14182524722475,42.10030935825288
potato,11,45.14721513892947,42.095458455718635
winter wheat,1,45.125925066695835,42.076593834752124
winter wheat,1,45.13481838800862,42.08413968313873
winter wheat,1,45.1391303013724,42.27009094695147
winter wheat,1,45.14613716058853,42.08171423187161
winter wheat,1,45.12781152879249,42.25446026100779
winter wheat,1,45.11918770206494,42.070664953876935
winter wheat,1,45.1391303013724,42.285991127480386
winter wheat,1,45.14559817141806,42.10354329327571
winter wheat,1,45.14532867683282,42.10839419580996
winter wheat,1,45.120265680405886,42.2552687447635
winter wheat,1,45.1437117093214,42.093302499036746
winter wheat,1,45.1294284963039,42.080905748115896
winter wheat,1,45.14613716058853,42.281679214116615
winter wheat,1,45.146676149758996,42.12968426804359
winter wheat,1,45.14128625805428,42.27359437655954
potato,11,45.1437117093214,42.131301235555
winter wheat,1,45.117840229138764,42.068778491780286
winter wheat,1,45.1437117093214,42.2665875173434
winter wheat,1,45.13320142049721,42.084948166894435
winter wheat,1,45.128081023377725,42.262545098564864
winter wheat,1,45.14964059019659,42.13507415974831
winter wheat,1,45.14559817141806,42.13157073014024
winter wheat,1,45.12673355045155,42.27386387114477
winter wheat,1,45.142633730980464,42.07767181309307
winter wheat,1,45.11676225079782,42.06500556758698
winter wheat,1,45.14964059019659,42.10650773371331
winter wheat,1,45.11918770206494,42.066353040513164
winter wheat,1,45.14532867683282,42.091685531525336
winter wheat,1,45.14020827971334,42.08144473728637
winter wheat,1,45.14721513892947,42.13372668682213
winter wheat,1,45.14964059019659,42.132379213895945
winter wheat,1,45.119726691235414,42.068778491780286
winter wheat,1,45.12888950713343,42.25068733681449
potato,11,45.145059182247586,42.124563870924106
winter wheat,1,45.12053517499112,42.25446026100779
winter wheat,1,45.1294284963039,42.0846786723092
winter wheat,1,45.142364236395224,42.09384148820722
winter wheat,1,45.12161315333206,42.265240044417226
winter wheat,1,45.14613716058853,42.09680592864481
winter wheat,1,45.143172720150936,42.10219582034953
winter wheat,1,45.150988063122774,42.101926325764296
winter wheat,1,45.14128625805428,42.277367300752836
winter wheat,1,45.13293192591197,42.26011964729774
winter wheat,1,45.15017957936706,42.105968744542835
winter wheat,1,45.14991008478183,42.097344917815285
winter wheat,1,45.124038604599185,42.2665875173434
winter wheat,1,45.129967485474374,42.27601982782666
winter wheat,1,45.13050647464485,42.08225322104208
winter wheat,1,45.142364236395224,42.09114654235486
winter wheat,1,45.1256555721106,42.252304304325904
winter wheat,1,45.14101676346905,42.128336795117406
winter wheat,1,45.1361658609348,42.27413336573001
winter wheat,1,45.12969799088914,42.2808707303609
winter wheat,1,45.148832106440885,42.132648708481184
winter wheat,1,45.14640665517376,42.09438047737769
winter wheat,1,45.15233553604895,42.10704672288378
winter wheat,1,45.12888950713343,42.24960935847354
winter wheat,1,45.13805232303145,42.27386387114477
winter wheat,1,45.12673355045155,42.26173661480916
winter wheat,1,45.1399387851281,42.287877589577036
winter wheat,1,45.132392936741496,42.275480838656186
winter wheat,1,45.14613716058853,42.101926325764296
potato,11,45.149101601026125,42.13399618140736
winter wheat,1,45.124308099184425,42.25931116354204
winter wheat,1,45.142633730980464,42.10893318498043
potato,11,45.142633730980464,42.13184022472547
winter wheat,1,45.12700304503678,42.26389257149104
winter wheat,1,45.14155575263952,42.13669112725972
winter wheat,1,45.12134365874683,42.0703954592917
winter wheat,1,45.15152705229325,42.10030935825288
winter wheat,1,45.119996185820646,42.0628496109051
winter wheat,1,45.11837921830924,42.06770051343934
winter wheat,1,45.130236980059614,42.080366758945424
winter wheat,1,45.1391303013724,42.08144473728637
winter wheat,1,45.12457759376966,42.25742470144539
winter wheat,1,45.13751333386098,42.08602614523538
winter wheat,1,45.138321817616685,42.08791260733203
winter wheat,1,45.12754203420725,42.26470105524675
winter wheat,1,45.12053517499112,42.25958065812727
winter wheat,1,45.1286200125482,42.27413336573001
winter wheat,1,45.1437117093214,42.07955827518972
winter wheat,1,45.1286200125482,42.086834628991085
winter wheat,1,45.12781152879249,42.08333119938302
winter wheat,1,45.138591312201925,42.28114022494614
winter wheat,1,45.13293192591197,42.279253762849486
winter wheat,1,45.14128625805428,42.27440286031524
winter wheat,1,45.124308099184425,42.2560772285192
winter wheat,1,45.14775412809994,42.09060755318439
winter wheat,1,45.146945644344235,42.269282463195765
winter wheat,1,45.146945644344235,42.13723011643019
winter wheat,1,45.14640665517376,42.2800622466052
winter wheat,1,45.144250698491874,42.28302668704279
potato,11,45.14856261185565,42.08413968313873
winter wheat,1,45.120265680405886,42.066622535098396
winter wheat,1,45.1256555721106,42.25392127183732
winter wheat,1,45.144250698491874,42.26766549568435
winter wheat,1,45.138591312201925,42.28572163289515
winter wheat,1,45.13508788259386,42.27601982782666
winter wheat,1,45.14640665517376,42.09869239074146
winter wheat,1,45.144789687662346,42.281409719531375
winter wheat,1,45.142633730980464,42.099231379911934
winter wheat,1,45.13158445298579,42.27062993612194
winter wheat,1,45.13589636634956,42.283565676213264
winter wheat,1,45.13886080678716,42.08548715606491
winter wheat,1,45.125925066695835,42.27682831158236
winter wheat,1,45.138591312201925,42.28194870870185
winter wheat,1,45.1437117093214,42.12564184926505
winter wheat,1,45.119457196650174,42.064197083831274
winter wheat,1,45.13535737717909,42.08413968313873
winter wheat,1,45.13939979595763,42.08629563982061
winter wheat,1,45.138591312201925,42.27062993612194
winter wheat,1,45.14586766600329,42.09114654235486
winter wheat,1,45.14613716058853,42.126719827605996
winter wheat,1,45.12700304503678,42.250417842229254
winter wheat,1,45.130775969230086,42.08440917772396
winter wheat,1,45.144250698491874,42.13561314891878
winter wheat,1,45.12134365874683,42.066622535098396
winter wheat,1,45.146945644344235,42.10920267956566
winter wheat,1,45.119996185820646,42.25553823934873
winter wheat,1,45.144789687662346,42.107585712054245
winter wheat,1,45.1294284963039,42.269012968610525
potato,11,45.13131495840055,42.283296181628025
winter wheat,1,45.14155575263952,42.089529574843446
winter wheat,1,45.12700304503678,42.25553823934873
winter wheat,1,45.145059182247586,42.13723011643019
winter wheat,1,45.14748463351471,42.2808707303609
winter wheat,1,45.142364236395224,42.09815340157099
winter wheat,1,45.14155575263952,42.2733248819743
winter wheat,1,45.142633730980464,42.27467235490048
winter wheat,1,45.134279398838146,42.277367300752836
winter wheat,1,45.14640665517376,42.10435177703142
winter wheat,1,45.12242163708777,42.25311278808161
winter wheat,1,45.12511658294013,42.27224690363336
winter wheat,1,45.1218826479173,42.06392758924604
winter wheat,1,45.1437117093214,42.079019286019246
winter wheat,1,45.14182524722475,42.285182643724674
winter wheat,1,45.128081023377725,42.27467235490048
winter wheat,1,45.1218826479173,42.265240044417226
winter wheat,1,45.13697434469051,42.08818210191727
winter wheat,1,45.142903225565696,42.08737361816156
winter wheat,1,45.14101676346905,42.27413336573001
winter wheat,1,45.144789687662346,42.10057885283812
winter wheat,1,45.149101601026125,42.09276350986627
winter wheat,1,45.11891820747971,42.254729755593026
winter wheat,1,45.146676149758996,42.09626693947434
winter wheat,1,45.13886080678716,42.12806730053217
potato,11,45.13939979595763,42.13534365433354
winter wheat,1,45.140477774298574,42.27009094695147
winter wheat,1,45.124038604599185,42.07551585641118
winter wheat,1,45.13293192591197,42.26119762563869
winter wheat,1,45.12269113167301,42.25392127183732
winter wheat,1,45.144789687662346,42.28437415996897
winter wheat,1,45.12134365874683,42.05961567588226
winter wheat,1,45.14074726888381,42.09033805859915
winter wheat,1,45.13374040966768,42.08279221021255
winter wheat,1,45.144250698491874,42.10893318498043
winter wheat,1,45.13535737717909,42.27871477367902
winter wheat,1,45.130775969230086,42.27467235490048
winter wheat,1,45.15152705229325,42.10650773371331
winter wheat,1,45.14182524722475,42.26766549568435
winter wheat,1,45.142633730980464,42.27979275201996
winter wheat,1,45.14209474180999,42.09384148820722
winter wheat,1,45.14101676346905,42.08440917772396
winter wheat,1,45.118109723724,42.25580773393397
winter wheat,1,45.12835051796296,42.24799239096213
winter wheat,1,45.144789687662346,42.13561314891878
winter wheat,1,45.13966929054287,42.08602614523538
winter wheat,1,45.14613716058853,42.126450333020756
winter wheat,1,45.14964059019659,42.10677722829854
winter wheat,1,45.1256555721106,42.27062993612194
winter wheat,1,45.144789687662346,42.105699249957595
winter wheat,1,45.15179654687848,42.13749961101543
winter wheat,1,45.13562687176433,42.083061704797785
winter wheat,1,45.13104546381532,42.28275719245755
potato,11,45.143172720150936,42.13534365433354
winter wheat,1,45.13104546381532,42.26416206607628
winter wheat,1,45.131853947571024,42.28275719245755
winter wheat,1,45.14155575263952,42.1237553871684
winter wheat,1,45.145059182247586,42.0876431127468
winter wheat,1,45.15233553604895,42.09869239074146
winter wheat,1,45.12888950713343,42.26389257149104
winter wheat,1,45.144789687662346,42.10893318498043
winter wheat,1,45.145059182247586,42.105699249957595
winter wheat,1,45.144250698491874,42.0922245206958
winter wheat,1,45.12242163708777,42.058537697541325
winter wheat,1,45.14209474180999,42.08333119938302
winter wheat,1,45.14532867683282,42.08656513440585
winter wheat,1,45.14128625805428,42.087104123576324
winter wheat,1,45.140477774298574,42.271168925292415
winter wheat,1,45.144250698491874,42.27871477367902
winter wheat,1,45.12888950713343,42.26362307690581
winter wheat,1,45.125925066695835,42.26982145236624
winter wheat,1,45.119457196650174,42.062310621734625
winter wheat,1,45.1248470883549,42.07632434016689
winter wheat,1,45.130775969230086,42.26766549568435
winter wheat,1,45.140477774298574,42.279523257434725
winter wheat,1,45.14074726888381,42.0846786723092
winter wheat,1,45.14182524722475,42.093571993621985
winter wheat,1,45.14452019307711,42.084948166894435
potato,11,45.14937109561136,42.08872109108774
winter wheat,1,45.12269113167301,42.264970549831986
winter wheat,1,45.14101676346905,42.267126506513875
winter wheat,1,45.132662431326736,42.26389257149104
winter wheat,1,45.12511658294013,42.25985015271251
winter wheat,1,45.12296062625824,42.26874347402529
winter wheat,1,45.12700304503678,42.26119762563869
winter wheat,1,45.14991008478183,42.13507415974831
winter wheat,1,45.12269113167301,42.263084087735336
winter wheat,1,45.146945644344235,42.08279221021255
winter wheat,1,45.1294284963039,42.27601982782666
winter wheat,1,45.138321817616685,42.27197740904812
winter wheat,1,45.13400990425291,42.269012968610525
winter wheat,1,45.144250698491874,42.263084087735336
winter wheat,1,45.12511658294013,42.250148347644014
winter wheat,1,45.12376911001395,42.252304304325904
winter wheat,1,45.13347091508244,42.080905748115896
winter wheat,1,45.144250698491874,42.27062993612194
winter wheat,1,45.12134365874683,42.25715520686015
winter wheat,1,45.12673355045155,42.25958065812727
winter wheat,1,45.115953767042114,42.07093444846217
winter wheat,1,45.12107416416159,42.0703954592917
winter wheat,1,45.124308099184425,42.27278589280383
winter wheat,1,45.131853947571024,42.27009094695147
winter wheat,1,45.1391303013724,42.132379213895945
winter wheat,1,45.14128625805428,42.28679961123609
winter wheat,1,45.144250698491874,42.124294376338874
winter wheat,1,45.144250698491874,42.27197740904812
winter wheat,1,45.14613716058853,42.10219582034953
winter wheat,1,45.146676149758996,42.09006856401392
winter wheat,1,45.14452019307711,42.125911343850284
potato,11,45.13886080678716,42.132379213895945
winter wheat,1,45.144789687662346,42.107855206639485
winter wheat,1,45.14559817141806,42.13857758935637
winter wheat,1,45.15152705229325,42.09411098279246
winter wheat,1,45.134548893423386,42.083061704797785
winter wheat,1,45.148832106440885,42.09869239074146
potato,11,45.13886080678716,42.277636795338076
winter wheat,1,45.14101676346905,42.124563870924106
winter wheat,1,45.150718568537535,42.099231379911934
winter wheat,1,45.12835051796296,42.08144473728637
winter wheat,1,45.14721513892947,42.27790628992331
winter wheat,1,45.14640665517376,42.09788390698576
winter wheat,1,45.13805232303145,42.26766549568435
winter wheat,1,45.15179654687848,42.13776910560066
winter wheat,1,45.129967485474374,42.08440917772396
winter wheat,1,45.122152142502536,42.074437878070235
winter wheat,1,45.13131495840055,42.27170791446289
winter wheat,1,45.14209474180999,42.27979275201996
winter wheat,1,45.144250698491874,42.09006856401392
winter wheat,1,45.14964059019659,42.10408228244618
winter wheat,1,45.129967485474374,42.27170791446289
winter wheat,1,45.131853947571024,42.263084087735336
winter wheat,1,45.13724383927574,42.28437415996897
winter wheat,1,45.138321817616685,42.28653011665086
winter wheat,1,45.14748463351471,42.091685531525336
winter wheat,1,45.122152142502536,42.07551585641118
winter wheat,1,45.12269113167301,42.25176531515543
winter wheat,1,45.13562687176433,42.275211344070954
winter wheat,1,45.122152142502536,42.26416206607628
winter wheat,1,45.15179654687848,42.09815340157099
winter wheat,1,45.130236980059614,42.275480838656186
winter wheat,1,45.12754203420725,42.252573798911136
winter wheat,1,45.14748463351471,42.27871477367902
winter wheat,1,45.14748463351471,42.12995376262882
winter wheat,1,45.13293192591197,42.274941849485714
winter wheat,1,45.1143367995307,42.06743101885411
potato,11,45.124038604599185,42.060154665052735
winter wheat,1,45.119726691235414,42.06743101885411
winter wheat,1,45.13481838800862,42.27871477367902
winter wheat,1,45.12915900171867,42.28060123577567
winter wheat,1,45.14452019307711,42.12537235467981
winter wheat,1,45.12376911001395,42.260658636468214
winter wheat,1,45.130775969230086,42.25392127183732
winter wheat,1,45.136435355520035,42.2733248819743
winter wheat,1,45.12915900171867,42.281679214116615
winter wheat,1,45.146945644344235,42.12968426804359
winter wheat,1,45.146945644344235,42.2770978061676
winter wheat,1,45.14829311727041,42.09626693947434
winter wheat,1,45.12053517499112,42.06473607300175
winter wheat,1,45.13050647464485,42.08440917772396
winter wheat,1,45.12915900171867,42.27062993612194
winter wheat,1,45.12673355045155,42.26011964729774
winter wheat,1,45.1399387851281,42.27898426826425
winter wheat,1,45.142633730980464,42.076863329337364
winter wheat,1,45.146945644344235,42.08440917772396
winter wheat,1,45.14856261185565,42.10920267956566
winter wheat,1,45.152605030634184,42.09977036908241
winter wheat,1,45.14452019307711,42.263084087735336
winter wheat,1,45.14532867683282,42.12779780594694
winter wheat,1,45.126194561281075,42.250417842229254
winter wheat,1,45.13535737717909,42.08252271562731
winter wheat,1,45.14128625805428,42.08333119938302
winter wheat,1,45.12376911001395,42.25122632598496
winter wheat,1,45.13886080678716,42.2876080949918
winter wheat,1,45.14344221473617,42.26982145236624
winter wheat,1,45.144789687662346,42.12779780594694
winter wheat,1,45.142364236395224,42.27359437655954
winter wheat,1,45.13886080678716,42.08440917772396
winter wheat,1,45.13778282844621,42.27682831158236
winter wheat,1,45.12538607752536,42.256885712274915
winter wheat,1,45.119996185820646,42.2590416689568
winter wheat,1,45.14209474180999,42.097344917815285
winter wheat,1,45.1437117093214,42.285182643724674
winter wheat,1,45.14829311727041,42.28060123577567
winter wheat,1,45.12835051796296,42.08818210191727
winter wheat,1,45.12835051796296,42.25365177725208
winter wheat,1,45.136704850105275,42.269282463195765
potato,11,45.1534135143899,42.10623823912807
winter wheat,1,45.13481838800862,42.266857011928636
winter wheat,1,45.14640665517376,42.12806730053217
winter wheat,1,45.14856261185565,42.101656831179056
winter wheat,1,45.144250698491874,42.28248769787232
winter wheat,1,45.144789687662346,42.10650773371331
winter wheat,1,45.14532867683282,42.08360069396826
winter wheat,1,45.13374040966768,42.08144473728637
winter wheat,1,45.115684272456875,42.07012596470646
winter wheat,1,45.12673355045155,42.250148347644014
winter wheat,1,45.13104546381532,42.26604852817293
winter wheat,1,45.14020827971334,42.080905748115896
winter wheat,1,45.13535737717909,42.26847397944005
winter wheat,1,45.115684272456875,42.0628496109051
winter wheat,1,45.13697434469051,42.27224690363336
winter wheat,1,45.140477774298574,42.09276350986627
winter wheat,1,45.1437117093214,42.26820448485482
winter wheat,1,45.14586766600329,42.10677722829854
winter wheat,1,45.14020827971334,42.09006856401392
winter wheat,1,45.126194561281075,42.2590416689568
winter wheat,1,45.14182524722475,42.1094721741509
winter wheat,1,45.143172720150936,42.12806730053217
winter wheat,1,45.14155575263952,42.08440917772396
winter wheat,1,45.14802362268518,42.10300430410524
winter wheat,1,45.12296062625824,42.06392758924604
winter wheat,1,45.146676149758996,42.139116578526846
winter wheat,1,45.14721513892947,42.277367300752836
winter wheat,1,45.120265680405886,42.25580773393397
winter wheat,1,45.12969799088914,42.2657790335877
winter wheat,1,45.14640665517376,42.27143841987765
winter wheat,1,45.136435355520035,42.28491314913944
winter wheat,1,45.11918770206494,42.074437878070235
winter wheat,1,45.1399387851281,42.086834628991085
winter wheat,1,45.1218826479173,42.05934618129703
winter wheat,1,45.1361658609348,42.2733248819743
winter wheat,1,45.130775969230086,42.275480838656186
winter wheat,1,45.14155575263952,42.08629563982061
winter wheat,1,45.14398120390664,42.264431560661514
winter wheat,1,45.14775412809994,42.10435177703142
winter wheat,1,45.12673355045155,42.26146712022392
potato,11,45.14182524722475,42.095458455718635
winter wheat,1,45.12700304503678,42.27655881699713
potato,11,45.1437117093214,42.09572795030387
potato,11,45.142903225565696,42.13399618140736
winter wheat,1,45.12242163708777,42.25958065812727
winter wheat,1,45.12754203420725,42.08413968313873
winter wheat,1,45.14101676346905,42.12348589258316
winter wheat,1,45.142364236395224,42.0876431127468
winter wheat,1,45.118109723724,42.068508997195046
winter wheat,1,45.13508788259386,42.28410466538374
winter wheat,1,45.12134365874683,42.26470105524675
winter wheat,1,45.11837921830924,42.064197083831274
winter wheat,1,45.130775969230086,42.26173661480916
winter wheat,1,45.132392936741496,42.08198372645684
winter wheat,1,45.142903225565696,42.10084834742335
winter wheat,1,45.14452019307711,42.09869239074146
winter wheat,1,45.12781152879249,42.080905748115896
winter wheat,1,45.14991008478183,42.09977036908241
winter wheat,1,45.13535737717909,42.28248769787232
winter wheat,1,45.14775412809994,42.10003986366765
winter wheat,1,45.12538607752536,42.26550953900246
winter wheat,1,45.12376911001395,42.2560772285192
winter wheat,1,45.1256555721106,42.26362307690581
winter wheat,1,45.14802362268518,42.09195502611057
winter wheat,1,45.15125755770801,42.10300430410524
winter wheat,1,45.14721513892947,42.27359437655954
winter wheat,1,45.12673355045155,42.256885712274915
winter wheat,1,45.1437117093214,42.2657790335877
winter wheat,1,45.13724383927574,42.27682831158236
winter wheat,1,45.15152705229325,42.09707542323005
winter wheat,1,45.13724383927574,42.273055387389064
winter wheat,1,45.143172720150936,42.27359437655954
winter wheat,1,45.132392936741496,42.26362307690581
winter wheat,1,45.142633730980464,42.124833365509346
winter wheat,1,45.12915900171867,42.260658636468214
winter wheat,1,45.130236980059614,42.26766549568435
winter wheat,1,45.13320142049721,42.27898426826425
winter wheat,1,45.1399387851281,42.274941849485714
winter wheat,1,45.134548893423386,42.283296181628025
potato,11,45.12700304503678,42.24772289637689
winter wheat,1,45.14155575263952,42.125911343850284
winter wheat,1,45.142364236395224,42.080905748115896
winter wheat,1,45.14074726888381,42.27143841987765
winter wheat,1,45.14964059019659,42.088990585672974
potato,11,45.132123442156264,42.25796369061585
potato,11,45.13778282844621,42.13022325721406
winter wheat,1,45.13293192591197,42.26604852817293
winter wheat,1,45.1391303013724,42.12887578428788
winter wheat,1,45.149101601026125,42.09303300445151
winter wheat,1,45.140477774298574,42.07982776977496
potato,11,45.13886080678716,42.13507415974831
winter wheat,1,45.14856261185565,42.27467235490048
winter wheat,1,45.13347091508244,42.27278589280383
winter wheat,1,45.15206604146372,42.13561314891878
winter wheat,1,45.144789687662346,42.269282463195765
winter wheat,1,45.1218826479173,42.06716152426887
winter wheat,1,45.11864871289447,42.25499925017826
winter wheat,1,45.14640665517376,42.090877047769624
winter wheat,1,45.11891820747971,42.06473607300175
winter wheat,1,45.144789687662346,42.1094721741509
winter wheat,1,45.13374040966768,42.263084087735336
winter wheat,1,45.12376911001395,42.25392127183732
winter wheat,1,45.13158445298579,42.26470105524675
winter wheat,1,45.14532867683282,42.10489076620189
winter wheat,1,45.14829311727041,42.10893318498043
winter wheat,1,45.132123442156264,42.270899430707175
winter wheat,1,45.142903225565696,42.101656831179056
winter wheat,1,45.14020827971334,42.269282463195765
winter wheat,1,45.152874525219424,42.105699249957595
winter wheat,1,45.134548893423386,42.2703604415367
winter wheat,1,45.12269113167301,42.2657790335877
winter wheat,1,45.138321817616685,42.27898426826425
winter wheat,1,45.150718568537535,42.091685531525336
winter wheat,1,45.11864871289447,42.064197083831274
winter wheat,1,45.13050647464485,42.25446026100779
winter wheat,1,45.13131495840055,42.26119762563869
winter wheat,1,45.1437117093214,42.10327379869047
winter wheat,1,45.124038604599185,42.25338228266685
winter wheat,1,45.144250698491874,42.13723011643019
winter wheat,1,45.132662431326736,42.2770978061676
winter wheat,1,45.12538607752536,42.267126506513875
winter wheat,1,45.14155575263952,42.07982776977496
winter wheat,1,45.13347091508244,42.26820448485482
winter wheat,1,45.13158445298579,42.080905748115896
winter wheat,1,45.14613716058853,42.09626693947434
winter wheat,1,45.132662431326736,42.08252271562731
winter wheat,1,45.14640665517376,42.10893318498043
potato,11,45.13939979595763,42.080366758945424
winter wheat,1,45.140477774298574,42.083061704797785
winter wheat,1,45.14532867683282,42.10408228244618
winter wheat,1,45.14074726888381,42.085217661479675
winter wheat,1,45.12457759376966,42.0628496109051
winter wheat,1,45.14398120390664,42.279253762849486
winter wheat,1,45.146945644344235,42.10839419580996
winter wheat,1,45.128081023377725,42.248531380132604
winter wheat,1,45.12700304503678,42.25365177725208
winter wheat,1,45.134279398838146,42.27413336573001
winter wheat,1,45.138321817616685,42.27224690363336
winter wheat,1,45.143172720150936,42.12564184926505
winter wheat,1,45.145059182247586,42.27817578450855
winter wheat,1,45.14775412809994,42.28221820328708
winter wheat,1,45.12888950713343,42.28302668704279
winter wheat,1,45.14128625805428,42.09006856401392
winter wheat,1,45.1399387851281,42.2838351707985
winter wheat,1,45.149101601026125,42.27655881699713
winter wheat,1,45.12349961542871,42.25365177725208
winter wheat,1,45.148832106440885,42.10219582034953
winter wheat,1,45.15179654687848,42.10057885283812
winter wheat,1,45.1256555721106,42.260658636468214
winter wheat,1,45.13562687176433,42.27170791446289
winter wheat,1,45.12457759376966,42.250417842229254
winter wheat,1,45.132123442156264,42.08198372645684
winter wheat,1,45.15206604146372,42.13480466516307
winter wheat,1,45.142364236395224,42.10542975537236
winter wheat,1,45.14020827971334,42.2703604415367
winter wheat,1,45.1294284963039,42.270899430707175
winter wheat,1,45.145059182247586,42.093571993621985
winter wheat,1,45.118109723724,42.06823950260981
winter wheat,1,45.134279398838146,42.08737361816156
winter wheat,1,45.12107416416159,42.25985015271251
winter wheat,1,45.13400990425291,42.26847397944005
winter wheat,1,45.14074726888381,42.27844527909378
winter wheat,1,45.13886080678716,42.269012968610525
winter wheat,1,45.13374040966768,42.27413336573001
potato,11,45.14937109561136,42.10354329327571
winter wheat,1,45.149101601026125,42.27871477367902
winter wheat,1,45.128081023377725,42.25634672310444
winter wheat,1,45.124038604599185,42.06123264339368
winter wheat,1,45.13939979595763,42.27009094695147
winter wheat,1,45.14559817141806,42.126719827605996
winter wheat,1,45.11864871289447,42.066892029683636
winter wheat,1,45.14991008478183,42.099500874497174
winter wheat,1,45.145059182247586,42.10435177703142
winter wheat,1,45.130236980059614,42.2552687447635
potato,11,45.13966929054287,42.079288780604486
winter wheat,1,45.138321817616685,42.28464365455421
winter wheat,1,45.11918770206494,42.2560772285192
winter wheat,1,45.14209474180999,42.283565676213264
winter wheat,1,45.12053517499112,42.068508997195046
winter wheat,1,45.1361658609348,42.08818210191727
winter wheat,1,45.12161315333206,42.25823318520109
winter wheat,1,45.12754203420725,42.269282463195765
winter wheat,1,45.1294284963039,42.25742470144539
winter wheat,1,45.1399387851281,42.13776910560066
winter wheat,1,45.14074726888381,42.271168925292415
winter wheat,1,45.15017957936706,42.097344917815285
winter wheat,1,45.12107416416159,42.064466578416514
winter wheat,1,45.14586766600329,42.09060755318439
winter wheat,1,45.13131495840055,42.263353582320576
winter wheat,1,45.131853947571024,42.27251639821859
winter wheat,1,45.13939979595763,42.13399618140736
winter wheat,1,45.14020827971334,42.078480296848774
winter wheat,1,45.13589636634956,42.2808707303609
winter wheat,1,45.14344221473617,42.099231379911934
winter wheat,1,45.14640665517376,42.10920267956566
winter wheat,1,45.12888950713343,42.28194870870185
winter wheat,1,45.13966929054287,42.28572163289515
winter wheat,1,45.117570734553524,42.068508997195046
winter wheat,1,45.143172720150936,42.27844527909378
winter wheat,1,45.12538607752536,42.27251639821859
winter wheat,1,45.13535737717909,42.28410466538374
winter wheat,1,45.136704850105275,42.28221820328708
winter wheat,1,45.15017957936706,42.08926008025821
winter wheat,1,45.115684272456875,42.06770051343934
winter wheat,1,45.1218826479173,42.26173661480916
winter wheat,1,45.12969799088914,42.275480838656186
winter wheat,1,45.12969799088914,42.265240044417226
winter wheat,1,45.14155575263952,42.13749961101543
winter wheat,1,45.144789687662346,42.10812470122472
winter wheat,1,45.132392936741496,42.26874347402529
winter wheat,1,45.13751333386098,42.28491314913944
winter wheat,1,45.12161315333206,42.074437878070235
winter wheat,1,45.12134365874683,42.064466578416514
potato,11,45.142364236395224,42.13480466516307
winter wheat,1,45.14829311727041,42.10273480952
winter wheat,1,45.13966929054287,42.2876080949918
potato,11,45.14155575263952,42.13507415974831
winter wheat,1,45.14452019307711,42.262545098564864
winter wheat,1,45.14532867683282,42.10354329327571
winter wheat,1,45.13724383927574,42.08575665065015
winter wheat,1,45.145059182247586,42.10246531493477
winter wheat,1,45.14182524722475,42.08225322104208
potato,11,45.14452019307711,42.124024881753634
winter wheat,1,45.14802362268518,42.09060755318439
winter wheat,1,45.119726691235414,42.25823318520109
winter wheat,1,45.140477774298574,42.2808707303609
winter wheat,1,45.146676149758996,42.27844527909378
winter wheat,1,45.12673355045155,42.26604852817293
winter wheat,1,45.13320142049721,42.08279221021255
winter wheat,1,45.12888950713343,42.25931116354204
winter wheat,1,45.12161315333206,42.07578535099642
winter wheat,1,45.11703174538305,42.066353040513164
winter wheat,1,45.14964059019659,42.10462127161665
winter wheat,1,45.15125755770801,42.10650773371331
winter wheat,1,45.13939979595763,42.13749961101543
winter wheat,1,45.13050647464485,42.281409719531375
winter wheat,1,45.14640665517376,42.27871477367902
winter wheat,1,45.11918770206494,42.072820910558825
potato,11,45.142633730980464,42.095458455718635
winter wheat,1,45.138321817616685,42.27278589280383
winter wheat,1,45.142633730980464,42.10435177703142
winter wheat,1,45.144789687662346,42.10839419580996
winter wheat,1,45.14721513892947,42.13157073014024
winter wheat,1,45.14964059019659,42.27790628992331
winter wheat,1,45.13805232303145,42.2733248819743
winter wheat,1,45.15206604146372,42.10003986366765
winter wheat,1,45.1504490739523,42.10839419580996
winter wheat,1,45.142903225565696,42.09626693947434
winter wheat,1,45.14344221473617,42.2800622466052
winter wheat,1,45.136704850105275,42.27062993612194
winter wheat,1,45.14775412809994,42.08440917772396
winter wheat,1,45.15017957936706,42.10246531493477
winter wheat,1,45.122152142502536,42.07389888889977
winter wheat,1,45.14398120390664,42.10623823912807
winter wheat,1,45.14452019307711,42.09599744488911
potato,11,45.14344221473617,42.13345719223689
winter wheat,1,45.14155575263952,42.126719827605996
winter wheat,1,45.146945644344235,42.136960621844956
winter wheat,1,45.14640665517376,42.09842289615623
winter wheat,1,45.142633730980464,42.277367300752836
winter wheat,1,45.1437117093214,42.1094721741509
winter wheat,1,45.14559817141806,42.28221820328708
winter wheat,1,45.12835051796296,42.084948166894435
winter wheat,1,45.115953767042114,42.066353040513164
winter wheat,1,45.1399387851281,42.08225322104208
winter wheat,1,45.14155575263952,42.09653643405958
winter wheat,1,45.14452019307711,42.0876431127468
potato,11,45.1151452832864,42.06311910549033
winter wheat,1,45.13400990425291,42.28114022494614
winter wheat,1,45.12915900171867,42.080366758945424
winter wheat,1,45.12835051796296,42.27682831158236
winter wheat,1,45.14101676346905,42.26766549568435
winter wheat,1,45.12835051796296,42.28221820328708
winter wheat,1,45.12781152879249,42.250148347644014
winter wheat,1,45.13724383927574,42.27467235490048
winter wheat,1,45.12888950713343,42.28221820328708
winter wheat,1,45.131853947571024,42.27682831158236
winter wheat,1,45.11622326162735,42.06581405134269
winter wheat,1,45.14640665517376,42.275480838656186
winter wheat,1,45.136435355520035,42.08602614523538
winter wheat,1,45.11622326162735,42.06770051343934
winter wheat,1,45.130236980059614,42.254729755593026
winter wheat,1,45.136704850105275,42.12806730053217
winter wheat,1,45.14559817141806,42.26820448485482
potato,11,45.13400990425291,42.281679214116615
winter wheat,1,45.14209474180999,42.28572163289515
winter wheat,1,45.14640665517376,42.08602614523538
winter wheat,1,45.130775969230086,42.25958065812727
winter wheat,1,45.12888950713343,42.24987885305878
winter wheat,1,45.132662431326736,42.281679214116615
winter wheat,1,45.119996185820646,42.066892029683636
winter wheat,1,45.142903225565696,42.091685531525336
winter wheat,1,45.12700304503678,42.263084087735336
winter wheat,1,45.150988063122774,42.10920267956566
winter wheat,1,45.11837921830924,42.07389888889977
winter wheat,1,45.1294284963039,42.25499925017826
winter wheat,1,45.1534135143899,42.10462127161665
winter wheat,1,45.13293192591197,42.08413968313873
winter wheat,1,45.12161315333206,42.0628496109051
winter wheat,1,45.12511658294013,42.264970549831986
winter wheat,1,45.14398120390664,42.08818210191727
winter wheat,1,45.134548893423386,42.2733248819743
winter wheat,1,45.128081023377725,42.275750333241426
winter wheat,1,45.13104546381532,42.263084087735336
winter wheat,1,45.1361658609348,42.08387018855349
winter wheat,1,45.13347091508244,42.08063625353066
winter wheat,1,45.12323012084348,42.074168383485
potato,11,45.130236980059614,42.28410466538374
winter wheat,1,45.14613716058853,42.2733248819743
winter wheat,1,45.14856261185565,42.10273480952
winter wheat,1,45.14452019307711,42.28033174119043
winter wheat,1,45.13697434469051,42.08225322104208
winter wheat,1,45.138321817616685,42.281409719531375
winter wheat,1,45.124308099184425,42.26982145236624
potato,11,45.14586766600329,42.27251639821859
winter wheat,1,45.14020827971334,42.13022325721406
winter wheat,1,45.14020827971334,42.26766549568435
winter wheat,1,45.12107416416159,42.07174293221788
winter wheat,1,45.136704850105275,42.08791260733203
winter wheat,1,45.124308099184425,42.06069365422321
winter wheat,1,45.12673355045155,42.27682831158236
winter wheat,1,45.136704850105275,42.087104123576324
winter wheat,1,45.125925066695835,42.250956831399726
winter wheat,1,45.140477774298574,42.091685531525336
winter wheat,1,45.14802362268518,42.10623823912807
winter wheat,1,45.12969799088914,42.25823318520109
potato,11,45.14937109561136,42.136421632674484
winter wheat,1,45.1286200125482,42.08198372645684
winter wheat,1,45.1294284963039,42.25958065812727
winter wheat,1,45.13050647464485,42.275211344070954
winter wheat,1,45.15017957936706,42.2808707303609
winter wheat,1,45.13347091508244,42.26173661480916
winter wheat,1,45.132392936741496,42.26146712022392
winter wheat,1,45.14775412809994,42.13210971931071
winter wheat,1,45.13158445298579,42.08279221021255
winter wheat,1,45.14101676346905,42.2808707303609
winter wheat,1,45.124308099184425,42.25068733681449
winter wheat,1,45.12781152879249,42.26874347402529
winter wheat,1,45.12835051796296,42.27062993612194
winter wheat,1,45.1294284963039,42.274941849485714
winter wheat,1,45.13104546381532,42.2560772285192
winter wheat,1,45.13939979595763,42.08413968313873
winter wheat,1,45.13724383927574,42.13318769765166
potato,11,45.142903225565696,42.13615213808925
winter wheat,1,45.13400990425291,42.263353582320576
winter wheat,1,45.132662431326736,42.27440286031524
winter wheat,1,45.146945644344235,42.13157073014024
winter wheat,1,45.14613716058853,42.10489076620189
potato,11,45.14991008478183,42.13749961101543
winter wheat,1,45.12107416416159,42.25392127183732
winter wheat,1,45.1399387851281,42.27062993612194
winter wheat,1,45.142364236395224,42.099500874497174
winter wheat,1,45.132123442156264,42.263084087735336
winter wheat,1,45.144789687662346,42.08144473728637
winter wheat,1,45.12511658294013,42.076863329337364
winter wheat,1,45.12915900171867,42.264431560661514
winter wheat,1,45.12080466957636,42.25742470144539
winter wheat,1,45.130236980059614,42.283565676213264
winter wheat,1,45.131853947571024,42.085217661479675
winter wheat,1,45.13158445298579,42.27898426826425
winter wheat,1,45.12457759376966,42.24987885305878
winter wheat,1,45.1399387851281,42.27979275201996
winter wheat,1,45.12646405586631,42.25580773393397
winter wheat,1,45.14128625805428,42.08872109108774
winter wheat,1,45.120265680405886,42.068508997195046
winter wheat,1,45.12835051796296,42.256885712274915
winter wheat,1,45.12888950713343,42.2552687447635
winter wheat,1,45.14155575263952,42.13345719223689
winter wheat,1,45.11622326162735,42.06823950260981
winter wheat,1,45.1218826479173,42.064466578416514
winter wheat,1,45.132123442156264,42.279523257434725
winter wheat,1,45.128081023377725,42.2657790335877
winter wheat,1,45.12296062625824,42.07551585641118
potato,11,45.1391303013724,42.13480466516307
winter wheat,1,45.1437117093214,42.101656831179056
winter wheat,1,45.1218826479173,42.25931116354204
winter wheat,1,45.143172720150936,42.09680592864481
winter wheat,1,45.1437117093214,42.277367300752836
winter wheat,1,45.126194561281075,42.277636795338076
winter wheat,1,45.12754203420725,42.2770978061676
winter wheat,1,45.128081023377725,42.08063625353066
winter wheat,1,45.13050647464485,42.263084087735336
winter wheat,1,45.14640665517376,42.10489076620189
winter wheat,1,45.14209474180999,42.12564184926505
winter wheat,1,45.138591312201925,42.08737361816156
winter wheat,1,45.14452019307711,42.09680592864481
winter wheat,1,45.14101676346905,42.13776910560066
winter wheat,1,45.12323012084348,42.06150213797892
winter wheat,1,45.14721513892947,42.10542975537236
winter wheat,1,45.12053517499112,42.25311278808161
winter wheat,1,45.138321817616685,42.285452138309914
winter wheat,1,45.11622326162735,42.067970008024574
winter wheat,1,45.13400990425291,42.265240044417226
winter wheat,1,45.1391303013724,42.28033174119043
winter wheat,1,45.14452019307711,42.26604852817293
winter wheat,1,45.12835051796296,42.26470105524675
winter wheat,1,45.13050647464485,42.25742470144539
winter wheat,1,45.15017957936706,42.27871477367902
winter wheat,1,45.140477774298574,42.08171423187161
winter wheat,1,45.146676149758996,42.083061704797785
winter wheat,1,45.13535737717909,42.086834628991085
winter wheat,1,45.120265680405886,42.07201242680311
winter wheat,1,45.14101676346905,42.0846786723092
winter wheat,1,45.152874525219424,42.10408228244618
winter wheat,1,45.1437117093214,42.09060755318439
winter wheat,1,45.13778282844621,42.27413336573001
winter wheat,1,45.119726691235414,42.074437878070235
winter wheat,1,45.12269113167301,42.26389257149104
winter wheat,1,45.14802362268518,42.0922245206958
winter wheat,1,45.1534135143899,42.0989618853267
winter wheat,1,45.14829311727041,42.10731621746901
winter wheat,1,45.126194561281075,42.27844527909378
winter wheat,1,45.12915900171867,42.26119762563869
winter wheat,1,45.146945644344235,42.101926325764296
winter wheat,1,45.150988063122774,42.13615213808925
winter wheat,1,45.14775412809994,42.09006856401392
winter wheat,1,45.144250698491874,42.26739600109911
winter wheat,1,45.14344221473617,42.27278589280383
winter wheat,1,45.14586766600329,42.13669112725972
winter wheat,1,45.11487578870117,42.064197083831274
winter wheat,1,45.125925066695835,42.269012968610525
winter wheat,1,45.13966929054287,42.28437415996897
winter wheat,1,45.14559817141806,42.12914527887312
winter wheat,1,45.149101601026125,42.10435177703142
winter wheat,1,45.130236980059614,42.2560772285192
winter wheat,1,45.14586766600329,42.086834628991085
winter wheat,1,45.13400990425291,42.27844527909378
winter wheat,1,45.13562687176433,42.27790628992331
winter wheat,1,45.12296062625824,42.25742470144539
winter wheat,1,45.1399387851281,42.269551957781
winter wheat,1,45.128081023377725,42.277636795338076
winter wheat,1,45.143172720150936,42.090877047769624
winter wheat,1,45.14991008478183,42.13723011643019
winter wheat,1,45.1286200125482,42.08387018855349
potato,11,45.14991008478183,42.095458455718635
winter wheat,1,45.12673355045155,42.26362307690581
winter wheat,1,45.14452019307711,42.079288780604486
winter wheat,1,45.14802362268518,42.09384148820722
winter wheat,1,45.142633730980464,42.126450333020756
winter wheat,1,45.142633730980464,42.09033805859915
winter wheat,1,45.146945644344235,42.095188961133395
winter wheat,1,45.144789687662346,42.08171423187161
winter wheat,1,45.13347091508244,42.26604852817293
winter wheat,1,45.1248470883549,42.07578535099642
winter wheat,1,45.13050647464485,42.28248769787232
winter wheat,1,45.1391303013724,42.2733248819743
winter wheat,1,45.14452019307711,42.08413968313873
winter wheat,1,45.12700304503678,42.24907036930307
winter wheat,1,45.134279398838146,42.27682831158236
winter wheat,1,45.13400990425291,42.269282463195765
winter wheat,1,45.13374040966768,42.27844527909378
winter wheat,1,45.144250698491874,42.09195502611057
winter wheat,1,45.14532867683282,42.10623823912807
winter wheat,1,45.14937109561136,42.275750333241426
winter wheat,1,45.13347091508244,42.27467235490048
winter wheat,1,45.13347091508244,42.08629563982061
winter wheat,1,45.146945644344235,42.10030935825288
winter wheat,1,45.1534135143899,42.10003986366765
potato,11,45.14452019307711,42.10327379869047
winter wheat,1,45.136704850105275,42.081175242701136
winter wheat,1,45.12053517499112,42.25392127183732
winter wheat,1,45.14101676346905,42.12779780594694
winter wheat,1,45.128081023377725,42.24907036930307
winter wheat,1,45.11703174538305,42.066083545927924
winter wheat,1,45.12646405586631,42.252843293496376
winter wheat,1,45.12727253962202,42.07767181309307
winter wheat,1,45.145059182247586,42.281409719531375
winter wheat,1,45.14074726888381,42.275480838656186
winter wheat,1,45.12134365874683,42.26416206607628
winter wheat,1,45.14209474180999,42.083061704797785
winter wheat,1,45.13939979595763,42.27062993612194
winter wheat,1,45.131853947571024,42.27601982782666
winter wheat,1,45.145059182247586,42.2800622466052
winter wheat,1,45.13508788259386,42.27062993612194
winter wheat,1,45.12511658294013,42.25311278808161
winter wheat,1,45.14721513892947,42.101656831179056
winter wheat,1,45.1286200125482,42.24960935847354
winter wheat,1,45.12242163708777,42.252573798911136
winter wheat,1,45.12835051796296,42.24987885305878
winter wheat,1,45.14074726888381,42.12564184926505
winter wheat,1,45.1437117093214,42.28033174119043
winter wheat,1,45.14452019307711,42.09276350986627
winter wheat,1,45.14748463351471,42.131301235555
winter wheat,1,45.14937109561136,42.09653643405958
winter wheat,1,45.12107416416159,42.07147343763264
winter wheat,1,45.129967485474374,42.27655881699713
winter wheat,1,45.13104546381532,42.28194870870185
winter wheat,1,45.14586766600329,42.10003986366765
winter wheat,1,45.14991008478183,42.27790628992331
winter wheat,1,45.13158445298579,42.08225322104208
winter wheat,1,45.122152142502536,42.06123264339368
potato,11,45.150988063122774,42.1380386001859
winter wheat,1,45.14586766600329,42.12725881677647
winter wheat,1,45.128081023377725,42.24987885305878
winter wheat,1,45.142633730980464,42.101117842008584
winter wheat,1,45.14640665517376,42.101926325764296
winter wheat,1,45.15152705229325,42.09384148820722
winter wheat,1,45.14613716058853,42.13965556769732
potato,11,45.14829311727041,42.08818210191727
winter wheat,1,45.13400990425291,42.08440917772396
potato,11,45.14829311727041,42.10327379869047
winter wheat,1,45.13939979595763,42.267126506513875
winter wheat,1,45.134548893423386,42.08656513440585
winter wheat,1,45.12053517499112,42.07524636182595
winter wheat,1,45.14748463351471,42.27413336573001
winter wheat,1,45.13131495840055,42.26847397944005
winter wheat,1,45.1437117093214,42.09815340157099
winter wheat,1,45.14829311727041,42.089529574843446
winter wheat,1,45.12969799088914,42.26389257149104
winter wheat,1,45.115684272456875,42.06311910549033
winter wheat,1,45.13320142049721,42.0876431127468
winter wheat,1,45.13050647464485,42.26200610939439
winter wheat,1,45.144789687662346,42.12618083843552
winter wheat,1,45.146676149758996,42.09249401528104
winter wheat,1,45.124038604599185,42.252573798911136
winter wheat,1,45.13293192591197,42.27009094695147
winter wheat,1,45.122152142502536,42.262545098564864
winter wheat,1,45.1437117093214,42.097614412400524
winter wheat,1,45.144789687662346,42.27251639821859
winter wheat,1,45.115684272456875,42.066083545927924
winter wheat,1,45.14074726888381,42.28464365455421
winter wheat,1,45.142364236395224,42.275750333241426
winter wheat,1,45.14182524722475,42.27062993612194
winter wheat,1,45.13724383927574,42.27386387114477
winter wheat,1,45.13293192591197,42.27898426826425
winter wheat,1,45.142364236395224,42.08360069396826
winter wheat,1,45.13158445298579,42.28221820328708
winter wheat,1,45.132662431326736,42.275211344070954
winter wheat,1,45.13751333386098,42.128336795117406
winter wheat,1,45.1437117093214,42.275480838656186
winter wheat,1,45.12646405586631,42.25499925017826
winter wheat,1,45.1361658609348,42.08144473728637
winter wheat,1,45.12673355045155,42.25634672310444
winter wheat,1,45.12888950713343,42.08602614523538
winter wheat,1,45.122152142502536,42.25499925017826
winter wheat,1,45.136704850105275,42.086834628991085
winter wheat,1,45.13697434469051,42.269551957781
winter wheat,1,45.142903225565696,42.12564184926505
winter wheat,1,45.1256555721106,42.26227560397963
winter wheat,1,45.14344221473617,42.27844527909378
winter wheat,1,45.14074726888381,42.267126506513875
winter wheat,1,45.126194561281075,42.271168925292415
winter wheat,1,45.129967485474374,42.252573798911136
winter wheat,1,45.142364236395224,42.101656831179056
winter wheat,1,45.122152142502536,42.0733598997293
winter wheat,1,45.1248470883549,42.252304304325904
winter wheat,1,45.11864871289447,42.066353040513164
winter wheat,1,45.12727253962202,42.279523257434725
potato,11,45.14964059019659,42.13588264350401
winter wheat,1,45.13374040966768,42.28194870870185
winter wheat,1,45.13805232303145,42.27790628992331
winter wheat,1,45.14101676346905,42.08171423187161
winter wheat,1,45.14101676346905,42.124833365509346
winter wheat,1,45.140477774298574,42.28410466538374
winter wheat,1,45.15125755770801,42.10030935825288
potato,11,45.124038604599185,42.27278589280383
winter wheat,1,45.14074726888381,42.285991127480386
winter wheat,1,45.12754203420725,42.279523257434725
winter wheat,1,45.13886080678716,42.27601982782666
winter wheat,1,45.13562687176433,42.27682831158236
winter wheat,1,45.14020827971334,42.28491314913944
potato,11,45.146945644344235,42.27197740904812
winter wheat,1,45.136704850105275,42.2770978061676
winter wheat,1,45.136435355520035,42.28194870870185
winter wheat,1,45.124038604599185,42.26874347402529
winter wheat,1,45.14344221473617,42.28410466538374
winter wheat,1,45.1399387851281,42.27413336573001
winter wheat,1,45.12727253962202,42.256885712274915
winter wheat,1,45.13104546381532,42.273055387389064
winter wheat,1,45.130775969230086,42.28060123577567
winter wheat,1,45.13104546381532,42.080905748115896
winter wheat,1,45.14640665517376,42.132379213895945
winter wheat,1,45.120265680405886,42.06743101885411
winter wheat,1,45.12457759376966,42.25419076642255
winter wheat,1,45.12888950713343,42.083061704797785
winter wheat,1,45.14586766600329,42.13992506228255
winter wheat,1,45.12781152879249,42.269551957781
winter wheat,1,45.13104546381532,42.28248769787232
winter wheat,1,45.1391303013724,42.13669112725972
winter wheat,1,45.14209474180999,42.279253762849486
winter wheat,1,45.149101601026125,42.105699249957595
winter wheat,1,45.12754203420725,42.08387018855349
winter wheat,1,45.13347091508244,42.28033174119043
winter wheat,1,45.1294284963039,42.283565676213264
winter wheat,1,45.12888950713343,42.28410466538374
winter wheat,1,45.12323012084348,42.26874347402529
winter wheat,1,45.14721513892947,42.08413968313873
winter wheat,1,45.13562687176433,42.08198372645684
winter wheat,1,45.14964059019659,42.10246531493477
winter wheat,1,45.15152705229325,42.105699249957595
winter wheat,1,45.12754203420725,42.27655881699713
winter wheat,1,45.119726691235414,42.06473607300175
winter wheat,1,45.138321817616685,42.26739600109911
winter wheat,1,45.117840229138764,42.2552687447635
winter wheat,1,45.14559817141806,42.279523257434725
winter wheat,1,45.14344221473617,42.09384148820722
winter wheat,1,45.15152705229325,42.105968744542835
winter wheat,1,45.14559817141806,42.10920267956566
winter wheat,1,45.14613716058853,42.08279221021255
winter wheat,1,45.149101601026125,42.10462127161665
winter wheat,1,45.13778282844621,42.08413968313873
winter wheat,1,45.1437117093214,42.124294376338874
winter wheat,1,45.14452019307711,42.10650773371331
winter wheat,1,45.14344221473617,42.08979906942868
winter wheat,1,45.134548893423386,42.28302668704279
winter wheat,1,45.126194561281075,42.263084087735336
winter wheat,1,45.12511658294013,42.26200610939439
winter wheat,1,45.14020827971334,42.275480838656186
winter wheat,1,45.14937109561136,42.13291820306642
winter wheat,1,45.136435355520035,42.08737361816156
winter wheat,1,45.143172720150936,42.26847397944005
winter wheat,1,45.1286200125482,42.27440286031524
winter wheat,1,45.119457196650174,42.0733598997293
winter wheat,1,45.14182524722475,42.27170791446289
winter wheat,1,45.119726691235414,42.06338860007557
winter wheat,1,45.12646405586631,42.2665875173434
winter wheat,1,45.1534135143899,42.09788390698576
winter wheat,1,45.142364236395224,42.27790628992331
winter wheat,1,45.13939979595763,42.27628932241189
winter wheat,1,45.14964059019659,42.09491946654816
winter wheat,1,45.146676149758996,42.08440917772396
winter wheat,1,45.12646405586631,42.25823318520109
winter wheat,1,45.13131495840055,42.269012968610525
winter wheat,1,45.14209474180999,42.093302499036746
winter wheat,1,45.14209474180999,42.12914527887312
winter wheat,1,45.11891820747971,42.07174293221788
winter wheat,1,45.144250698491874,42.271168925292415
winter wheat,1,45.128081023377725,42.256885712274915
winter wheat,1,45.130236980059614,42.28194870870185
winter wheat,1,45.132123442156264,42.26604852817293
winter wheat,1,45.148832106440885,42.274941849485714
winter wheat,1,45.14964059019659,42.08602614523538
winter wheat,1,45.15206604146372,42.10489076620189
winter wheat,1,45.14155575263952,42.0771328239226
winter wheat,1,45.124308099184425,42.27224690363336
winter wheat,1,45.15206604146372,42.10623823912807
winter wheat,1,45.14128625805428,42.09276350986627
winter wheat,1,45.145059182247586,42.10354329327571
winter wheat,1,45.11864871289447,42.0733598997293
winter wheat,1,45.14748463351471,42.27790628992331
potato,11,45.149101601026125,42.13534365433354
potato,11,45.14640665517376,42.26766549568435
winter wheat,1,45.14452019307711,42.2838351707985
winter wheat,1,45.14559817141806,42.26550953900246
winter wheat,1,45.13400990425291,42.279253762849486
winter wheat,1,45.11864871289447,42.07147343763264
winter wheat,1,45.125925066695835,42.27817578450855
winter wheat,1,45.12296062625824,42.06338860007557
winter wheat,1,45.13778282844621,42.13480466516307
winter wheat,1,45.14101676346905,42.27143841987765
potato,11,45.14182524722475,42.27601982782666
winter wheat,1,45.14344221473617,42.10677722829854
winter wheat,1,45.14613716058853,42.27898426826425
winter wheat,1,45.13320142049721,42.08737361816156
winter wheat,1,45.130236980059614,42.25499925017826
winter wheat,1,45.14559817141806,42.09384148820722
winter wheat,1,45.15152705229325,42.10300430410524
winter wheat,1,45.13535737717909,42.28221820328708
winter wheat,1,45.14586766600329,42.09006856401392
winter wheat,1,45.13805232303145,42.08602614523538
winter wheat,1,45.14829311727041,42.13372668682213
winter wheat,1,45.12727253962202,42.28060123577567
winter wheat,1,45.142364236395224,42.08629563982061
winter wheat,1,45.11864871289447,42.06743101885411
winter wheat,1,45.12457759376966,42.07605484558165
winter wheat,1,45.130775969230086,42.25742470144539
winter wheat,1,45.14155575263952,42.07821080226354
winter wheat,1,45.125925066695835,42.256885712274915
winter wheat,1,45.13374040966768,42.2808707303609
winter wheat,1,45.14020827971334,42.26820448485482
winter wheat,1,45.143172720150936,42.279253762849486
winter wheat,1,45.14532867683282,42.271168925292415
winter wheat,1,45.14748463351471,42.27655881699713
winter wheat,1,45.13778282844621,42.2876080949918
winter wheat,1,45.12969799088914,42.26119762563869
potato,11,45.14155575263952,42.08818210191727
winter wheat,1,45.14101676346905,42.07740231850783
winter wheat,1,45.14209474180999,42.08171423187161
winter wheat,1,45.142364236395224,42.265240044417226
winter wheat,1,45.131853947571024,42.25742470144539
winter wheat,1,45.13374040966768,42.266857011928636
winter wheat,1,45.1151452832864,42.06716152426887
winter wheat,1,45.13966929054287,42.08279221021255
winter wheat,1,45.145059182247586,42.27467235490048
winter wheat,1,45.12269113167301,42.256885712274915
winter wheat,1,45.13751333386098,42.287338600406564
potato,11,45.13805232303145,42.12725881677647
winter wheat,1,45.140477774298574,42.08333119938302
winter wheat,1,45.1286200125482,42.087104123576324
winter wheat,1,45.142633730980464,42.088990585672974
winter wheat,1,45.14398120390664,42.09788390698576
winter wheat,1,45.14344221473617,42.07767181309307
winter wheat,1,45.11891820747971,42.064197083831274
winter wheat,1,45.1437117093214,42.10030935825288
winter wheat,1,45.14209474180999,42.2808707303609
winter wheat,1,45.12511658294013,42.2560772285192
winter wheat,1,45.126194561281075,42.26847397944005
winter wheat,1,45.13778282844621,42.2800622466052
winter wheat,1,45.13347091508244,42.27979275201996
winter wheat,1,45.144789687662346,42.274941849485714
winter wheat,1,45.14748463351471,42.10677722829854
winter wheat,1,45.132662431326736,42.083061704797785
winter wheat,1,45.13293192591197,42.27790628992331
winter wheat,1,45.12915900171867,42.25769419603062
winter wheat,1,45.144789687662346,42.103812787860946
winter wheat,1,45.14532867683282,42.13830809477113
winter wheat,1,45.14532867683282,42.10462127161665
winter wheat,1,45.14559817141806,42.27601982782666
winter wheat,1,45.143172720150936,42.09303300445151
winter wheat,1,45.14829311727041,42.105968744542835
winter wheat,1,45.142633730980464,42.27009094695147
winter wheat,1,45.14452019307711,42.09006856401392
winter wheat,1,45.142903225565696,42.078480296848774
winter wheat,1,45.142903225565696,42.10246531493477
winter wheat,1,45.14559817141806,42.08979906942868
winter wheat,1,45.14155575263952,42.0922245206958
winter wheat,1,45.15125755770801,42.10057885283812
winter wheat,1,45.12646405586631,42.25338228266685
winter wheat,1,45.13508788259386,42.08144473728637
winter wheat,1,45.12511658294013,42.25499925017826
winter wheat,1,45.142903225565696,42.26604852817293
winter wheat,1,45.14802362268518,42.27790628992331
winter wheat,1,45.120265680405886,42.254729755593026
winter wheat,1,45.146676149758996,42.128336795117406
winter wheat,1,45.12727253962202,42.25365177725208
winter wheat,1,45.13104546381532,42.275211344070954
winter wheat,1,45.14398120390664,42.124563870924106
winter wheat,1,45.13589636634956,42.27251639821859
winter wheat,1,45.132123442156264,42.08144473728637
winter wheat,1,45.14128625805428,42.08629563982061
winter wheat,1,45.14182524722475,42.279523257434725
winter wheat,1,45.12673355045155,42.265240044417226
winter wheat,1,45.13347091508244,42.27682831158236
winter wheat,1,45.1361658609348,42.28060123577567
winter wheat,1,45.14155575263952,42.2665875173434
winter wheat,1,45.144250698491874,42.101117842008584
winter wheat,1,45.14452019307711,42.13776910560066
winter wheat,1,45.12107416416159,42.06258011631986
winter wheat,1,45.1286200125482,42.26550953900246
potato,11,45.14991008478183,42.09572795030387
winter wheat,1,45.12323012084348,42.2590416689568
winter wheat,1,45.14586766600329,42.09707542323005
winter wheat,1,45.15233553604895,42.10542975537236
winter wheat,1,45.142903225565696,42.08575665065015
winter wheat,1,45.11703174538305,42.066622535098396
winter wheat,1,45.12242163708777,42.074168383485
winter wheat,1,45.12646405586631,42.27224690363336
winter wheat,1,45.136435355520035,42.083061704797785
winter wheat,1,45.152874525219424,42.105968744542835
winter wheat,1,45.14721513892947,42.091416036940096
winter wheat,1,45.13347091508244,42.2657790335877
winter wheat,1,45.14101676346905,42.2665875173434
potato,11,45.144250698491874,42.12564184926505
winter wheat,1,45.12969799088914,42.25931116354204
potato,11,45.1504490739523,42.139116578526846
winter wheat,1,45.14937109561136,42.09977036908241
winter wheat,1,45.14829311727041,42.087104123576324
winter wheat,1,45.128081023377725,42.281409719531375
winter wheat,1,45.129967485474374,42.260658636468214
winter wheat,1,45.12242163708777,42.06123264339368
winter wheat,1,45.14344221473617,42.2838351707985
winter wheat,1,45.13050647464485,42.08656513440585
winter wheat,1,45.14559817141806,42.269012968610525
winter wheat,1,45.144250698491874,42.10327379869047
potato,11,45.148832106440885,42.13588264350401
winter wheat,1,45.1504490739523,42.13318769765166
potato,11,45.142364236395224,42.13534365433354
winter wheat,1,45.14964059019659,42.09276350986627
winter wheat,1,45.12349961542871,42.07605484558165
winter wheat,1,45.14640665517376,42.09384148820722
winter wheat,1,45.138591312201925,42.275750333241426
winter wheat,1,45.14559817141806,42.12725881677647
winter wheat,1,45.12269113167301,42.074437878070235
potato,11,45.142903225565696,42.134265675992594
potato,11,45.14209474180999,42.134265675992594
winter wheat,1,45.132392936741496,42.26470105524675
winter wheat,1,45.124038604599185,42.269551957781
potato,11,45.13886080678716,42.13588264350401
winter wheat,1,45.144789687662346,42.08872109108774
winter wheat,1,45.1248470883549,42.25985015271251
winter wheat,1,45.13939979595763,42.274941849485714
winter wheat,1,45.146676149758996,42.13103174096977
winter wheat,1,45.129967485474374,42.26119762563869
winter wheat,1,45.13374040966768,42.26362307690581
winter wheat,1,45.144250698491874,42.262545098564864
winter wheat,1,45.14775412809994,42.083061704797785
potato,11,45.1437117093214,42.13103174096977
winter wheat,1,45.15152705229325,42.10893318498043
winter wheat,1,45.122152142502536,42.25634672310444
winter wheat,1,45.11649275621258,42.06743101885411
winter wheat,1,45.13697434469051,42.283565676213264
winter wheat,1,45.13158445298579,42.27009094695147
winter wheat,1,45.14937109561136,42.2808707303609
winter wheat,1,45.146945644344235,42.2800622466052
winter wheat,1,45.13886080678716,42.13399618140736
winter wheat,1,45.124038604599185,42.26011964729774
winter wheat,1,45.14020827971334,42.269551957781
winter wheat,1,45.14398120390664,42.10542975537236
winter wheat,1,45.11541477787164,42.064197083831274
winter wheat,1,45.12269113167301,42.06392758924604
winter wheat,1,45.14532867683282,42.08171423187161
winter wheat,1,45.14613716058853,42.09869239074146
winter wheat,1,45.14802362268518,42.090877047769624
potato,11,45.12269113167301,42.250956831399726
winter wheat,1,45.12969799088914,42.26092813105345
winter wheat,1,45.14991008478183,42.13534365433354
winter wheat,1,45.1361658609348,42.28572163289515
winter wheat,1,45.14182524722475,42.2800622466052
potato,11,45.14209474180999,42.12941477345835
winter wheat,1,45.14452019307711,42.09842289615623
winter wheat,1,45.132662431326736,42.2808707303609
potato,11,45.14532867683282,42.095188961133395
winter wheat,1,45.134548893423386,42.08629563982061
winter wheat,1,45.122152142502536,42.25769419603062
winter wheat,1,45.13939979595763,42.27601982782666
winter wheat,1,45.12161315333206,42.06473607300175
winter wheat,1,45.1391303013724,42.27467235490048
winter wheat,1,45.120265680405886,42.25419076642255
winter wheat,1,45.12080466957636,42.06096314880845
winter wheat,1,45.14532867683282,42.27817578450855
potato,11,45.132392936741496,42.25823318520109
winter wheat,1,45.13293192591197,42.08360069396826
winter wheat,1,45.15017957936706,42.0922245206958
winter wheat,1,45.14020827971334,42.08333119938302
winter wheat,1,45.15125755770801,42.10920267956566
winter wheat,1,45.12673355045155,42.27790628992331
winter wheat,1,45.138321817616685,42.26820448485482
winter wheat,1,45.12915900171867,42.08387018855349
winter wheat,1,45.12080466957636,42.066353040513164
winter wheat,1,45.129967485474374,42.26146712022392
winter wheat,1,45.13966929054287,42.283565676213264
winter wheat,1,45.1248470883549,42.0628496109051
winter wheat,1,45.134548893423386,42.08737361816156
winter wheat,1,45.12781152879249,42.28114022494614
winter wheat,1,45.14829311727041,42.09707542323005
winter wheat,1,45.142364236395224,42.09869239074146
winter wheat,1,45.14020827971334,42.0846786723092
winter wheat,1,45.15017957936706,42.10866369039519
winter wheat,1,45.144789687662346,42.126450333020756
winter wheat,1,45.150988063122774,42.105968744542835
winter wheat,1,45.11918770206494,42.07120394304741
winter wheat,1,45.14209474180999,42.09977036908241
winter wheat,1,45.12134365874683,42.07389888889977
winter wheat,1,45.142364236395224,42.101926325764296
winter wheat,1,45.12349961542871,42.25338228266685
winter wheat,1,45.138591312201925,42.080905748115896
winter wheat,1,45.138591312201925,42.083061704797785
winter wheat,1,45.142364236395224,42.10408228244618
potato,11,45.14964059019659,42.13615213808925
winter wheat,1,45.12053517499112,42.2552687447635
winter wheat,1,45.14829311727041,42.28221820328708
potato,11,45.150718568537535,42.13534365433354
winter wheat,1,45.13508788259386,42.26982145236624
winter wheat,1,45.14532867683282,42.26847397944005
winter wheat,1,45.128081023377725,42.26389257149104
winter wheat,1,45.14452019307711,42.1380386001859
winter wheat,1,45.14721513892947,42.099500874497174
winter wheat,1,45.13562687176433,42.270899430707175
winter wheat,1,45.14613716058853,42.08872109108774
winter wheat,1,45.132392936741496,42.26820448485482
winter wheat,1,45.14937109561136,42.08979906942868
winter wheat,1,45.1391303013724,42.28248769787232
winter wheat,1,45.14182524722475,42.136421632674484
winter wheat,1,45.14721513892947,42.12887578428788
potato,11,45.138321817616685,42.13022325721406
winter wheat,1,45.14613716058853,42.099500874497174
winter wheat,1,45.1534135143899,42.10893318498043
winter wheat,1,45.14532867683282,42.126719827605996
winter wheat,1,45.122152142502536,42.07174293221788
winter wheat,1,45.150718568537535,42.10839419580996
potato,11,45.13724383927574,42.12968426804359
winter wheat,1,45.130236980059614,42.28221820328708
winter wheat,1,45.14344221473617,42.09276350986627
winter wheat,1,45.144789687662346,42.13857758935637
winter wheat,1,45.115684272456875,42.06985647012123
winter wheat,1,45.12969799088914,42.25176531515543
winter wheat,1,45.13562687176433,42.28194870870185
winter wheat,1,45.1294284963039,42.269282463195765
winter wheat,1,45.12538607752536,42.250417842229254
winter wheat,1,45.13778282844621,42.27817578450855
winter wheat,1,45.13778282844621,42.28410466538374
winter wheat,1,45.138591312201925,42.26982145236624
winter wheat,1,45.146676149758996,42.12887578428788
winter wheat,1,45.1437117093214,42.09464997196293
winter wheat,1,45.14937109561136,42.090877047769624
winter wheat,1,45.12269113167301,42.252304304325904
winter wheat,1,45.130236980059614,42.27224690363336
winter wheat,1,45.145059182247586,42.26604852817293
winter wheat,1,45.15017957936706,42.27898426826425
potato,11,45.1534135143899,42.105968744542835
winter wheat,1,45.11730123996829,42.07228192138835
winter wheat,1,45.14721513892947,42.107585712054245
winter wheat,1,45.14532867683282,42.26739600109911
winter wheat,1,45.149101601026125,42.097614412400524
winter wheat,1,45.13293192591197,42.26793499026958
winter wheat,1,45.13131495840055,42.27844527909378
winter wheat,1,45.126194561281075,42.269551957781
winter wheat,1,45.14182524722475,42.0771328239226
potato,11,45.1437117093214,42.1275283113617
winter wheat,1,45.12835051796296,42.24960935847354
potato,11,45.15368300897513,42.10920267956566
winter wheat,1,45.128081023377725,42.26146712022392
winter wheat,1,45.13050647464485,42.25985015271251
winter wheat,1,45.1218826479173,42.074437878070235
winter wheat,1,45.14559817141806,42.10489076620189
winter wheat,1,45.12673355045155,42.275750333241426
winter wheat,1,45.130775969230086,42.262814593150104
winter wheat,1,45.13535737717909,42.27655881699713
winter wheat,1,45.129967485474374,42.25796369061585
winter wheat,1,45.14721513892947,42.093302499036746
winter wheat,1,45.12080466957636,42.07362939431453
winter wheat,1,45.11864871289447,42.07012596470646
winter wheat,1,45.11487578870117,42.06743101885411
winter wheat,1,45.145059182247586,42.10839419580996
winter wheat,1,45.14128625805428,42.28410466538374
winter wheat,1,45.13805232303145,42.134535170577834
winter wheat,1,45.14559817141806,42.091416036940096
winter wheat,1,45.131853947571024,42.0876431127468
winter wheat,1,45.12053517499112,42.0598851704675
winter wheat,1,45.12700304503678,42.26820448485482
winter wheat,1,45.14128625805428,42.0876431127468
winter wheat,1,45.146945644344235,42.27062993612194
winter wheat,1,45.13751333386098,42.270899430707175
winter wheat,1,45.144789687662346,42.124833365509346
winter wheat,1,45.14856261185565,42.105968744542835
winter wheat,1,45.14128625805428,42.279523257434725
winter wheat,1,45.124308099184425,42.26550953900246
winter wheat,1,45.14640665517376,42.085217661479675
winter wheat,1,45.14209474180999,42.273055387389064
winter wheat,1,45.12376911001395,42.264970549831986
winter wheat,1,45.1437117093214,42.281409719531375
winter wheat,1,45.12134365874683,42.06473607300175
winter wheat,1,45.132123442156264,42.27655881699713
winter wheat,1,45.12700304503678,42.252304304325904
winter wheat,1,45.115953767042114,42.07012596470646
winter wheat,1,45.146676149758996,42.279253762849486
winter wheat,1,45.1218826479173,42.0628496109051
winter wheat,1,45.148832106440885,42.10489076620189
winter wheat,1,45.13050647464485,42.28275719245755
winter wheat,1,45.14182524722475,42.125911343850284
winter wheat,1,45.14101676346905,42.28060123577567
winter wheat,1,45.14209474180999,42.28221820328708
winter wheat,1,45.14856261185565,42.2733248819743
winter wheat,1,45.14640665517376,42.08171423187161
winter wheat,1,45.136435355520035,42.27359437655954
winter wheat,1,45.13751333386098,42.27359437655954
winter wheat,1,45.13751333386098,42.12887578428788
potato,11,45.150988063122774,42.13480466516307
winter wheat,1,45.12511658294013,42.252304304325904
winter wheat,1,45.143172720150936,42.084948166894435
winter wheat,1,45.15233553604895,42.093302499036746
winter wheat,1,45.1256555721106,42.25553823934873
winter wheat,1,45.13131495840055,42.28114022494614
winter wheat,1,45.132123442156264,42.269282463195765
winter wheat,1,45.1399387851281,42.26766549568435
winter wheat,1,45.14775412809994,42.10920267956566
winter wheat,1,45.13778282844621,42.080905748115896
winter wheat,1,45.13104546381532,42.25985015271251
winter wheat,1,45.140477774298574,42.09114654235486
potato,11,45.14937109561136,42.13669112725972
winter wheat,1,45.14398120390664,42.13776910560066
winter wheat,1,45.146676149758996,42.13992506228255
winter wheat,1,45.12727253962202,42.25715520686015
winter wheat,1,45.12376911001395,42.25068733681449
winter wheat,1,45.1391303013724,42.08171423187161
winter wheat,1,45.12349961542871,42.26416206607628
winter wheat,1,45.1218826479173,42.062041127149385
winter wheat,1,45.142364236395224,42.09438047737769
winter wheat,1,45.12107416416159,42.07362939431453
winter wheat,1,45.13293192591197,42.269012968610525
potato,11,45.124308099184425,42.24987885305878
winter wheat,1,45.14802362268518,42.14019455686779
winter wheat,1,45.13320142049721,42.26173661480916
winter wheat,1,45.140477774298574,42.08279221021255
winter wheat,1,45.146945644344235,42.12806730053217
winter wheat,1,45.14937109561136,42.2800622466052
winter wheat,1,45.12511658294013,42.24960935847354
winter wheat,1,45.12053517499112,42.25769419603062
winter wheat,1,45.12242163708777,42.0598851704675
winter wheat,1,45.12754203420725,42.27224690363336
winter wheat,1,45.142364236395224,42.273055387389064
winter wheat,1,45.150988063122774,42.09707542323005
winter wheat,1,45.13293192591197,42.25958065812727
potato,11,45.13939979595763,42.134265675992594
winter wheat,1,45.1294284963039,42.25553823934873
winter wheat,1,45.144250698491874,42.274941849485714
winter wheat,1,45.14775412809994,42.09788390698576
winter wheat,1,45.15233553604895,42.101926325764296
winter wheat,1,45.13562687176433,42.2770978061676
winter wheat,1,45.128081023377725,42.27251639821859
winter wheat,1,45.13751333386098,42.27224690363336
winter wheat,1,45.14964059019659,42.095188961133395
potato,11,45.13751333386098,42.12806730053217
winter wheat,1,45.142364236395224,42.13615213808925
winter wheat,1,45.14856261185565,42.13022325721406
winter wheat,1,45.13697434469051,42.08144473728637
winter wheat,1,45.125925066695835,42.26092813105345
winter wheat,1,45.13131495840055,42.26470105524675
winter wheat,1,45.130775969230086,42.258502679786325
winter wheat,1,45.12376911001395,42.07578535099642
winter wheat,1,45.12646405586631,42.076863329337364
winter wheat,1,45.14775412809994,42.28114022494614
winter wheat,1,45.14020827971334,42.28572163289515
winter wheat,1,45.1437117093214,42.277636795338076
winter wheat,1,45.12053517499112,42.25553823934873
winter wheat,1,45.13131495840055,42.258502679786325
winter wheat,1,45.11406730494546,42.068508997195046
winter wheat,1,45.13050647464485,42.27655881699713
winter wheat,1,45.12080466957636,42.07174293221788
winter wheat,1,45.14182524722475,42.08360069396826
winter wheat,1,45.1437117093214,42.08171423187161
winter wheat,1,45.14559817141806,42.10084834742335
winter wheat,1,45.14155575263952,42.264970549831986
winter wheat,1,45.12727253962202,42.27682831158236
winter wheat,1,45.130775969230086,42.26416206607628
winter wheat,1,45.1256555721106,42.25823318520109
winter wheat,1,45.14613716058853,42.269551957781
winter wheat,1,45.1437117093214,42.10812470122472
winter wheat,1,45.144789687662346,42.279253762849486
winter wheat,1,45.14613716058853,42.101387336593824
winter wheat,1,45.140477774298574,42.275480838656186
potato,11,45.14074726888381,42.080366758945424
winter wheat,1,45.1248470883549,42.26092813105345
winter wheat,1,45.12781152879249,42.2514958205702
potato,11,45.143172720150936,42.13480466516307
winter wheat,1,45.150988063122774,42.091685531525336
potato,11,45.142633730980464,42.12806730053217
winter wheat,1,45.14532867683282,42.27628932241189
winter wheat,1,45.15206604146372,42.09680592864481
winter wheat,1,45.1286200125482,42.27871477367902
winter wheat,1,45.152605030634184,42.107585712054245
winter wheat,1,45.14452019307711,42.270899430707175
winter wheat,1,45.13374040966768,42.265240044417226
winter wheat,1,45.13374040966768,42.26631802275817
winter wheat,1,45.142633730980464,42.273055387389064
winter wheat,1,45.14721513892947,42.13184022472547
winter wheat,1,45.15125755770801,42.101656831179056
winter wheat,1,45.142903225565696,42.10677722829854
winter wheat,1,45.13805232303145,42.27170791446289
winter wheat,1,45.14344221473617,42.093302499036746
winter wheat,1,45.1256555721106,42.27386387114477
winter wheat,1,45.12376911001395,42.26416206607628
winter wheat,1,45.13104546381532,42.258772174371565
winter wheat,1,45.14586766600329,42.13965556769732
winter wheat,1,45.148832106440885,42.09977036908241
winter wheat,1,45.132662431326736,42.08225322104208
winter wheat,1,45.144789687662346,42.10704672288378
winter wheat,1,45.13535737717909,42.087104123576324
winter wheat,1,45.14182524722475,42.099500874497174
winter wheat,1,45.12538607752536,42.26389257149104
winter wheat,1,45.138591312201925,42.085217661479675
winter wheat,1,45.14344221473617,42.283565676213264
winter wheat,1,45.12511658294013,42.26389257149104
winter wheat,1,45.14452019307711,42.091685531525336
winter wheat,1,45.14613716058853,42.10704672288378
winter wheat,1,45.14020827971334,42.274941849485714
winter wheat,1,45.12457759376966,42.25499925017826
winter wheat,1,45.13508788259386,42.08360069396826
winter wheat,1,45.13320142049721,42.274941849485714
winter wheat,1,45.119996185820646,42.26038914188298
winter wheat,1,45.128081023377725,42.2770978061676
winter wheat,1,45.14856261185565,42.08979906942868
potato,11,45.12538607752536,42.27655881699713
winter wheat,1,45.15314401980466,42.101117842008584
winter wheat,1,45.12296062625824,42.269282463195765
potato,11,45.12323012084348,42.270899430707175
winter wheat,1,45.12269113167301,42.26550953900246
winter wheat,1,45.12754203420725,42.27062993612194
winter wheat,1,45.142903225565696,42.269282463195765
winter wheat,1,45.142364236395224,42.2657790335877
winter wheat,1,45.145059182247586,42.12995376262882
winter wheat,1,45.150988063122774,42.09680592864481
winter wheat,1,45.13778282844621,42.08629563982061
winter wheat,1,45.13374040966768,42.27251639821859
winter wheat,1,45.142633730980464,42.136421632674484
winter wheat,1,45.14613716058853,42.10866369039519
winter wheat,1,45.14856261185565,42.101387336593824
winter wheat,1,45.144789687662346,42.275211344070954
winter wheat,1,45.12915900171867,42.252034809740664
winter wheat,1,45.11837921830924,42.06716152426887
winter wheat,1,45.143172720150936,42.27628932241189
winter wheat,1,45.1437117093214,42.1237553871684
winter wheat,1,45.144789687662346,42.10003986366765
winter wheat,1,45.14344221473617,42.0922245206958
winter wheat,1,45.14182524722475,42.26982145236624
winter wheat,1,45.146676149758996,42.09195502611057
winter wheat,1,45.120265680405886,42.25931116354204
winter wheat,1,45.15206604146372,42.10246531493477
winter wheat,1,45.142633730980464,42.083061704797785
winter wheat,1,45.15233553604895,42.10003986366765
winter wheat,1,45.13508788259386,42.08387018855349
winter wheat,1,45.14775412809994,42.09114654235486
winter wheat,1,45.14640665517376,42.0846786723092
winter wheat,1,45.132392936741496,42.080905748115896
potato,11,45.14559817141806,42.09572795030387
winter wheat,1,45.120265680405886,42.07309040514406
winter wheat,1,45.136435355520035,42.2703604415367
potato,11,45.1504490739523,42.095458455718635
winter wheat,1,45.132123442156264,42.08548715606491
winter wheat,1,45.134548893423386,42.27628932241189
winter wheat,1,45.11703174538305,42.07012596470646
winter wheat,1,45.12835051796296,42.08602614523538
potato,11,45.142364236395224,42.126719827605996
winter wheat,1,45.11891820747971,42.06500556758698
winter wheat,1,45.149101601026125,42.28114022494614
winter wheat,1,45.12511658294013,42.2514958205702
winter wheat,1,45.14128625805428,42.12564184926505
winter wheat,1,45.12754203420725,42.26604852817293
winter wheat,1,45.13724383927574,42.12914527887312
winter wheat,1,45.12915900171867,42.27143841987765
winter wheat,1,45.14074726888381,42.26550953900246
potato,11,45.14074726888381,42.07767181309307
winter wheat,1,45.144789687662346,42.26739600109911
winter wheat,1,45.150718568537535,42.13291820306642
winter wheat,1,45.1248470883549,42.27143841987765
winter wheat,1,45.12835051796296,42.26820448485482
winter wheat,1,45.14586766600329,42.08872109108774
potato,11,45.14856261185565,42.08818210191727
winter wheat,1,45.142903225565696,42.097344917815285
winter wheat,1,45.14209474180999,42.27655881699713
winter wheat,1,45.14775412809994,42.091685531525336
winter wheat,1,45.130775969230086,42.2657790335877
winter wheat,1,45.13778282844621,42.26820448485482
winter wheat,1,45.140477774298574,42.08225322104208
winter wheat,1,45.14802362268518,42.2808707303609
winter wheat,1,45.14074726888381,42.277367300752836
winter wheat,1,45.1391303013724,42.279523257434725
winter wheat,1,45.14532867683282,42.26631802275817
winter wheat,1,45.140477774298574,42.13372668682213
winter wheat,1,45.14128625805428,42.09842289615623
potato,11,45.143172720150936,42.08063625353066
winter wheat,1,45.14398120390664,42.27009094695147
winter wheat,1,45.12107416416159,42.0598851704675
winter wheat,1,45.12781152879249,42.26119762563869
winter wheat,1,45.134548893423386,42.08548715606491
winter wheat,1,45.12080466957636,42.2560772285192
winter wheat,1,45.14937109561136,42.09599744488911
winter wheat,1,45.13050647464485,42.26793499026958
winter wheat,1,45.1399387851281,42.2876080949918
winter wheat,1,45.15179654687848,42.13857758935637
winter wheat,1,45.132123442156264,42.26227560397963
winter wheat,1,45.122152142502536,42.058268202956086
winter wheat,1,45.136435355520035,42.08575665065015
winter wheat,1,45.13293192591197,42.08602614523538
winter wheat,1,45.146945644344235,42.10462127161665
winter wheat,1,45.14020827971334,42.086834628991085
winter wheat,1,45.12080466957636,42.07201242680311
potato,11,45.142633730980464,42.13399618140736
winter wheat,1,45.12349961542871,42.06069365422321
winter wheat,1,45.14829311727041,42.27655881699713
potato,11,45.12457759376966,42.27386387114477
winter wheat,1,45.142633730980464,42.27251639821859
winter wheat,1,45.148832106440885,42.08979906942868
winter wheat,1,45.12781152879249,42.25365177725208
winter wheat,1,45.13939979595763,42.08198372645684
winter wheat,1,45.14020827971334,42.27143841987765
winter wheat,1,45.12915900171867,42.279253762849486
winter wheat,1,45.149101601026125,42.09680592864481
winter wheat,1,45.12835051796296,42.26793499026958
winter wheat,1,45.142633730980464,42.07605484558165
winter wheat,1,45.152605030634184,42.09815340157099
winter wheat,1,45.14613716058853,42.27440286031524
winter wheat,1,45.1437117093214,42.09006856401392
winter wheat,1,45.1256555721106,42.26550953900246
winter wheat,1,45.14856261185565,42.099500874497174
winter wheat,1,45.12673355045155,42.27817578450855
winter wheat,1,45.1294284963039,42.08575665065015
winter wheat,1,45.146945644344235,42.09033805859915
winter wheat,1,45.14721513892947,42.10677722829854
winter wheat,1,45.12349961542871,42.2703604415367
winter wheat,1,45.13293192591197,42.08656513440585
winter wheat,1,45.142633730980464,42.08171423187161
winter wheat,1,45.13535737717909,42.27628932241189
winter wheat,1,45.14559817141806,42.10866369039519
winter wheat,1,45.14559817141806,42.0846786723092
winter wheat,1,45.14209474180999,42.28302668704279
winter wheat,1,45.13724383927574,42.281679214116615
winter wheat,1,45.142633730980464,42.28572163289515
winter wheat,1,45.136704850105275,42.28491314913944
winter wheat,1,45.129967485474374,42.252304304325904
winter wheat,1,45.13293192591197,42.08791260733203
winter wheat,1,45.13751333386098,42.2800622466052
winter wheat,1,45.14074726888381,42.27197740904812
winter wheat,1,45.136704850105275,42.08252271562731
winter wheat,1,45.142633730980464,42.10489076620189
winter wheat,1,45.14344221473617,42.279253762849486
potato,11,45.144250698491874,42.12698932219123
winter wheat,1,45.12673355045155,42.250956831399726
winter wheat,1,45.1294284963039,42.0876431127468
winter wheat,1,45.132392936741496,42.26227560397963
winter wheat,1,45.14209474180999,42.10408228244618
winter wheat,1,45.12511658294013,42.262545098564864
winter wheat,1,45.128081023377725,42.252304304325904
winter wheat,1,45.14128625805428,42.08225322104208
winter wheat,1,45.14802362268518,42.10219582034953
winter wheat,1,45.12134365874683,42.2552687447635
winter wheat,1,45.130775969230086,42.271168925292415
potato,11,45.14856261185565,42.10354329327571
winter wheat,1,45.145059182247586,42.27440286031524
winter wheat,1,45.1218826479173,42.2552687447635
winter wheat,1,45.1143367995307,42.066622535098396
winter wheat,1,45.134279398838146,42.26416206607628
winter wheat,1,45.13697434469051,42.27682831158236
winter wheat,1,45.119726691235414,42.25365177725208
winter wheat,1,45.144250698491874,42.09788390698576
potato,11,45.14721513892947,42.13103174096977
winter wheat,1,45.14586766600329,42.13938607311208
winter wheat,1,45.11918770206494,42.074168383485
winter wheat,1,45.143172720150936,42.26874347402529
winter wheat,1,45.14964059019659,42.09788390698576
winter wheat,1,45.14748463351471,42.097344917815285
winter wheat,1,45.144789687662346,42.28194870870185
winter wheat,1,45.14532867683282,42.128606289702645
winter wheat,1,45.132662431326736,42.08440917772396
winter wheat,1,45.126194561281075,42.275211344070954
winter wheat,1,45.1286200125482,42.2560772285192
winter wheat,1,45.12242163708777,42.06150213797892
winter wheat,1,45.12700304503678,42.26092813105345
winter wheat,1,45.12781152879249,42.27170791446289
winter wheat,1,45.12781152879249,42.277636795338076
winter wheat,1,45.150988063122774,42.139116578526846
winter wheat,1,45.119726691235414,42.074707372655475
winter wheat,1,45.143172720150936,42.285452138309914
winter wheat,1,45.143172720150936,42.08413968313873
winter wheat,1,45.146945644344235,42.08791260733203
winter wheat,1,45.14775412809994,42.08737361816156
winter wheat,1,45.130236980059614,42.26092813105345
winter wheat,1,45.13778282844621,42.27601982782666
winter wheat,1,45.145059182247586,42.090877047769624
winter wheat,1,45.136704850105275,42.283296181628025
winter wheat,1,45.124308099184425,42.2514958205702
winter wheat,1,45.13050647464485,42.27170791446289
winter wheat,1,45.13320142049721,42.080905748115896
winter wheat,1,45.12781152879249,42.25176531515543
winter wheat,1,45.13805232303145,42.275211344070954
winter wheat,1,45.140477774298574,42.132648708481184
winter wheat,1,45.14398120390664,42.083061704797785
winter wheat,1,45.13589636634956,42.080905748115896
winter wheat,1,45.11460629411593,42.06904798636552
winter wheat,1,45.13939979595763,42.27143841987765
winter wheat,1,45.132662431326736,42.26793499026958
winter wheat,1,45.14398120390664,42.090877047769624
winter wheat,1,45.1437117093214,42.28437415996897
winter wheat,1,45.12835051796296,42.25715520686015
winter wheat,1,45.144250698491874,42.08791260733203
winter wheat,1,45.144789687662346,42.26362307690581
potato,11,45.1504490739523,42.086834628991085
winter wheat,1,45.1151452832864,42.06527506217222
winter wheat,1,45.14182524722475,42.27628932241189
winter wheat,1,45.131853947571024,42.25931116354204
winter wheat,1,45.142633730980464,42.125911343850284
winter wheat,1,45.13131495840055,42.279523257434725
winter wheat,1,45.14182524722475,42.09464997196293
winter wheat,1,45.14074726888381,42.12968426804359
winter wheat,1,45.14452019307711,42.136421632674484
winter wheat,1,45.12835051796296,42.269551957781
winter wheat,1,45.12538607752536,42.2590416689568
winter wheat,1,45.14775412809994,42.09680592864481
winter wheat,1,45.119726691235414,42.066892029683636
winter wheat,1,45.15314401980466,42.10030935825288
winter wheat,1,45.1361658609348,42.08629563982061
winter wheat,1,45.148832106440885,42.279253762849486
winter wheat,1,45.132662431326736,42.26173661480916
potato,11,45.12376911001395,42.27197740904812
winter wheat,1,45.13966929054287,42.275211344070954
winter wheat,1,45.142633730980464,42.087104123576324
winter wheat,1,45.1437117093214,42.10542975537236
winter wheat,1,45.115953767042114,42.06311910549033
winter wheat,1,45.12376911001395,42.26874347402529
winter wheat,1,45.134548893423386,42.277636795338076
winter wheat,1,45.143172720150936,42.08333119938302
potato,11,45.14937109561136,42.10300430410524
winter wheat,1,45.13966929054287,42.27871477367902
potato,11,45.132123442156264,42.25769419603062
winter wheat,1,45.142633730980464,42.269012968610525
winter wheat,1,45.150988063122774,42.28033174119043
winter wheat,1,45.14802362268518,42.13857758935637
winter wheat,1,45.14991008478183,42.10542975537236
winter wheat,1,45.13481838800862,42.27386387114477
winter wheat,1,45.1294284963039,42.26766549568435
winter wheat,1,45.119726691235414,42.25769419603062
winter wheat,1,45.119457196650174,42.25338228266685
winter wheat,1,45.1256555721106,42.26820448485482
winter wheat,1,45.117840229138764,42.0703954592917
winter wheat,1,45.129967485474374,42.26631802275817
winter wheat,1,45.14209474180999,42.26604852817293
winter wheat,1,45.14802362268518,42.27386387114477
winter wheat,1,45.132123442156264,42.08602614523538
winter wheat,1,45.14074726888381,42.28114022494614
winter wheat,1,45.144250698491874,42.09303300445151
winter wheat,1,45.14398120390664,42.10462127161665
winter wheat,1,45.12242163708777,42.26739600109911
winter wheat,1,45.12511658294013,42.26550953900246
winter wheat,1,45.13966929054287,42.28275719245755
winter wheat,1,45.14452019307711,42.085217661479675
winter wheat,1,45.14182524722475,42.0876431127468
winter wheat,1,45.140477774298574,42.26874347402529
winter wheat,1,45.12134365874683,42.058268202956086
winter wheat,1,45.136704850105275,42.269551957781
winter wheat,1,45.150988063122774,42.138847083941606
potato,11,45.144250698491874,42.09572795030387
winter wheat,1,45.1391303013724,42.28275719245755
winter wheat,1,45.14721513892947,42.09626693947434
winter wheat,1,45.12242163708777,42.26038914188298
potato,11,45.140477774298574,42.13561314891878
winter wheat,1,45.1504490739523,42.13480466516307
winter wheat,1,45.12700304503678,42.24933986388831
winter wheat,1,45.132392936741496,42.2703604415367
winter wheat,1,45.12080466957636,42.252843293496376
winter wheat,1,45.12754203420725,42.26038914188298
winter wheat,1,45.14586766600329,42.09249401528104
winter wheat,1,45.13104546381532,42.25742470144539
winter wheat,1,45.146676149758996,42.12995376262882
winter wheat,1,45.13724383927574,42.134265675992594
winter wheat,1,45.144250698491874,42.08575665065015
winter wheat,1,45.13158445298579,42.264431560661514
winter wheat,1,45.14452019307711,42.08360069396826
winter wheat,1,45.14937109561136,42.10812470122472
winter wheat,1,45.14532867683282,42.0989618853267
winter wheat,1,45.14452019307711,42.090877047769624
winter wheat,1,45.14748463351471,42.10273480952
winter wheat,1,45.12888950713343,42.283565676213264
winter wheat,1,45.11541477787164,42.06392758924604
winter wheat,1,45.14721513892947,42.27251639821859
winter wheat,1,45.14721513892947,42.279253762849486
winter wheat,1,45.13293192591197,42.28033174119043
winter wheat,1,45.12888950713343,42.24880087471784
winter wheat,1,45.144789687662346,42.264431560661514
winter wheat,1,45.14344221473617,42.124294376338874
winter wheat,1,45.150988063122774,42.09303300445151
winter wheat,1,45.12242163708777,42.263084087735336
winter wheat,1,45.13374040966768,42.27062993612194
winter wheat,1,45.1286200125482,42.08440917772396
winter wheat,1,45.14398120390664,42.27062993612194
winter wheat,1,45.13778282844621,42.287877589577036
winter wheat,1,45.14721513892947,42.12941477345835
winter wheat,1,45.15179654687848,42.10516026078712
winter wheat,1,45.119457196650174,42.06500556758698
winter wheat,1,45.1504490739523,42.10246531493477
winter wheat,1,45.142364236395224,42.27844527909378
winter wheat,1,45.143172720150936,42.10030935825288
winter wheat,1,45.12888950713343,42.264970549831986
winter wheat,1,45.12835051796296,42.24907036930307
winter wheat,1,45.1504490739523,42.09384148820722
winter wheat,1,45.13050647464485,42.081175242701136
winter wheat,1,45.1294284963039,42.258502679786325
winter wheat,1,45.13724383927574,42.285182643724674
winter wheat,1,45.14128625805428,42.09626693947434
winter wheat,1,45.148832106440885,42.101926325764296
winter wheat,1,45.14074726888381,42.2876080949918
winter wheat,1,45.13374040966768,42.087104123576324
winter wheat,1,45.130775969230086,42.27979275201996
winter wheat,1,45.14128625805428,42.28033174119043
winter wheat,1,45.13966929054287,42.287338600406564
winter wheat,1,45.12646405586631,42.27871477367902
winter wheat,1,45.14452019307711,42.10677722829854
winter wheat,1,45.12080466957636,42.26038914188298
winter wheat,1,45.13589636634956,42.28302668704279
winter wheat,1,45.14559817141806,42.2703604415367
winter wheat,1,45.11541477787164,42.06743101885411
winter wheat,1,45.119996185820646,42.2560772285192
winter wheat,1,45.13589636634956,42.08629563982061
winter wheat,1,45.12969799088914,42.0846786723092
potato,11,45.12376911001395,42.27224690363336
winter wheat,1,45.1391303013724,42.26847397944005
winter wheat,1,45.14856261185565,42.13184022472547
winter wheat,1,45.13886080678716,42.128336795117406
potato,11,45.1391303013724,42.125911343850284
winter wheat,1,45.14640665517376,42.10273480952
winter wheat,1,45.14074726888381,42.27009094695147
winter wheat,1,45.12673355045155,42.2665875173434
winter wheat,1,45.13158445298579,42.2808707303609
winter wheat,1,45.14532867683282,42.10812470122472
winter wheat,1,45.15152705229325,42.10812470122472
winter wheat,1,45.124308099184425,42.258502679786325
winter wheat,1,45.125925066695835,42.25311278808161
winter wheat,1,45.12053517499112,42.0636580946608
winter wheat,1,45.138321817616685,42.287338600406564
winter wheat,1,45.132392936741496,42.085217661479675
winter wheat,1,45.12080466957636,42.26362307690581
winter wheat,1,45.14775412809994,42.13749961101543
winter wheat,1,45.12673355045155,42.25553823934873
winter wheat,1,45.140477774298574,42.274941849485714
winter wheat,1,45.14586766600329,42.09276350986627
winter wheat,1,45.14586766600329,42.08979906942868
winter wheat,1,45.126194561281075,42.27655881699713
winter wheat,1,45.142903225565696,42.26739600109911
winter wheat,1,45.11864871289447,42.07362939431453
potato,11,45.146676149758996,42.26820448485482
winter wheat,1,45.12053517499112,42.25823318520109
potato,11,45.13886080678716,42.27817578450855
potato,11,45.142633730980464,42.12698932219123
winter wheat,1,45.14613716058853,42.08818210191727
winter wheat,1,45.14721513892947,42.13318769765166
winter wheat,1,45.13886080678716,42.285452138309914
winter wheat,1,45.14209474180999,42.091416036940096
winter wheat,1,45.149101601026125,42.0922245206958
winter wheat,1,45.14721513892947,42.087104123576324
winter wheat,1,45.14452019307711,42.08548715606491
winter wheat,1,45.117840229138764,42.06904798636552
winter wheat,1,45.1437117093214,42.07767181309307
winter wheat,1,45.138591312201925,42.08171423187161
winter wheat,1,45.14721513892947,42.10219582034953
potato,11,45.1437117093214,42.126719827605996
winter wheat,1,45.126194561281075,42.273055387389064
winter wheat,1,45.12727253962202,42.27170791446289
winter wheat,1,45.14209474180999,42.279523257434725
potato,11,45.14128625805428,42.13022325721406
winter wheat,1,45.12457759376966,42.252573798911136
winter wheat,1,45.14398120390664,42.088990585672974
potato,11,45.149101601026125,42.13318769765166
winter wheat,1,45.125925066695835,42.25931116354204
winter wheat,1,45.12134365874683,42.07551585641118
winter wheat,1,45.13939979595763,42.08791260733203
winter wheat,1,45.13939979595763,42.136421632674484
winter wheat,1,45.14937109561136,42.131301235555
winter wheat,1,45.11891820747971,42.06311910549033
winter wheat,1,45.14532867683282,42.09276350986627
winter wheat,1,45.14856261185565,42.10893318498043
winter wheat,1,45.130775969230086,42.08279221021255
winter wheat,1,45.14398120390664,42.13669112725972
winter wheat,1,45.146945644344235,42.131301235555
winter wheat,1,45.12376911001395,42.269012968610525
winter wheat,1,45.146676149758996,42.0989618853267
winter wheat,1,45.12781152879249,42.08387018855349
winter wheat,1,45.12242163708777,42.064466578416514
winter wheat,1,45.13535737717909,42.084948166894435
winter wheat,1,45.130236980059614,42.2800622466052
winter wheat,1,45.14586766600329,42.09977036908241
winter wheat,1,45.140477774298574,42.13291820306642
winter wheat,1,45.142364236395224,42.08602614523538
winter wheat,1,45.125925066695835,42.2733248819743
potato,11,45.13886080678716,42.13561314891878
winter wheat,1,45.1143367995307,42.06823950260981
winter wheat,1,45.13508788259386,42.08198372645684
winter wheat,1,45.14128625805428,42.12779780594694
potato,11,45.13805232303145,42.080366758945424
winter wheat,1,45.12700304503678,42.273055387389064
winter wheat,1,45.142633730980464,42.09114654235486
winter wheat,1,45.146945644344235,42.13291820306642
winter wheat,1,45.1294284963039,42.2590416689568
winter wheat,1,45.113797810360225,42.067970008024574
winter wheat,1,45.13481838800862,42.26874347402529
potato,11,45.13481838800862,42.28060123577567
winter wheat,1,45.144789687662346,42.093571993621985
winter wheat,1,45.14101676346905,42.09491946654816
winter wheat,1,45.14937109561136,42.275480838656186
winter wheat,1,45.14748463351471,42.10704672288378
winter wheat,1,45.13293192591197,42.081175242701136
winter wheat,1,45.142903225565696,42.27143841987765
winter wheat,1,45.11918770206494,42.06985647012123
winter wheat,1,45.12134365874683,42.06527506217222
winter wheat,1,45.142633730980464,42.10731621746901
winter wheat,1,45.14452019307711,42.09060755318439
winter wheat,1,45.115953767042114,42.067970008024574
winter wheat,1,45.13724383927574,42.275211344070954
winter wheat,1,45.122152142502536,42.262814593150104
winter wheat,1,45.14398120390664,42.10893318498043
winter wheat,1,45.14721513892947,42.13992506228255
winter wheat,1,45.142903225565696,42.09869239074146
winter wheat,1,45.129967485474374,42.26470105524675
winter wheat,1,45.14748463351471,42.08818210191727
winter wheat,1,45.122152142502536,42.25553823934873
winter wheat,1,45.15152705229325,42.136960621844956
winter wheat,1,45.1218826479173,42.06500556758698
winter wheat,1,45.136704850105275,42.271168925292415
winter wheat,1,45.11487578870117,42.06770051343934
winter wheat,1,45.13508788259386,42.08171423187161
winter wheat,1,45.11676225079782,42.07147343763264
winter wheat,1,45.138321817616685,42.27251639821859
winter wheat,1,45.13481838800862,42.27224690363336
winter wheat,1,45.12296062625824,42.06473607300175
winter wheat,1,45.14532867683282,42.279253762849486
winter wheat,1,45.144789687662346,42.283296181628025
potato,11,45.13939979595763,42.13507415974831
winter wheat,1,45.142364236395224,42.08575665065015
winter wheat,1,45.14074726888381,42.08818210191727
winter wheat,1,45.1399387851281,42.08279221021255
winter wheat,1,45.145059182247586,42.107585712054245
winter wheat,1,45.129967485474374,42.27197740904812
winter wheat,1,45.129967485474374,42.279253762849486
winter wheat,1,45.13589636634956,42.2770978061676
winter wheat,1,45.14020827971334,42.09114654235486
winter wheat,1,45.12376911001395,42.26146712022392
winter wheat,1,45.14452019307711,42.265240044417226
winter wheat,1,45.132123442156264,42.08575665065015
winter wheat,1,45.129967485474374,42.28275719245755
winter wheat,1,45.14802362268518,42.13507415974831
winter wheat,1,45.13886080678716,42.131301235555
winter wheat,1,45.132662431326736,42.269282463195765
winter wheat,1,45.14128625805428,42.076863329337364
winter wheat,1,45.14532867683282,42.087104123576324
winter wheat,1,45.14802362268518,42.130492751799295
winter wheat,1,45.1361658609348,42.27898426826425
winter wheat,1,45.1218826479173,42.07551585641118
winter wheat,1,45.12727253962202,42.25499925017826
winter wheat,1,45.150718568537535,42.09977036908241
winter wheat,1,45.12134365874683,42.252034809740664
winter wheat,1,45.14155575263952,42.12321639799793
winter wheat,1,45.11891820747971,42.06716152426887
winter wheat,1,45.145059182247586,42.27251639821859
winter wheat,1,45.129967485474374,42.08198372645684
winter wheat,1,45.14586766600329,42.10704672288378
winter wheat,1,45.145059182247586,42.101656831179056
winter wheat,1,45.12134365874683,42.262545098564864
winter wheat,1,45.14829311727041,42.091416036940096
winter wheat,1,45.1391303013724,42.084948166894435
winter wheat,1,45.12915900171867,42.2657790335877
winter wheat,1,45.14613716058853,42.10516026078712
winter wheat,1,45.125925066695835,42.250148347644014
winter wheat,1,45.115684272456875,42.06554455675745
winter wheat,1,45.13050647464485,42.08575665065015
winter wheat,1,45.13158445298579,42.281409719531375
winter wheat,1,45.14613716058853,42.28033174119043
winter wheat,1,45.146945644344235,42.10704672288378
winter wheat,1,45.150718568537535,42.136421632674484
winter wheat,1,45.14209474180999,42.13318769765166
winter wheat,1,45.131853947571024,42.08387018855349
winter wheat,1,45.13104546381532,42.26631802275817
potato,11,45.14182524722475,42.275480838656186
winter wheat,1,45.12376911001395,42.252034809740664
winter wheat,1,45.14209474180999,42.089529574843446
winter wheat,1,45.132123442156264,42.27790628992331
winter wheat,1,45.142364236395224,42.10462127161665
winter wheat,1,45.1399387851281,42.132648708481184
winter wheat,1,45.144250698491874,42.13669112725972
winter wheat,1,45.119457196650174,42.25446026100779
winter wheat,1,45.13481838800862,42.27467235490048
winter wheat,1,45.13966929054287,42.28248769787232
winter wheat,1,45.15017957936706,42.091416036940096
winter wheat,1,45.14559817141806,42.271168925292415
winter wheat,1,45.136435355520035,42.26847397944005
winter wheat,1,45.144789687662346,42.28114022494614
winter wheat,1,45.122152142502536,42.07632434016689
winter wheat,1,45.144789687662346,42.10623823912807
winter wheat,1,45.14748463351471,42.28033174119043
winter wheat,1,45.1391303013724,42.279253762849486
winter wheat,1,45.15206604146372,42.13749961101543
winter wheat,1,45.132392936741496,42.27790628992331
winter wheat,1,45.12053517499112,42.06770051343934
winter wheat,1,45.14101676346905,42.279253762849486
winter wheat,1,45.134548893423386,42.27278589280383
winter wheat,1,45.132662431326736,42.27979275201996
winter wheat,1,45.11864871289447,42.0703954592917
winter wheat,1,45.13050647464485,42.26011964729774
winter wheat,1,45.12269113167301,42.066353040513164
winter wheat,1,45.14640665517376,42.10623823912807
winter wheat,1,45.1534135143899,42.09815340157099
winter wheat,1,45.120265680405886,42.06123264339368
winter wheat,1,45.120265680405886,42.262545098564864
winter wheat,1,45.124308099184425,42.25796369061585
winter wheat,1,45.14532867683282,42.275211344070954
winter wheat,1,45.13778282844621,42.28114022494614
winter wheat,1,45.12754203420725,42.26982145236624
winter wheat,1,45.131853947571024,42.26227560397963
winter wheat,1,45.144250698491874,42.093571993621985
winter wheat,1,45.14613716058853,42.2770978061676
winter wheat,1,45.14452019307711,42.263353582320576
winter wheat,1,45.12969799088914,42.263353582320576
winter wheat,1,45.1361658609348,42.27251639821859
potato,11,45.14209474180999,42.13210971931071
winter wheat,1,45.14559817141806,42.27386387114477
winter wheat,1,45.149101601026125,42.279523257434725
winter wheat,1,45.14829311727041,42.10704672288378
potato,11,45.150718568537535,42.279253762849486
winter wheat,1,45.15314401980466,42.09977036908241
winter wheat,1,45.13778282844621,42.28248769787232
winter wheat,1,45.1294284963039,42.26982145236624
winter wheat,1,45.14452019307711,42.26470105524675
winter wheat,1,45.130775969230086,42.08144473728637
winter wheat,1,45.145059182247586,42.09977036908241
winter wheat,1,45.142903225565696,42.277636795338076
winter wheat,1,45.14452019307711,42.09411098279246
winter wheat,1,45.14209474180999,42.28410466538374
winter wheat,1,45.131853947571024,42.27359437655954
winter wheat,1,45.13400990425291,42.2665875173434
winter wheat,1,45.13939979595763,42.0846786723092
winter wheat,1,45.12296062625824,42.262545098564864
winter wheat,1,45.1437117093214,42.26739600109911
winter wheat,1,45.14829311727041,42.084948166894435
winter wheat,1,45.140477774298574,42.08926008025821
winter wheat,1,45.1256555721106,42.07524636182595
potato,11,45.14398120390664,42.12564184926505
winter wheat,1,45.13535737717909,42.2808707303609
winter wheat,1,45.13293192591197,42.2733248819743
winter wheat,1,45.12646405586631,42.25446026100779
winter wheat,1,45.146945644344235,42.10623823912807
winter wheat,1,45.142633730980464,42.09195502611057
winter wheat,1,45.130775969230086,42.26739600109911
winter wheat,1,45.14613716058853,42.083061704797785
winter wheat,1,45.12323012084348,42.262814593150104
winter wheat,1,45.13131495840055,42.26550953900246
winter wheat,1,45.140477774298574,42.27170791446289
winter wheat,1,45.14101676346905,42.27817578450855
winter wheat,1,45.14586766600329,42.09869239074146
winter wheat,1,45.132123442156264,42.086834628991085
winter wheat,1,45.14613716058853,42.09006856401392
winter wheat,1,45.14775412809994,42.132648708481184
potato,11,45.143172720150936,42.12698932219123
winter wheat,1,45.146945644344235,42.13022325721406
winter wheat,1,45.12323012084348,42.265240044417226
winter wheat,1,45.12161315333206,42.064197083831274
winter wheat,1,45.12673355045155,42.07821080226354
winter wheat,1,45.13050647464485,42.28194870870185
winter wheat,1,45.134548893423386,42.08575665065015
winter wheat,1,45.144789687662346,42.10084834742335
winter wheat,1,45.14532867683282,42.081175242701136
winter wheat,1,45.12323012084348,42.260658636468214
winter wheat,1,45.14640665517376,42.0876431127468
winter wheat,1,45.146676149758996,42.273055387389064
potato,11,45.15152705229325,42.095458455718635
winter wheat,1,45.13697434469051,42.27197740904812
winter wheat,1,45.124038604599185,42.074168383485
winter wheat,1,45.12781152879249,42.273055387389064
winter wheat,1,45.130775969230086,42.26011964729774
winter wheat,1,45.119726691235414,42.072551415973585
winter wheat,1,45.13347091508244,42.269012968610525
winter wheat,1,45.143172720150936,42.079288780604486
winter wheat,1,45.149101601026125,42.13291820306642
winter wheat,1,45.118109723724,42.25553823934873
winter wheat,1,45.13293192591197,42.26416206607628
winter wheat,1,45.12915900171867,42.08413968313873
winter wheat,1,45.11622326162735,42.064197083831274
winter wheat,1,45.13104546381532,42.283565676213264
winter wheat,1,45.1361658609348,42.285452138309914
winter wheat,1,45.131853947571024,42.08252271562731
winter wheat,1,45.13778282844621,42.270899430707175
winter wheat,1,45.12781152879249,42.27682831158236
winter wheat,1,45.12673355045155,42.0771328239226
winter wheat,1,45.1218826479173,42.07228192138835
winter wheat,1,45.14398120390664,42.27601982782666
winter wheat,1,45.13886080678716,42.275480838656186
winter wheat,1,45.14856261185565,42.099231379911934
winter wheat,1,45.136435355520035,42.27009094695147
winter wheat,1,45.14640665517376,42.08548715606491
winter wheat,1,45.1286200125482,42.263084087735336
winter wheat,1,45.142364236395224,42.26982145236624
winter wheat,1,45.15233553604895,42.10920267956566
winter wheat,1,45.1437117093214,42.091416036940096
winter wheat,1,45.14856261185565,42.27440286031524
winter wheat,1,45.140477774298574,42.090877047769624
winter wheat,1,45.14991008478183,42.0876431127468
winter wheat,1,45.124308099184425,42.25823318520109
winter wheat,1,45.132123442156264,42.25742470144539
winter wheat,1,45.152874525219424,42.099231379911934
winter wheat,1,45.13589636634956,42.28033174119043
winter wheat,1,45.14991008478183,42.09006856401392
winter wheat,1,45.129967485474374,42.269012968610525
winter wheat,1,45.124038604599185,42.250956831399726
winter wheat,1,45.13886080678716,42.28033174119043
potato,11,45.13400990425291,42.2703604415367
winter wheat,1,45.13104546381532,42.258502679786325
winter wheat,1,45.128081023377725,42.0876431127468
winter wheat,1,45.14829311727041,42.09572795030387
winter wheat,1,45.14452019307711,42.12698932219123
winter wheat,1,45.129967485474374,42.26766549568435
winter wheat,1,45.149101601026125,42.090877047769624
winter wheat,1,45.13347091508244,42.28060123577567
winter wheat,1,45.12700304503678,42.277636795338076
winter wheat,1,45.14532867683282,42.27062993612194
winter wheat,1,45.146945644344235,42.091416036940096
winter wheat,1,45.142364236395224,42.07632434016689
winter wheat,1,45.12646405586631,42.26227560397963
winter wheat,1,45.14128625805428,42.07740231850783
potato,11,45.14991008478183,42.08602614523538
winter wheat,1,45.15017957936706,42.08737361816156
winter wheat,1,45.149101601026125,42.09707542323005
winter wheat,1,45.148832106440885,42.095188961133395
winter wheat,1,45.13508788259386,42.08225322104208
winter wheat,1,45.1504490739523,42.13723011643019
winter wheat,1,45.128081023377725,42.27413336573001
winter wheat,1,45.119996185820646,42.06069365422321
winter wheat,1,45.132392936741496,42.08279221021255
winter wheat,1,45.13751333386098,42.281409719531375
potato,11,45.13562687176433,42.2800622466052
winter wheat,1,45.1286200125482,42.269282463195765
winter wheat,1,45.150988063122774,42.13669112725972
winter wheat,1,45.12781152879249,42.08440917772396
winter wheat,1,45.12700304503678,42.2733248819743
winter wheat,1,45.145059182247586,42.10516026078712
winter wheat,1,45.13050647464485,42.269282463195765
winter wheat,1,45.12700304503678,42.248531380132604
winter wheat,1,45.12538607752536,42.265240044417226
winter wheat,1,45.13374040966768,42.27979275201996
winter wheat,1,45.142364236395224,42.26604852817293
winter wheat,1,45.142903225565696,42.27197740904812
winter wheat,1,45.14775412809994,42.09707542323005
winter wheat,1,45.14991008478183,42.10704672288378
winter wheat,1,45.136435355520035,42.27682831158236
winter wheat,1,45.13939979595763,42.27251639821859
winter wheat,1,45.12538607752536,42.269282463195765
winter wheat,1,45.14856261185565,42.09114654235486
winter wheat,1,45.146945644344235,42.275211344070954
winter wheat,1,45.14452019307711,42.27062993612194
winter wheat,1,45.143172720150936,42.10084834742335
winter wheat,1,45.119457196650174,42.074437878070235
winter wheat,1,45.12134365874683,42.26200610939439
winter wheat,1,45.145059182247586,42.10489076620189
winter wheat,1,45.124308099184425,42.252843293496376
winter wheat,1,45.130775969230086,42.27386387114477
potato,11,45.1391303013724,42.13561314891878
winter wheat,1,45.14586766600329,42.27817578450855
winter wheat,1,45.15206604146372,42.09384148820722
winter wheat,1,45.14964059019659,42.277367300752836
winter wheat,1,45.14020827971334,42.281409719531375
winter wheat,1,45.12349961542871,42.26173661480916
winter wheat,1,45.14101676346905,42.26820448485482
winter wheat,1,45.12673355045155,42.26847397944005
winter wheat,1,45.12781152879249,42.25122632598496
winter wheat,1,45.1256555721106,42.26874347402529
winter wheat,1,45.12781152879249,42.2703604415367
winter wheat,1,45.1294284963039,42.26793499026958
winter wheat,1,45.14748463351471,42.13399618140736
winter wheat,1,45.12835051796296,42.265240044417226
winter wheat,1,45.13104546381532,42.270899430707175
winter wheat,1,45.13158445298579,42.277367300752836
winter wheat,1,45.1399387851281,42.27790628992331
winter wheat,1,45.14128625805428,42.274941849485714
winter wheat,1,45.14182524722475,42.12510286009458
winter wheat,1,45.146945644344235,42.10057885283812
winter wheat,1,45.12107416416159,42.062310621734625
winter wheat,1,45.14182524722475,42.10057885283812
winter wheat,1,45.130236980059614,42.085217661479675
winter wheat,1,45.131853947571024,42.269551957781
winter wheat,1,45.14532867683282,42.26793499026958
winter wheat,1,45.14128625805428,42.28060123577567
winter wheat,1,45.145059182247586,42.08225322104208
winter wheat,1,45.122152142502536,42.26146712022392
winter wheat,1,45.14613716058853,42.279253762849486
winter wheat,1,45.14802362268518,42.09653643405958
winter wheat,1,45.13778282844621,42.28033174119043
winter wheat,1,45.12053517499112,42.06743101885411
winter wheat,1,45.132392936741496,42.27251639821859
potato,11,45.14020827971334,42.13318769765166
winter wheat,1,45.12269113167301,42.25769419603062
winter wheat,1,45.119457196650174,42.06823950260981
winter wheat,1,45.14964059019659,42.09464997196293
winter wheat,1,45.146945644344235,42.09491946654816
winter wheat,1,45.120265680405886,42.06527506217222
winter wheat,1,45.1361658609348,42.08413968313873
winter wheat,1,45.126194561281075,42.27413336573001
winter wheat,1,45.13293192591197,42.08575665065015
winter wheat,1,45.142364236395224,42.087104123576324
winter wheat,1,45.14532867683282,42.09977036908241
winter wheat,1,45.14155575263952,42.08360069396826
winter wheat,1,45.1361658609348,42.27601982782666
winter wheat,1,45.138591312201925,42.270899430707175
winter wheat,1,45.12646405586631,42.25985015271251
winter wheat,1,45.11703174538305,42.06500556758698
winter wheat,1,45.152874525219424,42.10273480952
winter wheat,1,45.14128625805428,42.078749791434014
winter wheat,1,45.120265680405886,42.26146712022392
winter wheat,1,45.143172720150936,42.10893318498043
winter wheat,1,45.119996185820646,42.25985015271251
winter wheat,1,45.12323012084348,42.254729755593026
winter wheat,1,45.14937109561136,42.10677722829854
winter wheat,1,45.14964059019659,42.099231379911934
winter wheat,1,45.128081023377725,42.08171423187161
winter wheat,1,45.12673355045155,42.25446026100779
winter wheat,1,45.13589636634956,42.26820448485482
winter wheat,1,45.125925066695835,42.27359437655954
winter wheat,1,45.124038604599185,42.25499925017826
winter wheat,1,45.138321817616685,42.080905748115896
potato,11,45.142903225565696,42.1275283113617
winter wheat,1,45.12835051796296,42.25769419603062
winter wheat,1,45.130236980059614,42.27170791446289
winter wheat,1,45.142903225565696,42.27817578450855
winter wheat,1,45.14802362268518,42.09599744488911
winter wheat,1,45.14532867683282,42.13022325721406
winter wheat,1,45.13886080678716,42.0846786723092
winter wheat,1,45.12511658294013,42.269551957781
winter wheat,1,45.13158445298579,42.0876431127468
winter wheat,1,45.13589636634956,42.27601982782666
winter wheat,1,45.14856261185565,42.277367300752836
winter wheat,1,45.12134365874683,42.26173661480916
winter wheat,1,45.12646405586631,42.258772174371565
winter wheat,1,45.132123442156264,42.28275719245755
winter wheat,1,45.14586766600329,42.27628932241189
winter wheat,1,45.142364236395224,42.27251639821859
winter wheat,1,45.130775969230086,42.273055387389064
winter wheat,1,45.1437117093214,42.264970549831986
winter wheat,1,45.13805232303145,42.13480466516307
winter wheat,1,45.12080466957636,42.06150213797892
winter wheat,1,45.12969799088914,42.283565676213264
winter wheat,1,45.13481838800862,42.27062993612194
winter wheat,1,45.122152142502536,42.26011964729774
winter wheat,1,45.14775412809994,42.09464997196293
winter wheat,1,45.142364236395224,42.10650773371331
winter wheat,1,45.12915900171867,42.27844527909378
winter wheat,1,45.1399387851281,42.26820448485482
winter wheat,1,45.119457196650174,42.06770051343934
winter wheat,1,45.13158445298579,42.2800622466052
winter wheat,1,45.14209474180999,42.27601982782666
winter wheat,1,45.146676149758996,42.10866369039519
winter wheat,1,45.149101601026125,42.08979906942868
winter wheat,1,45.1504490739523,42.13938607311208
winter wheat,1,45.15206604146372,42.09438047737769
winter wheat,1,45.125925066695835,42.260658636468214
winter wheat,1,45.117840229138764,42.06985647012123
winter wheat,1,45.126194561281075,42.25553823934873
winter wheat,1,45.12511658294013,42.27386387114477
winter wheat,1,45.132392936741496,42.27413336573001
winter wheat,1,45.13131495840055,42.2808707303609
winter wheat,1,45.14209474180999,42.26847397944005
potato,11,45.14398120390664,42.126450333020756
winter wheat,1,45.14586766600329,42.08575665065015
winter wheat,1,45.14640665517376,42.08872109108774
winter wheat,1,45.14721513892947,42.10030935825288
winter wheat,1,45.12296062625824,42.062310621734625
winter wheat,1,45.150988063122774,42.10623823912807
winter wheat,1,45.15314401980466,42.105968744542835
winter wheat,1,45.12296062625824,42.25985015271251
winter wheat,1,45.12888950713343,42.0876431127468
winter wheat,1,45.13966929054287,42.27440286031524
winter wheat,1,45.1391303013724,42.28679961123609
winter wheat,1,45.132123442156264,42.26820448485482
winter wheat,1,45.1361658609348,42.27143841987765
winter wheat,1,45.145059182247586,42.26362307690581
winter wheat,1,45.134279398838146,42.084948166894435
winter wheat,1,45.14074726888381,42.281679214116615
winter wheat,1,45.12511658294013,42.2665875173434
winter wheat,1,45.14209474180999,42.26631802275817
winter wheat,1,45.14344221473617,42.26739600109911
winter wheat,1,45.129967485474374,42.275750333241426
winter wheat,1,45.142903225565696,42.28275719245755
winter wheat,1,45.13589636634956,42.08225322104208
winter wheat,1,45.13589636634956,42.08440917772396
winter wheat,1,45.119996185820646,42.060424159637975
winter wheat,1,45.134279398838146,42.08602614523538
winter wheat,1,45.11703174538305,42.068778491780286
potato,11,45.145059182247586,42.10327379869047
winter wheat,1,45.14209474180999,42.285991127480386
winter wheat,1,45.11649275621258,42.06904798636552
winter wheat,1,45.14964059019659,42.09438047737769
winter wheat,1,45.150718568537535,42.09599744488911
winter wheat,1,45.1399387851281,42.27009094695147
winter wheat,1,45.13374040966768,42.26793499026958
winter wheat,1,45.143172720150936,42.08360069396826
winter wheat,1,45.14398120390664,42.132648708481184
winter wheat,1,45.13966929054287,42.13022325721406
winter wheat,1,45.12161315333206,42.26389257149104
winter wheat,1,45.142364236395224,42.10839419580996
winter wheat,1,45.12269113167301,42.26038914188298
winter wheat,1,45.14721513892947,42.10650773371331
winter wheat,1,45.142903225565696,42.27278589280383
winter wheat,1,45.14182524722475,42.10920267956566
winter wheat,1,45.11891820747971,42.06527506217222
winter wheat,1,45.11918770206494,42.258772174371565
winter wheat,1,45.13400990425291,42.27224690363336
winter wheat,1,45.14613716058853,42.281409719531375
winter wheat,1,45.14559817141806,42.130762246384535
winter wheat,1,45.14991008478183,42.13291820306642
winter wheat,1,45.12457759376966,42.250148347644014
winter wheat,1,45.134279398838146,42.26362307690581
winter wheat,1,45.12161315333206,42.262545098564864
winter wheat,1,45.14344221473617,42.09060755318439
winter wheat,1,45.14532867683282,42.107585712054245
winter wheat,1,45.14613716058853,42.085217661479675
winter wheat,1,45.14721513892947,42.09411098279246
winter wheat,1,45.14155575263952,42.12914527887312
winter wheat,1,45.14398120390664,42.0922245206958
winter wheat,1,45.1256555721106,42.26416206607628
winter wheat,1,45.145059182247586,42.26550953900246
winter wheat,1,45.12538607752536,42.25634672310444
winter wheat,1,45.13374040966768,42.26200610939439
winter wheat,1,45.12700304503678,42.26982145236624
winter wheat,1,45.124308099184425,42.25446026100779
winter wheat,1,45.1218826479173,42.05745971920038
winter wheat,1,45.14209474180999,42.08413968313873
winter wheat,1,45.13805232303145,42.08171423187161
winter wheat,1,45.1399387851281,42.2703604415367
winter wheat,1,45.14721513892947,42.273055387389064
winter wheat,1,45.148832106440885,42.27655881699713
winter wheat,1,45.14802362268518,42.279523257434725
winter wheat,1,45.13778282844621,42.28221820328708
winter wheat,1,45.1437117093214,42.13318769765166
winter wheat,1,45.136704850105275,42.283565676213264
winter wheat,1,45.13724383927574,42.274941849485714
winter wheat,1,45.14209474180999,42.08979906942868
winter wheat,1,45.142633730980464,42.09815340157099
winter wheat,1,45.144250698491874,42.275480838656186
winter wheat,1,45.142633730980464,42.12321639799793
winter wheat,1,45.1256555721106,42.25634672310444
winter wheat,1,45.142633730980464,42.13372668682213
winter wheat,1,45.131853947571024,42.08063625353066
winter wheat,1,45.142633730980464,42.105968744542835
winter wheat,1,45.14748463351471,42.09788390698576
winter wheat,1,45.1294284963039,42.27979275201996
winter wheat,1,45.14532867683282,42.28060123577567
winter wheat,1,45.1248470883549,42.252034809740664
winter wheat,1,45.1286200125482,42.24933986388831
winter wheat,1,45.13508788259386,42.27251639821859
winter wheat,1,45.124038604599185,42.25958065812727
winter wheat,1,45.1399387851281,42.266857011928636
winter wheat,1,45.14991008478183,42.10462127161665
winter wheat,1,45.12888950713343,42.250417842229254
winter wheat,1,45.142364236395224,42.09572795030387
winter wheat,1,45.13158445298579,42.26604852817293
winter wheat,1,45.12538607752536,42.2560772285192
winter wheat,1,45.12969799088914,42.27467235490048
winter wheat,1,45.142364236395224,42.08440917772396
winter wheat,1,45.142903225565696,42.10057885283812
winter wheat,1,45.145059182247586,42.12914527887312
winter wheat,1,45.14721513892947,42.09384148820722
winter wheat,1,45.146676149758996,42.27359437655954
winter wheat,1,45.149101601026125,42.09869239074146
winter wheat,1,45.12080466957636,42.25553823934873
winter wheat,1,45.132123442156264,42.27413336573001
winter wheat,1,45.15206604146372,42.10920267956566
winter wheat,1,45.14020827971334,42.27440286031524
winter wheat,1,45.119726691235414,42.06985647012123
winter wheat,1,45.12242163708777,42.26146712022392
winter wheat,1,45.14559817141806,42.275211344070954
winter wheat,1,45.1399387851281,42.28302668704279
winter wheat,1,45.12888950713343,42.277367300752836
winter wheat,1,45.1256555721106,42.26631802275817
winter wheat,1,45.142903225565696,42.28194870870185
winter wheat,1,45.13939979595763,42.28060123577567
winter wheat,1,45.148832106440885,42.09195502611057
winter wheat,1,45.117840229138764,42.06500556758698
winter wheat,1,45.14101676346905,42.2838351707985
winter wheat,1,45.14964059019659,42.279523257434725
winter wheat,1,45.14074726888381,42.2800622466052
winter wheat,1,45.12969799088914,42.08225322104208
winter wheat,1,45.14155575263952,42.26604852817293
winter wheat,1,45.14586766600329,42.105699249957595
winter wheat,1,45.15152705229325,42.09653643405958
winter wheat,1,45.14209474180999,42.08198372645684
winter wheat,1,45.144789687662346,42.26820448485482
winter wheat,1,45.14937109561136,42.10893318498043
winter wheat,1,45.1437117093214,42.13534365433354
winter wheat,1,45.13886080678716,42.28248769787232
winter wheat,1,45.14344221473617,42.08629563982061
winter wheat,1,45.132662431326736,42.08413968313873
winter wheat,1,45.12538607752536,42.269551957781
winter wheat,1,45.12888950713343,42.27278589280383
winter wheat,1,45.12754203420725,42.08629563982061
winter wheat,1,45.12835051796296,42.26011964729774
winter wheat,1,45.142364236395224,42.26793499026958
winter wheat,1,45.120265680405886,42.07120394304741
winter wheat,1,45.14182524722475,42.08413968313873
winter wheat,1,45.14748463351471,42.27844527909378
winter wheat,1,45.129967485474374,42.27062993612194
winter wheat,1,45.14155575263952,42.27871477367902
winter wheat,1,45.14829311727041,42.09680592864481
winter wheat,1,45.1256555721106,42.26766549568435
winter wheat,1,45.12835051796296,42.26416206607628
winter wheat,1,45.13939979595763,42.279523257434725
winter wheat,1,45.152605030634184,42.10057885283812
winter wheat,1,45.142633730980464,42.132379213895945
winter wheat,1,45.14829311727041,42.132379213895945
winter wheat,1,45.1437117093214,42.27898426826425
winter wheat,1,45.12646405586631,42.27386387114477
winter wheat,1,45.14937109561136,42.10623823912807
winter wheat,1,45.14775412809994,42.27979275201996
winter wheat,1,45.13939979595763,42.28572163289515
winter wheat,1,45.1248470883549,42.26146712022392
winter wheat,1,45.12511658294013,42.26227560397963
winter wheat,1,45.145059182247586,42.08387018855349
winter wheat,1,45.14991008478183,42.09114654235486
winter wheat,1,45.1361658609348,42.2703604415367
winter wheat,1,45.131853947571024,42.27224690363336
winter wheat,1,45.14182524722475,42.28626062206562
potato,11,45.146945644344235,42.10327379869047
winter wheat,1,45.119996185820646,42.25796369061585
winter wheat,1,45.13104546381532,42.2770978061676
winter wheat,1,45.14182524722475,42.26847397944005
winter wheat,1,45.14155575263952,42.12510286009458
winter wheat,1,45.12376911001395,42.26550953900246
winter wheat,1,45.1294284963039,42.27817578450855
winter wheat,1,45.144250698491874,42.10273480952
winter wheat,1,45.14640665517376,42.12968426804359
winter wheat,1,45.13481838800862,42.08629563982061
winter wheat,1,45.136435355520035,42.27170791446289
potato,11,45.14964059019659,42.13399618140736
winter wheat,1,45.14721513892947,42.08872109108774
winter wheat,1,45.12727253962202,42.25446026100779
winter wheat,1,45.144250698491874,42.09653643405958
winter wheat,1,45.15152705229325,42.13507415974831
winter wheat,1,45.146945644344235,42.281409719531375
winter wheat,1,45.13589636634956,42.277636795338076
winter wheat,1,45.14398120390664,42.07821080226354
winter wheat,1,45.12835051796296,42.27844527909378
winter wheat,1,45.134548893423386,42.27979275201996
winter wheat,1,45.14991008478183,42.09869239074146
winter wheat,1,45.128081023377725,42.275480838656186
winter wheat,1,45.13535737717909,42.27601982782666
winter wheat,1,45.134279398838146,42.277636795338076
winter wheat,1,45.13966929054287,42.08440917772396
winter wheat,1,45.12727253962202,42.260658636468214
winter wheat,1,45.14155575263952,42.08279221021255
winter wheat,1,45.14209474180999,42.12806730053217
winter wheat,1,45.150718568537535,42.10300430410524
winter wheat,1,45.13104546381532,42.265240044417226
winter wheat,1,45.1286200125482,42.0876431127468
winter wheat,1,45.13374040966768,42.08737361816156
winter wheat,1,45.14721513892947,42.08333119938302
winter wheat,1,45.11541477787164,42.064466578416514
winter wheat,1,45.1294284963039,42.26631802275817
winter wheat,1,45.142364236395224,42.101117842008584
winter wheat,1,45.12700304503678,42.262545098564864
winter wheat,1,45.14344221473617,42.124024881753634
winter wheat,1,45.142903225565696,42.13210971931071
winter wheat,1,45.14856261185565,42.09411098279246
winter wheat,1,45.12242163708777,42.258772174371565
winter wheat,1,45.142903225565696,42.2800622466052
winter wheat,1,45.12727253962202,42.277367300752836
winter wheat,1,45.138321817616685,42.126719827605996
winter wheat,1,45.12323012084348,42.0636580946608
winter wheat,1,45.13481838800862,42.26847397944005
potato,11,45.140477774298574,42.13507415974831
winter wheat,1,45.1534135143899,42.10057885283812
winter wheat,1,45.12161315333206,42.252573798911136
winter wheat,1,45.12296062625824,42.26416206607628
winter wheat,1,45.12242163708777,42.25419076642255
winter wheat,1,45.13724383927574,42.27062993612194
winter wheat,1,45.15179654687848,42.09680592864481
winter wheat,1,45.13508788259386,42.2665875173434
winter wheat,1,45.14640665517376,42.101387336593824
winter wheat,1,45.138321817616685,42.084948166894435
winter wheat,1,45.1218826479173,42.26011964729774
winter wheat,1,45.150718568537535,42.10623823912807
winter wheat,1,45.15233553604895,42.10408228244618
potato,11,45.1504490739523,42.13399618140736
winter wheat,1,45.12915900171867,42.269282463195765
winter wheat,1,45.1399387851281,42.08252271562731
winter wheat,1,45.14398120390664,42.10704672288378
winter wheat,1,45.14559817141806,42.27790628992331
winter wheat,1,45.14559817141806,42.27062993612194
winter wheat,1,45.1286200125482,42.281679214116615
winter wheat,1,45.13966929054287,42.26874347402529
winter wheat,1,45.14398120390664,42.263084087735336
winter wheat,1,45.14964059019659,42.27844527909378
winter wheat,1,45.14182524722475,42.079288780604486
winter wheat,1,45.132392936741496,42.08548715606491
winter wheat,1,45.12161315333206,42.26011964729774
winter wheat,1,45.12376911001395,42.26227560397963
winter wheat,1,45.14586766600329,42.27682831158236
winter wheat,1,45.128081023377725,42.083061704797785
winter wheat,1,45.142364236395224,42.124563870924106
winter wheat,1,45.12349961542871,42.26092813105345
winter wheat,1,45.140477774298574,42.089529574843446
winter wheat,1,45.138591312201925,42.285182643724674
potato,11,45.144789687662346,42.124024881753634
winter wheat,1,45.14209474180999,42.101926325764296
winter wheat,1,45.124038604599185,42.27143841987765
winter wheat,1,45.13400990425291,42.27979275201996
winter wheat,1,45.12242163708777,42.25499925017826
winter wheat,1,45.12269113167301,42.07551585641118
winter wheat,1,45.138591312201925,42.28060123577567
winter wheat,1,45.11891820747971,42.066892029683636
winter wheat,1,45.13320142049721,42.27467235490048
winter wheat,1,45.12107416416159,42.25742470144539
winter wheat,1,45.138591312201925,42.27440286031524
winter wheat,1,45.122152142502536,42.05961567588226
winter wheat,1,45.142364236395224,42.09006856401392
winter wheat,1,45.12080466957636,42.26416206607628
winter wheat,1,45.128081023377725,42.08656513440585
winter wheat,1,45.14613716058853,42.09114654235486
winter wheat,1,45.14586766600329,42.136421632674484
winter wheat,1,45.128081023377725,42.08279221021255
winter wheat,1,45.13778282844621,42.2770978061676
winter wheat,1,45.14452019307711,42.12618083843552
winter wheat,1,45.12511658294013,42.27062993612194
winter wheat,1,45.122152142502536,42.062310621734625
winter wheat,1,45.146676149758996,42.09438047737769
winter wheat,1,45.14748463351471,42.139116578526846
winter wheat,1,45.132392936741496,42.25985015271251
potato,11,45.13778282844621,42.12995376262882
winter wheat,1,45.13697434469051,42.26793499026958
potato,11,45.14991008478183,42.08818210191727
winter wheat,1,45.12835051796296,42.08440917772396
winter wheat,1,45.12969799088914,42.26874347402529
winter wheat,1,45.13966929054287,42.08791260733203
winter wheat,1,45.1286200125482,42.08413968313873
winter wheat,1,45.140477774298574,42.27844527909378
winter wheat,1,45.12888950713343,42.26739600109911
winter wheat,1,45.14721513892947,42.10516026078712
winter wheat,1,45.14991008478183,42.10408228244618
winter wheat,1,45.14344221473617,42.09411098279246
winter wheat,1,45.1391303013724,42.27197740904812
winter wheat,1,45.14559817141806,42.130492751799295
winter wheat,1,45.13481838800862,42.087104123576324
winter wheat,1,45.1361658609348,42.28275719245755
winter wheat,1,45.13966929054287,42.27467235490048
winter wheat,1,45.12781152879249,42.25553823934873
winter wheat,1,45.13751333386098,42.281679214116615
winter wheat,1,45.11891820747971,42.07228192138835
winter wheat,1,45.12835051796296,42.270899430707175
winter wheat,1,45.13535737717909,42.08171423187161
winter wheat,1,45.13481838800862,42.08063625353066
winter wheat,1,45.132662431326736,42.2703604415367
winter wheat,1,45.134279398838146,42.27817578450855
winter wheat,1,45.12080466957636,42.06258011631986
winter wheat,1,45.12080466957636,42.254729755593026
winter wheat,1,45.13724383927574,42.28221820328708
winter wheat,1,45.12915900171867,42.273055387389064
winter wheat,1,45.13158445298579,42.273055387389064
winter wheat,1,45.14155575263952,42.126450333020756
winter wheat,1,45.12538607752536,42.264431560661514
winter wheat,1,45.1294284963039,42.08360069396826
winter wheat,1,45.13805232303145,42.08387018855349
winter wheat,1,45.144789687662346,42.081175242701136
winter wheat,1,45.14182524722475,42.088990585672974
winter wheat,1,45.12538607752536,42.25338228266685
winter wheat,1,45.14640665517376,42.12914527887312
winter wheat,1,45.1143367995307,42.066892029683636
winter wheat,1,45.12538607752536,42.26982145236624
winter wheat,1,45.14775412809994,42.08602614523538
potato,11,45.140477774298574,42.12779780594694
winter wheat,1,45.13886080678716,42.2770978061676
winter wheat,1,45.1294284963039,42.250956831399726
winter wheat,1,45.13320142049721,42.2733248819743
winter wheat,1,45.12269113167301,42.06150213797892
winter wheat,1,45.145059182247586,42.27413336573001
winter wheat,1,45.1286200125482,42.258502679786325
winter wheat,1,45.14856261185565,42.084948166894435
winter wheat,1,45.130775969230086,42.083061704797785
winter wheat,1,45.14128625805428,42.078480296848774
winter wheat,1,45.131853947571024,42.275211344070954
winter wheat,1,45.14775412809994,42.13830809477113
winter wheat,1,45.129967485474374,42.2590416689568
winter wheat,1,45.13751333386098,42.279523257434725
winter wheat,1,45.14613716058853,42.27197740904812
winter wheat,1,45.12646405586631,42.274941849485714
winter wheat,1,45.13724383927574,42.084948166894435
winter wheat,1,45.138321817616685,42.26982145236624
winter wheat,1,45.12700304503678,42.27197740904812
winter wheat,1,45.130236980059614,42.281409719531375
winter wheat,1,45.14721513892947,42.10866369039519
winter wheat,1,45.12349961542871,42.25419076642255
winter wheat,1,45.126194561281075,42.2560772285192
winter wheat,1,45.13347091508244,42.08818210191727
winter wheat,1,45.14128625805428,42.283565676213264
winter wheat,1,45.145059182247586,42.2808707303609
winter wheat,1,45.12727253962202,42.264970549831986
winter wheat,1,45.14613716058853,42.09977036908241
winter wheat,1,45.12511658294013,42.26362307690581
winter wheat,1,45.14398120390664,42.08333119938302
winter wheat,1,45.138591312201925,42.134265675992594
winter wheat,1,45.14182524722475,42.09977036908241
winter wheat,1,45.14398120390664,42.269012968610525
winter wheat,1,45.144250698491874,42.079288780604486
winter wheat,1,45.13966929054287,42.28464365455421
winter wheat,1,45.143172720150936,42.26550953900246
winter wheat,1,45.142364236395224,42.09303300445151
winter wheat,1,45.14344221473617,42.136421632674484
winter wheat,1,45.12754203420725,42.25392127183732
winter wheat,1,45.144250698491874,42.09599744488911
winter wheat,1,45.145059182247586,42.26389257149104
winter wheat,1,45.14532867683282,42.08225322104208
winter wheat,1,45.115684272456875,42.068778491780286
winter wheat,1,45.1248470883549,42.27359437655954
winter wheat,1,45.1256555721106,42.2552687447635
potato,11,45.13966929054287,42.13534365433354
winter wheat,1,45.144789687662346,42.27844527909378
winter wheat,1,45.131853947571024,42.270899430707175
winter wheat,1,45.12538607752536,42.26173661480916
winter wheat,1,45.145059182247586,42.13830809477113
winter wheat,1,45.144250698491874,42.101656831179056
winter wheat,1,45.14721513892947,42.274941849485714
winter wheat,1,45.14182524722475,42.09842289615623
winter wheat,1,45.136704850105275,42.28060123577567
winter wheat,1,45.13778282844621,42.27009094695147
winter wheat,1,45.14613716058853,42.1275283113617
winter wheat,1,45.13724383927574,42.128336795117406
winter wheat,1,45.115953767042114,42.068778491780286
winter wheat,1,45.12296062625824,42.074437878070235
winter wheat,1,45.14020827971334,42.26847397944005
winter wheat,1,45.129967485474374,42.25634672310444
winter wheat,1,45.134548893423386,42.08440917772396
winter wheat,1,45.12700304503678,42.252573798911136
potato,11,45.14182524722475,42.13749961101543
winter wheat,1,45.13751333386098,42.08818210191727
winter wheat,1,45.12107416416159,42.067970008024574
winter wheat,1,45.14452019307711,42.12887578428788
winter wheat,1,45.12915900171867,42.258772174371565
winter wheat,1,45.14613716058853,42.080905748115896
winter wheat,1,45.14937109561136,42.103812787860946
winter wheat,1,45.149101601026125,42.2800622466052
winter wheat,1,45.14344221473617,42.0876431127468
winter wheat,1,45.144250698491874,42.12537235467981
winter wheat,1,45.143172720150936,42.27386387114477
winter wheat,1,45.14748463351471,42.10003986366765
winter wheat,1,45.12323012084348,42.26550953900246
potato,11,45.13778282844621,42.080366758945424
winter wheat,1,45.130236980059614,42.2808707303609
winter wheat,1,45.146676149758996,42.10030935825288
winter wheat,1,45.124038604599185,42.06392758924604
winter wheat,1,45.1294284963039,42.27413336573001
winter wheat,1,45.1286200125482,42.25446026100779
winter wheat,1,45.14532867683282,42.08440917772396
winter wheat,1,45.124038604599185,42.074437878070235
winter wheat,1,45.12242163708777,42.264970549831986
winter wheat,1,45.136435355520035,42.269012968610525
winter wheat,1,45.140477774298574,42.28626062206562
winter wheat,1,45.130775969230086,42.26227560397963
winter wheat,1,45.152605030634184,42.10866369039519
winter wheat,1,45.12053517499112,42.26173661480916
winter wheat,1,45.119726691235414,42.06258011631986
winter wheat,1,45.13374040966768,42.279253762849486
winter wheat,1,45.142903225565696,42.093571993621985
winter wheat,1,45.132123442156264,42.27979275201996
winter wheat,1,45.14182524722475,42.128336795117406
winter wheat,1,45.1256555721106,42.26470105524675
winter wheat,1,45.1218826479173,42.06527506217222
winter wheat,1,45.124308099184425,42.270899430707175
winter wheat,1,45.122152142502536,42.25392127183732
winter wheat,1,45.11703174538305,42.06958697553599
winter wheat,1,45.119726691235414,42.07093444846217
winter wheat,1,45.145059182247586,42.08252271562731
winter wheat,1,45.14613716058853,42.10003986366765
winter wheat,1,45.15152705229325,42.13749961101543
winter wheat,1,45.14155575263952,42.12779780594694
winter wheat,1,45.14209474180999,42.26470105524675
potato,11,45.14829311727041,42.12995376262882
winter wheat,1,45.11541477787164,42.06338860007557
winter wheat,1,45.1437117093214,42.27844527909378
winter wheat,1,45.14829311727041,42.101656831179056
potato,11,45.14101676346905,42.095458455718635
winter wheat,1,45.12323012084348,42.06177163256415
winter wheat,1,45.14991008478183,42.09411098279246
winter wheat,1,45.132123442156264,42.275480838656186
winter wheat,1,45.15314401980466,42.09842289615623
winter wheat,1,45.14398120390664,42.10030935825288
winter wheat,1,45.12915900171867,42.26200610939439
winter wheat,1,45.142364236395224,42.076593834752124
winter wheat,1,45.12107416416159,42.0733598997293
winter wheat,1,45.14128625805428,42.124833365509346
winter wheat,1,45.152605030634184,42.10812470122472
winter wheat,1,45.130775969230086,42.08063625353066
winter wheat,1,45.14128625805428,42.132648708481184
winter wheat,1,45.14101676346905,42.13022325721406
winter wheat,1,45.14452019307711,42.09195502611057
winter wheat,1,45.15233553604895,42.09626693947434
winter wheat,1,45.12754203420725,42.264431560661514
winter wheat,1,45.14155575263952,42.09411098279246
winter wheat,1,45.126194561281075,42.264431560661514
winter wheat,1,45.14856261185565,42.09033805859915
winter wheat,1,45.12242163708777,42.263353582320576
winter wheat,1,45.14209474180999,42.10003986366765
winter wheat,1,45.12323012084348,42.0598851704675
winter wheat,1,45.12727253962202,42.24772289637689
winter wheat,1,45.13104546381532,42.2733248819743
winter wheat,1,45.14748463351471,42.27979275201996
winter wheat,1,45.14344221473617,42.124833365509346
winter wheat,1,45.150988063122774,42.136960621844956
winter wheat,1,45.132392936741496,42.260658636468214
winter wheat,1,45.150988063122774,42.10003986366765
winter wheat,1,45.14532867683282,42.10893318498043
winter wheat,1,45.136435355520035,42.281679214116615
winter wheat,1,45.14937109561136,42.09114654235486
winter wheat,1,45.1286200125482,42.26092813105345
winter wheat,1,45.146945644344235,42.2808707303609
potato,11,45.14964059019659,42.0884515965025
winter wheat,1,45.11891820747971,42.256616217689675
winter wheat,1,45.152605030634184,42.09869239074146
winter wheat,1,45.146945644344235,42.10650773371331
winter wheat,1,45.14937109561136,42.13588264350401
winter wheat,1,45.13886080678716,42.08737361816156
winter wheat,1,45.146676149758996,42.269282463195765
winter wheat,1,45.119996185820646,42.26146712022392
winter wheat,1,45.12538607752536,42.25068733681449
winter wheat,1,45.146945644344235,42.09060755318439
winter wheat,1,45.12754203420725,42.26847397944005
winter wheat,1,45.15206604146372,42.09815340157099
winter wheat,1,45.136704850105275,42.28410466538374
winter wheat,1,45.13751333386098,42.271168925292415
winter wheat,1,45.144789687662346,42.134535170577834
winter wheat,1,45.13805232303145,42.132648708481184
winter wheat,1,45.13050647464485,42.283296181628025
winter wheat,1,45.13131495840055,42.26820448485482
winter wheat,1,45.14209474180999,42.13588264350401
potato,11,45.14775412809994,42.13184022472547
winter wheat,1,45.14991008478183,42.13669112725972
winter wheat,1,45.15125755770801,42.09033805859915
winter wheat,1,45.14128625805428,42.26847397944005
winter wheat,1,45.14182524722475,42.103812787860946
potato,11,45.142903225565696,42.12914527887312
winter wheat,1,45.146945644344235,42.28221820328708
winter wheat,1,45.12646405586631,42.2590416689568
winter wheat,1,45.142903225565696,42.279523257434725
winter wheat,1,45.124308099184425,42.252304304325904
winter wheat,1,45.12646405586631,42.250956831399726
winter wheat,1,45.14748463351471,42.08629563982061
winter wheat,1,45.15125755770801,42.134535170577834
winter wheat,1,45.12646405586631,42.25634672310444
winter wheat,1,45.144789687662346,42.08387018855349
winter wheat,1,45.142633730980464,42.08279221021255
winter wheat,1,45.13374040966768,42.08818210191727
winter wheat,1,45.12080466957636,42.25580773393397
winter wheat,1,45.13320142049721,42.27871477367902
winter wheat,1,45.142633730980464,42.0846786723092
winter wheat,1,45.12134365874683,42.066892029683636
winter wheat,1,45.1437117093214,42.28248769787232
winter wheat,1,45.14721513892947,42.101117842008584
winter wheat,1,45.12511658294013,42.07605484558165
winter wheat,1,45.118109723724,42.07201242680311
winter wheat,1,45.124308099184425,42.262545098564864
winter wheat,1,45.1286200125482,42.27278589280383
winter wheat,1,45.142364236395224,42.267126506513875
winter wheat,1,45.12888950713343,42.26011964729774
winter wheat,1,45.13805232303145,42.2703604415367
winter wheat,1,45.142364236395224,42.107855206639485
winter wheat,1,45.1218826479173,42.060424159637975
winter wheat,1,45.144789687662346,42.263353582320576
winter wheat,1,45.1504490739523,42.09060755318439
winter wheat,1,45.143172720150936,42.12321639799793
winter wheat,1,45.1437117093214,42.26847397944005
winter wheat,1,45.14964059019659,42.277636795338076
winter wheat,1,45.132662431326736,42.26847397944005
winter wheat,1,45.15125755770801,42.09060755318439
winter wheat,1,45.1504490739523,42.09464997196293
winter wheat,1,45.120265680405886,42.067970008024574
winter wheat,1,45.144789687662346,42.262814593150104
winter wheat,1,45.12242163708777,42.2560772285192
winter wheat,1,45.13939979595763,42.26766549568435
potato,11,45.14209474180999,42.12968426804359
winter wheat,1,45.14964059019659,42.099500874497174
winter wheat,1,45.145059182247586,42.126450333020756
winter wheat,1,45.12538607752536,42.2703604415367
winter wheat,1,45.138591312201925,42.12725881677647
winter wheat,1,45.14721513892947,42.13723011643019
winter wheat,1,45.1504490739523,42.10920267956566
winter wheat,1,45.126194561281075,42.26389257149104
winter wheat,1,45.13886080678716,42.13372668682213
winter wheat,1,45.138321817616685,42.266857011928636
winter wheat,1,45.14991008478183,42.09491946654816
winter wheat,1,45.13104546381532,42.267126506513875
winter wheat,1,45.12269113167301,42.0733598997293
winter wheat,1,45.131853947571024,42.084948166894435
winter wheat,1,45.12296062625824,42.25769419603062
winter wheat,1,45.1391303013724,42.28437415996897
winter wheat,1,45.14209474180999,42.124294376338874
winter wheat,1,45.12969799088914,42.28060123577567
winter wheat,1,45.148832106440885,42.097344917815285
potato,11,45.1391303013724,42.132648708481184
winter wheat,1,45.13320142049721,42.28194870870185
winter wheat,1,45.119996185820646,42.25634672310444
winter wheat,1,45.14721513892947,42.107855206639485
winter wheat,1,45.1248470883549,42.24933986388831
winter wheat,1,45.15017957936706,42.09977036908241
winter wheat,1,45.142633730980464,42.2733248819743
winter wheat,1,45.13724383927574,42.13291820306642
winter wheat,1,45.1391303013724,42.081175242701136
winter wheat,1,45.143172720150936,42.08279221021255
winter wheat,1,45.14613716058853,42.08333119938302
winter wheat,1,45.14640665517376,42.105968744542835
winter wheat,1,45.1248470883549,42.264431560661514
winter wheat,1,45.130775969230086,42.25823318520109
winter wheat,1,45.142364236395224,42.10704672288378
winter wheat,1,45.13050647464485,42.27440286031524
winter wheat,1,45.13131495840055,42.085217661479675
winter wheat,1,45.15206604146372,42.10057885283812
winter wheat,1,45.14640665517376,42.099500874497174
winter wheat,1,45.1256555721106,42.26173661480916
winter wheat,1,45.14559817141806,42.27170791446289
winter wheat,1,45.14074726888381,42.13723011643019
winter wheat,1,45.14613716058853,42.103812787860946
winter wheat,1,45.122152142502536,42.25985015271251
winter wheat,1,45.1286200125482,42.26739600109911
winter wheat,1,45.142903225565696,42.10462127161665
winter wheat,1,45.14937109561136,42.10003986366765
winter wheat,1,45.142903225565696,42.09438047737769
winter wheat,1,45.12349961542871,42.26389257149104
winter wheat,1,45.12915900171867,42.262814593150104
winter wheat,1,45.15017957936706,42.093302499036746
winter wheat,1,45.12727253962202,42.27143841987765
potato,11,45.13481838800862,42.08818210191727
winter wheat,1,45.13400990425291,42.273055387389064
winter wheat,1,45.138321817616685,42.27440286031524
winter wheat,1,45.14613716058853,42.08926008025821
winter wheat,1,45.15206604146372,42.10300430410524
winter wheat,1,45.122152142502536,42.256616217689675
winter wheat,1,45.12646405586631,42.26416206607628
winter wheat,1,45.144789687662346,42.099500874497174
winter wheat,1,45.132662431326736,42.08548715606491
winter wheat,1,45.14640665517376,42.097614412400524
winter wheat,1,45.14209474180999,42.12698932219123
winter wheat,1,45.14020827971334,42.273055387389064
winter wheat,1,45.1391303013724,42.28572163289515
winter wheat,1,45.14020827971334,42.08279221021255
winter wheat,1,45.146676149758996,42.095188961133395
potato,11,45.120265680405886,42.252573798911136
winter wheat,1,45.125925066695835,42.252573798911136
winter wheat,1,45.14829311727041,42.13103174096977
winter wheat,1,45.12700304503678,42.2770978061676
winter wheat,1,45.13966929054287,42.266857011928636
winter wheat,1,45.14856261185565,42.13291820306642
winter wheat,1,45.1294284963039,42.281409719531375
winter wheat,1,45.140477774298574,42.26847397944005
winter wheat,1,45.140477774298574,42.08575665065015
winter wheat,1,45.14829311727041,42.27224690363336
winter wheat,1,45.13805232303145,42.27224690363336
winter wheat,1,45.11918770206494,42.06473607300175
potato,11,45.1437117093214,42.128336795117406
winter wheat,1,45.125925066695835,42.24880087471784
winter wheat,1,45.12727253962202,42.275480838656186
winter wheat,1,45.1248470883549,42.26227560397963
winter wheat,1,45.14748463351471,42.27359437655954
winter wheat,1,45.14344221473617,42.10057885283812
winter wheat,1,45.134548893423386,42.267126506513875
winter wheat,1,45.119996185820646,42.064197083831274
winter wheat,1,45.12134365874683,42.06985647012123
winter wheat,1,45.12969799088914,42.27413336573001
winter wheat,1,45.152605030634184,42.10219582034953
winter wheat,1,45.12754203420725,42.28114022494614
winter wheat,1,45.143172720150936,42.101656831179056
winter wheat,1,45.15152705229325,42.13776910560066
winter wheat,1,45.14586766600329,42.091685531525336
winter wheat,1,45.13320142049721,42.26874347402529
winter wheat,1,45.12296062625824,42.06096314880845
winter wheat,1,45.14155575263952,42.283296181628025
winter wheat,1,45.11891820747971,42.25742470144539
winter wheat,1,45.13886080678716,42.27278589280383
potato,11,45.143172720150936,42.095458455718635
winter wheat,1,45.120265680405886,42.26227560397963
winter wheat,1,45.144789687662346,42.10300430410524
winter wheat,1,45.14532867683282,42.08629563982061
winter wheat,1,45.14829311727041,42.08926008025821
winter wheat,1,45.12700304503678,42.262814593150104
winter wheat,1,45.142633730980464,42.26820448485482
winter wheat,1,45.15152705229325,42.09680592864481
winter wheat,1,45.14586766600329,42.08279221021255
winter wheat,1,45.140477774298574,42.08413968313873
winter wheat,1,45.14856261185565,42.08440917772396
potato,11,45.1391303013724,42.13507415974831
winter wheat,1,45.1391303013724,42.08548715606491
winter wheat,1,45.12781152879249,42.260658636468214
winter wheat,1,45.143172720150936,42.28491314913944
winter wheat,1,45.12457759376966,42.26038914188298
winter wheat,1,45.14452019307711,42.10839419580996
winter wheat,1,45.13400990425291,42.27440286031524
winter wheat,1,45.144789687662346,42.101387336593824
winter wheat,1,45.1286200125482,42.26119762563869
winter wheat,1,45.12915900171867,42.28248769787232
winter wheat,1,45.12107416416159,42.074437878070235
winter wheat,1,45.12457759376966,42.25985015271251
winter wheat,1,45.152874525219424,42.09977036908241
winter wheat,1,45.12161315333206,42.26092813105345
winter wheat,1,45.124038604599185,42.07605484558165
winter wheat,1,45.14586766600329,42.275480838656186
winter wheat,1,45.11406730494546,42.066892029683636
winter wheat,1,45.12134365874683,42.25311278808161
winter wheat,1,45.12080466957636,42.258502679786325
winter wheat,1,45.13400990425291,42.279523257434725
winter wheat,1,45.14748463351471,42.27898426826425
winter wheat,1,45.14802362268518,42.13210971931071
winter wheat,1,45.11864871289447,42.0636580946608
winter wheat,1,45.132392936741496,42.27655881699713
winter wheat,1,45.145059182247586,42.138847083941606
winter wheat,1,45.14856261185565,42.09249401528104
winter wheat,1,45.125925066695835,42.26604852817293
winter wheat,1,45.12323012084348,42.26604852817293
winter wheat,1,45.126194561281075,42.25419076642255
winter wheat,1,45.126194561281075,42.27386387114477
winter wheat,1,45.14398120390664,42.28464365455421
winter wheat,1,45.142364236395224,42.27871477367902
potato,11,45.126194561281075,42.248531380132604
winter wheat,1,45.12888950713343,42.26038914188298
winter wheat,1,45.130775969230086,42.26389257149104
winter wheat,1,45.14559817141806,42.09438047737769
winter wheat,1,45.131853947571024,42.281409719531375
winter wheat,1,45.13347091508244,42.281409719531375
winter wheat,1,45.12969799088914,42.274941849485714
winter wheat,1,45.13724383927574,42.131301235555
winter wheat,1,45.138321817616685,42.28302668704279
winter wheat,1,45.144789687662346,42.083061704797785
winter wheat,1,45.14937109561136,42.099231379911934
potato,11,45.14856261185565,42.273055387389064
winter wheat,1,45.128081023377725,42.26173661480916
winter wheat,1,45.129967485474374,42.25823318520109
winter wheat,1,45.14452019307711,42.26389257149104
winter wheat,1,45.14586766600329,42.270899430707175
winter wheat,1,45.1391303013724,42.27628932241189
winter wheat,1,45.12269113167301,42.06554455675745
winter wheat,1,45.12269113167301,42.05934618129703
winter wheat,1,45.13131495840055,42.2552687447635
winter wheat,1,45.131853947571024,42.279253762849486
winter wheat,1,45.13886080678716,42.271168925292415
winter wheat,1,45.11487578870117,42.067970008024574
winter wheat,1,45.14802362268518,42.27359437655954
winter wheat,1,45.12161315333206,42.25419076642255
winter wheat,1,45.143172720150936,42.13588264350401
winter wheat,1,45.12538607752536,42.2665875173434
winter wheat,1,45.1399387851281,42.27628932241189
winter wheat,1,45.1534135143899,42.09869239074146
winter wheat,1,45.142633730980464,42.13588264350401
winter wheat,1,45.15125755770801,42.09815340157099
winter wheat,1,45.13374040966768,42.27655881699713
winter wheat,1,45.13724383927574,42.13345719223689
winter wheat,1,45.13589636634956,42.084948166894435
winter wheat,1,45.134548893423386,42.26631802275817
winter wheat,1,45.14640665517376,42.277367300752836
winter wheat,1,45.1286200125482,42.08360069396826
winter wheat,1,45.14721513892947,42.26982145236624
winter wheat,1,45.12511658294013,42.25446026100779
winter wheat,1,45.13939979595763,42.28626062206562
winter wheat,1,45.149101601026125,42.27601982782666
winter wheat,1,45.14937109561136,42.09680592864481
winter wheat,1,45.146676149758996,42.08360069396826
winter wheat,1,45.15179654687848,42.13507415974831
winter wheat,1,45.128081023377725,42.263084087735336
winter wheat,1,45.1248470883549,42.269012968610525
winter wheat,1,45.14640665517376,42.08333119938302
winter wheat,1,45.14640665517376,42.08818210191727
winter wheat,1,45.142903225565696,42.12510286009458
winter wheat,1,45.12835051796296,42.25823318520109
winter wheat,1,45.126194561281075,42.27467235490048
winter wheat,1,45.13724383927574,42.27817578450855
winter wheat,1,45.119996185820646,42.067970008024574
winter wheat,1,45.13751333386098,42.27844527909378
winter wheat,1,45.13751333386098,42.27440286031524
winter wheat,1,45.1248470883549,42.25823318520109
winter wheat,1,45.12107416416159,42.25338228266685
winter wheat,1,45.14182524722475,42.28275719245755
winter wheat,1,45.13966929054287,42.275480838656186
winter wheat,1,45.14128625805428,42.09060755318439
winter wheat,1,45.15017957936706,42.13723011643019
winter wheat,1,45.14209474180999,42.136960621844956
winter wheat,1,45.119996185820646,42.256616217689675
winter wheat,1,45.150718568537535,42.08979906942868
winter wheat,1,45.143172720150936,42.12348589258316
winter wheat,1,45.14452019307711,42.12510286009458
winter wheat,1,45.12349961542871,42.06123264339368
winter wheat,1,45.14074726888381,42.287338600406564
winter wheat,1,45.132662431326736,42.086834628991085
potato,11,45.1399387851281,42.13534365433354
winter wheat,1,45.12161315333206,42.0703954592917
potato,11,45.149101601026125,42.13507415974831
winter wheat,1,45.13535737717909,42.27790628992331
winter wheat,1,45.13320142049721,42.2665875173434
winter wheat,1,45.13562687176433,42.283565676213264
winter wheat,1,45.13966929054287,42.28626062206562
winter wheat,1,45.14020827971334,42.2838351707985
winter wheat,1,45.15179654687848,42.1380386001859
winter wheat,1,45.14155575263952,42.26550953900246
winter wheat,1,45.13966929054287,42.2665875173434
winter wheat,1,45.119726691235414,42.25796369061585
winter wheat,1,45.13697434469051,42.132648708481184
winter wheat,1,45.126194561281075,42.27062993612194
winter wheat,1,45.12969799088914,42.08602614523538
winter wheat,1,45.13939979595763,42.28814708416227
winter wheat,1,45.12727253962202,42.265240044417226
winter wheat,1,45.12969799088914,42.28302668704279
winter wheat,1,45.1218826479173,42.060154665052735
winter wheat,1,45.11676225079782,42.06770051343934
winter wheat,1,45.1437117093214,42.10677722829854
winter wheat,1,45.14452019307711,42.28060123577567
winter wheat,1,45.125925066695835,42.26470105524675
winter wheat,1,45.13966929054287,42.08252271562731
winter wheat,1,45.14964059019659,42.09815340157099
winter wheat,1,45.12349961542871,42.06096314880845
winter wheat,1,45.1286200125482,42.2808707303609
winter wheat,1,45.12969799088914,42.08575665065015
winter wheat,1,45.12915900171867,42.08144473728637
potato,11,45.143172720150936,42.134265675992594
winter wheat,1,45.13966929054287,42.08198372645684
winter wheat,1,45.14748463351471,42.09815340157099
winter wheat,1,45.124308099184425,42.062041127149385
winter wheat,1,45.13508788259386,42.080905748115896
winter wheat,1,45.142364236395224,42.08926008025821
winter wheat,1,45.14452019307711,42.12564184926505
winter wheat,1,45.14775412809994,42.09653643405958
winter wheat,1,45.142364236395224,42.26631802275817
winter wheat,1,45.152874525219424,42.10219582034953
winter wheat,1,45.12053517499112,42.06096314880845
winter wheat,1,45.12646405586631,42.27601982782666
winter wheat,1,45.14020827971334,42.283296181628025
winter wheat,1,45.13050647464485,42.26119762563869
winter wheat,1,45.143172720150936,42.08629563982061
potato,11,45.119996185820646,42.26173661480916
winter wheat,1,45.1218826479173,42.07120394304741
winter wheat,1,45.15125755770801,42.10623823912807
winter wheat,1,45.124038604599185,42.26470105524675
winter wheat,1,45.14344221473617,42.09788390698576
winter wheat,1,45.1534135143899,42.101117842008584
winter wheat,1,45.1218826479173,42.074707372655475
winter wheat,1,45.11649275621258,42.068508997195046
winter wheat,1,45.1143367995307,42.066353040513164
potato,11,45.132392936741496,42.080366758945424
winter wheat,1,45.13886080678716,42.27251639821859
winter wheat,1,45.14937109561136,42.107585712054245
winter wheat,1,45.15179654687848,42.10300430410524
winter wheat,1,45.1391303013724,42.134265675992594
winter wheat,1,45.13374040966768,42.27359437655954
winter wheat,1,45.12969799088914,42.26038914188298
winter wheat,1,45.12835051796296,42.26119762563869
winter wheat,1,45.13050647464485,42.26847397944005
winter wheat,1,45.152605030634184,42.101387336593824
winter wheat,1,45.12080466957636,42.26200610939439
winter wheat,1,45.138591312201925,42.28679961123609
winter wheat,1,45.13589636634956,42.269012968610525
winter wheat,1,45.14802362268518,42.09006856401392
potato,11,45.152605030634184,42.095188961133395
winter wheat,1,45.1256555721106,42.25311278808161
winter wheat,1,45.12296062625824,42.05961567588226
winter wheat,1,45.14559817141806,42.09788390698576
winter wheat,1,45.12269113167301,42.25634672310444
winter wheat,1,45.1256555721106,42.262814593150104
winter wheat,1,45.15314401980466,42.101656831179056
winter wheat,1,45.13939979595763,42.28275719245755
winter wheat,1,45.143172720150936,42.2770978061676
winter wheat,1,45.14101676346905,42.083061704797785
winter wheat,1,45.14559817141806,42.093571993621985
winter wheat,1,45.13050647464485,42.083061704797785
winter wheat,1,45.1294284963039,42.26227560397963
winter wheat,1,45.122152142502536,42.06392758924604
winter wheat,1,45.1256555721106,42.26200610939439
winter wheat,1,45.14452019307711,42.281679214116615
winter wheat,1,45.12781152879249,42.27143841987765
winter wheat,1,45.12781152879249,42.270899430707175
winter wheat,1,45.13805232303145,42.130762246384535
winter wheat,1,45.13886080678716,42.2665875173434
winter wheat,1,45.14128625805428,42.086834628991085
winter wheat,1,45.14829311727041,42.0846786723092
winter wheat,1,45.145059182247586,42.274941849485714
winter wheat,1,45.138591312201925,42.27224690363336
winter wheat,1,45.126194561281075,42.26119762563869
winter wheat,1,45.13751333386098,42.285991127480386
winter wheat,1,45.11676225079782,42.068508997195046
winter wheat,1,45.13562687176433,42.08791260733203
winter wheat,1,45.12646405586631,42.27278589280383
winter wheat,1,45.12888950713343,42.26470105524675
winter wheat,1,45.14020827971334,42.281679214116615
winter wheat,1,45.13347091508244,42.087104123576324
winter wheat,1,45.12538607752536,42.27386387114477
winter wheat,1,45.143172720150936,42.26820448485482
winter wheat,1,45.1504490739523,42.136960621844956
winter wheat,1,45.13293192591197,42.084948166894435
winter wheat,1,45.14586766600329,42.101926325764296
winter wheat,1,45.12727253962202,42.24960935847354
winter wheat,1,45.13320142049721,42.27844527909378
winter wheat,1,45.125925066695835,42.26766549568435
winter wheat,1,45.118109723724,42.07174293221788
winter wheat,1,45.13158445298579,42.26200610939439
winter wheat,1,45.134279398838146,42.28221820328708
winter wheat,1,45.136435355520035,42.28221820328708
winter wheat,1,45.12673355045155,42.260658636468214
winter wheat,1,45.132123442156264,42.266857011928636
winter wheat,1,45.14586766600329,42.27655881699713
winter wheat,1,45.142633730980464,42.27413336573001
winter wheat,1,45.13508788259386,42.28194870870185
winter wheat,1,45.12080466957636,42.25958065812727
winter wheat,1,45.14155575263952,42.28679961123609
winter wheat,1,45.12161315333206,42.264431560661514
winter wheat,1,45.131853947571024,42.25958065812727
winter wheat,1,45.14128625805428,42.13669112725972
winter wheat,1,45.11703174538305,42.0703954592917
winter wheat,1,45.1391303013724,42.28653011665086
winter wheat,1,45.15314401980466,42.10920267956566
winter wheat,1,45.13374040966768,42.08440917772396
winter wheat,1,45.13400990425291,42.269551957781
winter wheat,1,45.14074726888381,42.09060755318439
winter wheat,1,45.144250698491874,42.263353582320576
winter wheat,1,45.13886080678716,42.08144473728637
winter wheat,1,45.142633730980464,42.09869239074146
winter wheat,1,45.15125755770801,42.08979906942868
winter wheat,1,45.13131495840055,42.084948166894435
winter wheat,1,45.14775412809994,42.10812470122472
winter wheat,1,45.14586766600329,42.128336795117406
winter wheat,1,45.128081023377725,42.24799239096213
winter wheat,1,45.12915900171867,42.08440917772396
winter wheat,1,45.12296062625824,42.07228192138835
winter wheat,1,45.142364236395224,42.128336795117406
winter wheat,1,45.12457759376966,42.2514958205702
winter wheat,1,45.14182524722475,42.28221820328708
winter wheat,1,45.150718568537535,42.09276350986627
winter wheat,1,45.14398120390664,42.08225322104208
winter wheat,1,45.14155575263952,42.265240044417226
winter wheat,1,45.15125755770801,42.09869239074146
winter wheat,1,45.12754203420725,42.27467235490048
winter wheat,1,45.14613716058853,42.26982145236624
winter wheat,1,45.14775412809994,42.097344917815285
winter wheat,1,45.125925066695835,42.25365177725208
winter wheat,1,45.14101676346905,42.28679961123609
winter wheat,1,45.13751333386098,42.28221820328708
winter wheat,1,45.14074726888381,42.13749961101543
winter wheat,1,45.13535737717909,42.27979275201996
winter wheat,1,45.142364236395224,42.07821080226354
winter wheat,1,45.12269113167301,42.25823318520109
winter wheat,1,45.115684272456875,42.068508997195046
winter wheat,1,45.143172720150936,42.26470105524675
winter wheat,1,45.1437117093214,42.27359437655954
winter wheat,1,45.14775412809994,42.103812787860946
winter wheat,1,45.1286200125482,42.24907036930307
winter wheat,1,45.15152705229325,42.101656831179056
winter wheat,1,45.12781152879249,42.0876431127468
winter wheat,1,45.15017957936706,42.10920267956566
winter wheat,1,45.12134365874683,42.066353040513164
winter wheat,1,45.13320142049721,42.262814593150104
winter wheat,1,45.13886080678716,42.08063625353066
winter wheat,1,45.144250698491874,42.099500874497174
winter wheat,1,45.14586766600329,42.274941849485714
winter wheat,1,45.14586766600329,42.27467235490048
winter wheat,1,45.13939979595763,42.12968426804359
winter wheat,1,45.14398120390664,42.13480466516307
winter wheat,1,45.12781152879249,42.281679214116615
potato,11,45.14802362268518,42.083061704797785
winter wheat,1,45.126194561281075,42.252034809740664
potato,11,45.148832106440885,42.13399618140736
winter wheat,1,45.11918770206494,42.256885712274915
winter wheat,1,45.130236980059614,42.26470105524675
winter wheat,1,45.14155575263952,42.27979275201996
winter wheat,1,45.15206604146372,42.107855206639485
winter wheat,1,45.13697434469051,42.26847397944005
winter wheat,1,45.14020827971334,42.27359437655954
winter wheat,1,45.130775969230086,42.27197740904812
winter wheat,1,45.1294284963039,42.08791260733203
winter wheat,1,45.13400990425291,42.08279221021255
winter wheat,1,45.142633730980464,42.10677722829854
winter wheat,1,45.150988063122774,42.099500874497174
winter wheat,1,45.12754203420725,42.2808707303609
winter wheat,1,45.14209474180999,42.10650773371331
winter wheat,1,45.14452019307711,42.08737361816156
winter wheat,1,45.142364236395224,42.26766549568435
winter wheat,1,45.12781152879249,42.26146712022392
winter wheat,1,45.12700304503678,42.27601982782666
winter wheat,1,45.14748463351471,42.10812470122472
winter wheat,1,45.132123442156264,42.264431560661514
potato,11,45.150718568537535,42.08818210191727
winter wheat,1,45.11837921830924,42.068778491780286
winter wheat,1,45.13158445298579,42.26820448485482
winter wheat,1,45.12269113167301,42.060154665052735
winter wheat,1,45.142633730980464,42.10219582034953
winter wheat,1,45.13131495840055,42.28060123577567
winter wheat,1,45.12323012084348,42.06069365422321
winter wheat,1,45.138591312201925,42.08144473728637
winter wheat,1,45.11918770206494,42.067970008024574
winter wheat,1,45.14128625805428,42.273055387389064
winter wheat,1,45.15314401980466,42.10300430410524
winter wheat,1,45.14613716058853,42.273055387389064
winter wheat,1,45.125925066695835,42.27224690363336
winter wheat,1,45.14020827971334,42.13588264350401
winter wheat,1,45.14209474180999,42.2838351707985
winter wheat,1,45.12296062625824,42.25580773393397
winter wheat,1,45.13293192591197,42.273055387389064
winter wheat,1,45.14640665517376,42.2733248819743
winter wheat,1,45.14829311727041,42.103812787860946
winter wheat,1,45.140477774298574,42.26739600109911
winter wheat,1,45.1218826479173,42.07147343763264
winter wheat,1,45.1294284963039,42.25580773393397
winter wheat,1,45.1218826479173,42.058268202956086
winter wheat,1,45.1256555721106,42.265240044417226
winter wheat,1,45.13589636634956,42.08548715606491
winter wheat,1,45.131853947571024,42.08413968313873
winter wheat,1,45.146945644344235,42.271168925292415
winter wheat,1,45.12457759376966,42.26739600109911
winter wheat,1,45.119996185820646,42.25419076642255
winter wheat,1,45.115953767042114,42.06258011631986
potato,11,45.150718568537535,42.08872109108774
winter wheat,1,45.13508788259386,42.27628932241189
winter wheat,1,45.12727253962202,42.25311278808161
winter wheat,1,45.144250698491874,42.10030935825288
winter wheat,1,45.145059182247586,42.27009094695147
winter wheat,1,45.152874525219424,42.10812470122472
winter wheat,1,45.15314401980466,42.097614412400524
winter wheat,1,45.14613716058853,42.2800622466052
winter wheat,1,45.124038604599185,42.25742470144539
winter wheat,1,45.12700304503678,42.274941849485714
winter wheat,1,45.143172720150936,42.264970549831986
winter wheat,1,45.13508788259386,42.27440286031524
winter wheat,1,45.14452019307711,42.13723011643019
winter wheat,1,45.13131495840055,42.27278589280383
winter wheat,1,45.128081023377725,42.085217661479675
winter wheat,1,45.12161315333206,42.07228192138835
winter wheat,1,45.145059182247586,42.0989618853267
winter wheat,1,45.145059182247586,42.267126506513875
winter wheat,1,45.119726691235414,42.064197083831274
winter wheat,1,45.1286200125482,42.085217661479675
winter wheat,1,45.1391303013724,42.27871477367902
winter wheat,1,45.144789687662346,42.136960621844956
winter wheat,1,45.14344221473617,42.09114654235486
winter wheat,1,45.15017957936706,42.132379213895945
winter wheat,1,45.150718568537535,42.101656831179056
winter wheat,1,45.15314401980466,42.101387336593824
winter wheat,1,45.13966929054287,42.27197740904812
winter wheat,1,45.15152705229325,42.101117842008584
winter wheat,1,45.144789687662346,42.08979906942868
winter wheat,1,45.144250698491874,42.08979906942868
winter wheat,1,45.12134365874683,42.2560772285192
winter wheat,1,45.14748463351471,42.101656831179056
winter wheat,1,45.12888950713343,42.26550953900246
winter wheat,1,45.12673355045155,42.26631802275817
winter wheat,1,45.150718568537535,42.107585712054245
winter wheat,1,45.1218826479173,42.06473607300175
winter wheat,1,45.146676149758996,42.09060755318439
winter wheat,1,45.12349961542871,42.06177163256415
potato,11,45.14209474180999,42.13534365433354
winter wheat,1,45.142903225565696,42.08144473728637
winter wheat,1,45.146945644344235,42.10812470122472
winter wheat,1,45.13347091508244,42.27197740904812
winter wheat,1,45.12646405586631,42.25419076642255
winter wheat,1,45.12538607752536,42.27197740904812
winter wheat,1,45.138591312201925,42.27655881699713
winter wheat,1,45.14452019307711,42.13588264350401
winter wheat,1,45.13778282844621,42.277636795338076
winter wheat,1,45.14209474180999,42.26793499026958
winter wheat,1,45.145059182247586,42.097344917815285
winter wheat,1,45.14128625805428,42.08171423187161
winter wheat,1,45.14748463351471,42.10408228244618
winter wheat,1,45.124308099184425,42.26038914188298
potato,11,45.15206604146372,42.0922245206958
winter wheat,1,45.1256555721106,42.25958065812727
winter wheat,1,45.14209474180999,42.10623823912807
winter wheat,1,45.12781152879249,42.26631802275817
winter wheat,1,45.12538607752536,42.2770978061676
winter wheat,1,45.13320142049721,42.26389257149104
winter wheat,1,45.1286200125482,42.28221820328708
winter wheat,1,45.12781152879249,42.25931116354204
winter wheat,1,45.128081023377725,42.25769419603062
winter wheat,1,45.12457759376966,42.254729755593026
winter wheat,1,45.13131495840055,42.2665875173434
potato,11,45.138591312201925,42.13534365433354
winter wheat,1,45.138591312201925,42.27979275201996
potato,11,45.13751333386098,42.13210971931071
winter wheat,1,45.13050647464485,42.27628932241189
winter wheat,1,45.132123442156264,42.275750333241426
winter wheat,1,45.12457759376966,42.25338228266685
winter wheat,1,45.13374040966768,42.264970549831986
winter wheat,1,45.134279398838146,42.27898426826425
winter wheat,1,45.13158445298579,42.08629563982061
winter wheat,1,45.142633730980464,42.10623823912807
winter wheat,1,45.150988063122774,42.093302499036746
winter wheat,1,45.11676225079782,42.06985647012123
winter wheat,1,45.124038604599185,42.26631802275817
winter wheat,1,45.118109723724,42.070664953876935
winter wheat,1,45.14856261185565,42.275480838656186
winter wheat,1,45.11891820747971,42.06258011631986
winter wheat,1,45.14398120390664,42.101117842008584
winter wheat,1,45.132662431326736,42.265240044417226
winter wheat,1,45.13939979595763,42.130492751799295
winter wheat,1,45.13400990425291,42.08413968313873
winter wheat,1,45.12835051796296,42.281409719531375
winter wheat,1,45.12296062625824,42.258502679786325
winter wheat,1,45.14964059019659,42.09707542323005
winter wheat,1,45.15017957936706,42.1380386001859
winter wheat,1,45.144789687662346,42.2800622466052
winter wheat,1,45.14721513892947,42.279523257434725
winter wheat,1,45.13400990425291,42.28194870870185
winter wheat,1,45.13104546381532,42.256616217689675
winter wheat,1,45.13374040966768,42.26470105524675
winter wheat,1,45.132123442156264,42.2808707303609
winter wheat,1,45.14128625805428,42.28491314913944
winter wheat,1,45.14721513892947,42.08602614523538
winter wheat,1,45.13320142049721,42.08548715606491
winter wheat,1,45.13751333386098,42.08413968313873
winter wheat,1,45.132392936741496,42.267126506513875
winter wheat,1,45.142903225565696,42.283296181628025
winter wheat,1,45.15233553604895,42.10731621746901
winter wheat,1,45.12915900171867,42.08656513440585
winter wheat,1,45.125925066695835,42.265240044417226
winter wheat,1,45.144789687662346,42.10731621746901
winter wheat,1,45.14937109561136,42.086834628991085
winter wheat,1,45.12727253962202,42.27197740904812
winter wheat,1,45.14074726888381,42.08602614523538
winter wheat,1,45.136704850105275,42.277636795338076
winter wheat,1,45.1437117093214,42.26982145236624
winter wheat,1,45.12673355045155,42.24960935847354
winter wheat,1,45.14532867683282,42.264431560661514
winter wheat,1,45.14721513892947,42.275480838656186
winter wheat,1,45.15125755770801,42.09491946654816
winter wheat,1,45.14398120390664,42.131301235555
winter wheat,1,45.14452019307711,42.10435177703142
winter wheat,1,45.13805232303145,42.081175242701136
winter wheat,1,45.119996185820646,42.066622535098396
winter wheat,1,45.144789687662346,42.13723011643019
winter wheat,1,45.12376911001395,42.064466578416514
winter wheat,1,45.144789687662346,42.12510286009458
winter wheat,1,45.13104546381532,42.2808707303609
winter wheat,1,45.15179654687848,42.10030935825288
winter wheat,1,45.131853947571024,42.26631802275817
winter wheat,1,45.144250698491874,42.10812470122472
winter wheat,1,45.14937109561136,42.13184022472547
winter wheat,1,45.12781152879249,42.267126506513875
winter wheat,1,45.132662431326736,42.26550953900246
winter wheat,1,45.13347091508244,42.086834628991085
winter wheat,1,45.124308099184425,42.26604852817293
winter wheat,1,45.15152705229325,42.13830809477113
winter wheat,1,45.13508788259386,42.08413968313873
winter wheat,1,45.15314401980466,42.101926325764296
winter wheat,1,45.1248470883549,42.262814593150104
winter wheat,1,45.13724383927574,42.27844527909378
winter wheat,1,45.150988063122774,42.10030935825288
winter wheat,1,45.14748463351471,42.2770978061676
winter wheat,1,45.13293192591197,42.26200610939439
winter wheat,1,45.13374040966768,42.08333119938302
winter wheat,1,45.14344221473617,42.12348589258316
winter wheat,1,45.14802362268518,42.27871477367902
winter wheat,1,45.14344221473617,42.27062993612194
winter wheat,1,45.12915900171867,42.270899430707175
winter wheat,1,45.144789687662346,42.27278589280383
winter wheat,1,45.140477774298574,42.08737361816156
winter wheat,1,45.12781152879249,42.25068733681449
winter wheat,1,45.144250698491874,42.0876431127468
winter wheat,1,45.1294284963039,42.083061704797785
winter wheat,1,45.138321817616685,42.28275719245755
winter wheat,1,45.142633730980464,42.08602614523538
winter wheat,1,45.145059182247586,42.26416206607628
winter wheat,1,45.12457759376966,42.07632434016689
winter wheat,1,45.14613716058853,42.09384148820722
winter wheat,1,45.12323012084348,42.25419076642255
winter wheat,1,45.13131495840055,42.27467235490048
winter wheat,1,45.129967485474374,42.271168925292415
winter wheat,1,45.14559817141806,42.10731621746901
winter wheat,1,45.13562687176433,42.28114022494614
winter wheat,1,45.14182524722475,42.2703604415367
winter wheat,1,45.132123442156264,42.2703604415367
winter wheat,1,45.1218826479173,42.260658636468214
winter wheat,1,45.15206604146372,42.09707542323005
winter wheat,1,45.12835051796296,42.080905748115896
winter wheat,1,45.12242163708777,42.258502679786325
winter wheat,1,45.1437117093214,42.124024881753634
winter wheat,1,45.13939979595763,42.27413336573001
winter wheat,1,45.130775969230086,42.27413336573001
winter wheat,1,45.150988063122774,42.0922245206958
winter wheat,1,45.149101601026125,42.09060755318439
winter wheat,1,45.146676149758996,42.09599744488911
winter wheat,1,45.12915900171867,42.08171423187161
winter wheat,1,45.118109723724,42.06473607300175
winter wheat,1,45.15206604146372,42.10516026078712
winter wheat,1,45.14182524722475,42.132379213895945
winter wheat,1,45.12080466957636,42.25419076642255
winter wheat,1,45.14613716058853,42.10623823912807
winter wheat,1,45.12349961542871,42.07362939431453
winter wheat,1,45.143172720150936,42.269282463195765
winter wheat,1,45.148832106440885,42.10839419580996
winter wheat,1,45.132392936741496,42.279253762849486
winter wheat,1,45.13481838800862,42.283565676213264
winter wheat,1,45.1437117093214,42.08737361816156
winter wheat,1,45.144250698491874,42.1380386001859
winter wheat,1,45.138321817616685,42.0846786723092
winter wheat,1,45.13966929054287,42.0876431127468
winter wheat,1,45.122152142502536,42.26173661480916
winter wheat,1,45.117840229138764,42.07389888889977
winter wheat,1,45.14532867683282,42.105699249957595
winter wheat,1,45.1248470883549,42.25553823934873
winter wheat,1,45.146676149758996,42.10677722829854
potato,11,45.13939979595763,42.12510286009458
winter wheat,1,45.12134365874683,42.058537697541325
winter wheat,1,45.12161315333206,42.256616217689675
winter wheat,1,45.144789687662346,42.089529574843446
winter wheat,1,45.138321817616685,42.28248769787232
winter wheat,1,45.1437117093214,42.13157073014024
winter wheat,1,45.14613716058853,42.10731621746901
winter wheat,1,45.12888950713343,42.279253762849486
winter wheat,1,45.13131495840055,42.0876431127468
winter wheat,1,45.13158445298579,42.25769419603062
winter wheat,1,45.14640665517376,42.26820448485482
winter wheat,1,45.14775412809994,42.274941849485714
winter wheat,1,45.12107416416159,42.256616217689675
winter wheat,1,45.13805232303145,42.27197740904812
winter wheat,1,45.14155575263952,42.27817578450855
winter wheat,1,45.12161315333206,42.26173661480916
winter wheat,1,45.1437117093214,42.09869239074146
winter wheat,1,45.15125755770801,42.097614412400524
winter wheat,1,45.1286200125482,42.27601982782666
winter wheat,1,45.14209474180999,42.078749791434014
winter wheat,1,45.134548893423386,42.269282463195765
winter wheat,1,45.142903225565696,42.1237553871684
winter wheat,1,45.14452019307711,42.26739600109911
winter wheat,1,45.138591312201925,42.0846786723092
winter wheat,1,45.14775412809994,42.28194870870185
winter wheat,1,45.15017957936706,42.13588264350401
winter wheat,1,45.15233553604895,42.10246531493477
winter wheat,1,45.1286200125482,42.25068733681449
winter wheat,1,45.13697434469051,42.279523257434725
winter wheat,1,45.144250698491874,42.27655881699713
winter wheat,1,45.14829311727041,42.27386387114477
winter wheat,1,45.1437117093214,42.09599744488911
winter wheat,1,45.12457759376966,42.06311910549033
winter wheat,1,45.13050647464485,42.254729755593026
winter wheat,1,45.132392936741496,42.27979275201996
winter wheat,1,45.143172720150936,42.09033805859915
winter wheat,1,45.14182524722475,42.087104123576324
winter wheat,1,45.12511658294013,42.266857011928636
winter wheat,1,45.1256555721106,42.07551585641118
winter wheat,1,45.13320142049721,42.264431560661514
winter wheat,1,45.1437117093214,42.13345719223689
winter wheat,1,45.132662431326736,42.08737361816156
winter wheat,1,45.144789687662346,42.26766549568435
winter wheat,1,45.1391303013724,42.28221820328708
winter wheat,1,45.115953767042114,42.064197083831274
winter wheat,1,45.150718568537535,42.10677722829854
winter wheat,1,45.12673355045155,42.07740231850783
winter wheat,1,45.1361658609348,42.2838351707985
winter wheat,1,45.14640665517376,42.09815340157099
winter wheat,1,45.12134365874683,42.07362939431453
winter wheat,1,45.12700304503678,42.27009094695147
winter wheat,1,45.14398120390664,42.0779413076783
winter wheat,1,45.14452019307711,42.12914527887312
winter wheat,1,45.152605030634184,42.09491946654816
winter wheat,1,45.132123442156264,42.27844527909378
winter wheat,1,45.12161315333206,42.25769419603062
winter wheat,1,45.1391303013724,42.136421632674484
winter wheat,1,45.14559817141806,42.13965556769732
winter wheat,1,45.15206604146372,42.10839419580996
winter wheat,1,45.14101676346905,42.08252271562731
winter wheat,1,45.13347091508244,42.267126506513875
winter wheat,1,45.13724383927574,42.13372668682213
winter wheat,1,45.146676149758996,42.10839419580996
winter wheat,1,45.12296062625824,42.2552687447635
winter wheat,1,45.1437117093214,42.101117842008584
winter wheat,1,45.149101601026125,42.09464997196293
winter wheat,1,45.13320142049721,42.26982145236624
winter wheat,1,45.142903225565696,42.12537235467981
potato,11,45.13481838800862,42.26470105524675
winter wheat,1,45.145059182247586,42.134535170577834
winter wheat,1,45.146676149758996,42.270899430707175
winter wheat,1,45.146676149758996,42.091416036940096
winter wheat,1,45.11622326162735,42.06311910549033
winter wheat,1,45.145059182247586,42.086834628991085
winter wheat,1,45.11649275621258,42.064466578416514
winter wheat,1,45.12969799088914,42.28275719245755
winter wheat,1,45.126194561281075,42.26227560397963
winter wheat,1,45.14532867683282,42.275750333241426
winter wheat,1,45.13481838800862,42.274941849485714
winter wheat,1,45.12700304503678,42.25176531515543
winter wheat,1,45.14802362268518,42.28114022494614
winter wheat,1,45.13400990425291,42.26416206607628
winter wheat,1,45.14101676346905,42.08737361816156
winter wheat,1,45.14074726888381,42.08926008025821
winter wheat,1,45.138321817616685,42.28221820328708
winter wheat,1,45.1294284963039,42.26362307690581
winter wheat,1,45.14074726888381,42.27278589280383
winter wheat,1,45.13481838800862,42.270899430707175
winter wheat,1,45.14209474180999,42.08602614523538
winter wheat,1,45.12781152879249,42.27009094695147
winter wheat,1,45.14856261185565,42.10084834742335
winter wheat,1,45.1286200125482,42.256885712274915
potato,11,45.138591312201925,42.27790628992331
winter wheat,1,45.142364236395224,42.285452138309914
winter wheat,1,45.146676149758996,42.08737361816156
winter wheat,1,45.14748463351471,42.08413968313873
winter wheat,1,45.143172720150936,42.2703604415367
winter wheat,1,45.1437117093214,42.08872109108774
winter wheat,1,45.130775969230086,42.080366758945424
winter wheat,1,45.14101676346905,42.27440286031524
winter wheat,1,45.12754203420725,42.269012968610525
winter wheat,1,45.144789687662346,42.08333119938302
winter wheat,1,45.150988063122774,42.091416036940096
winter wheat,1,45.140477774298574,42.27817578450855
winter wheat,1,45.142364236395224,42.08144473728637
winter wheat,1,45.13535737717909,42.27817578450855
winter wheat,1,45.132662431326736,42.27278589280383
winter wheat,1,45.142364236395224,42.105699249957595
winter wheat,1,45.14532867683282,42.27386387114477
winter wheat,1,45.12673355045155,42.256616217689675
winter wheat,1,45.14398120390664,42.08144473728637
winter wheat,1,45.14613716058853,42.28221820328708
winter wheat,1,45.12376911001395,42.07605484558165
winter wheat,1,45.1361658609348,42.27278589280383
potato,11,45.14452019307711,42.12968426804359
winter wheat,1,45.146945644344235,42.10300430410524
winter wheat,1,45.12969799088914,42.275211344070954
winter wheat,1,45.12673355045155,42.26092813105345
winter wheat,1,45.14074726888381,42.279523257434725
winter wheat,1,45.14802362268518,42.09788390698576
winter wheat,1,45.115953767042114,42.066622535098396
winter wheat,1,45.134279398838146,42.26604852817293
winter wheat,1,45.14829311727041,42.08629563982061
winter wheat,1,45.134548893423386,42.28221820328708
winter wheat,1,45.119457196650174,42.074707372655475
winter wheat,1,45.1286200125482,42.08656513440585
winter wheat,1,45.142903225565696,42.105699249957595
winter wheat,1,45.144250698491874,42.10435177703142
winter wheat,1,45.12107416416159,42.07201242680311
winter wheat,1,45.12915900171867,42.275480838656186
winter wheat,1,45.134279398838146,42.28114022494614
winter wheat,1,45.15152705229325,42.101926325764296
winter wheat,1,45.13805232303145,42.27979275201996
winter wheat,1,45.119996185820646,42.068778491780286
winter wheat,1,45.11837921830924,42.06931748095076
winter wheat,1,45.144250698491874,42.10704672288378
winter wheat,1,45.136704850105275,42.269012968610525
winter wheat,1,45.13589636634956,42.08602614523538
potato,11,45.14586766600329,42.09572795030387
winter wheat,1,45.1361658609348,42.28410466538374
winter wheat,1,45.12161315333206,42.06177163256415
potato,11,45.143172720150936,42.10354329327571
winter wheat,1,45.144789687662346,42.09303300445151
winter wheat,1,45.12457759376966,42.26847397944005
winter wheat,1,45.142633730980464,42.08656513440585
winter wheat,1,45.12269113167301,42.25419076642255
winter wheat,1,45.142633730980464,42.124024881753634
potato,11,45.149101601026125,42.13372668682213
winter wheat,1,45.14020827971334,42.08198372645684
winter wheat,1,45.13131495840055,42.27386387114477
winter wheat,1,45.124308099184425,42.27062993612194
winter wheat,1,45.1361658609348,42.084948166894435
winter wheat,1,45.124038604599185,42.07497686724071
winter wheat,1,45.1437117093214,42.27790628992331
winter wheat,1,45.14559817141806,42.10677722829854
winter wheat,1,45.14559817141806,42.27844527909378
winter wheat,1,45.14182524722475,42.09815340157099
winter wheat,1,45.14344221473617,42.10273480952
winter wheat,1,45.15125755770801,42.10435177703142
winter wheat,1,45.13374040966768,42.27278589280383
winter wheat,1,45.1294284963039,42.28221820328708
winter wheat,1,45.14452019307711,42.09491946654816
winter wheat,1,45.14128625805428,42.2733248819743
winter wheat,1,45.145059182247586,42.271168925292415
winter wheat,1,45.144789687662346,42.10462127161665
winter wheat,1,45.129967485474374,42.273055387389064
winter wheat,1,45.145059182247586,42.10920267956566
winter wheat,1,45.13158445298579,42.274941849485714
winter wheat,1,45.138591312201925,42.26793499026958
winter wheat,1,45.120265680405886,42.256885712274915
winter wheat,1,45.140477774298574,42.08872109108774
winter wheat,1,45.14748463351471,42.275480838656186
winter wheat,1,45.1218826479173,42.26631802275817
winter wheat,1,45.144789687662346,42.097614412400524
winter wheat,1,45.12161315333206,42.26200610939439
winter wheat,1,45.11837921830924,42.072820910558825
winter wheat,1,45.132392936741496,42.281679214116615
winter wheat,1,45.15206604146372,42.10354329327571
winter wheat,1,45.14344221473617,42.12806730053217
winter wheat,1,45.13751333386098,42.26766549568435
winter wheat,1,45.14182524722475,42.26874347402529
winter wheat,1,45.12754203420725,42.263084087735336
winter wheat,1,45.140477774298574,42.2838351707985
winter wheat,1,45.12107416416159,42.25715520686015
winter wheat,1,45.149101601026125,42.101387336593824
winter wheat,1,45.14775412809994,42.08413968313873
winter wheat,1,45.14398120390664,42.13103174096977
winter wheat,1,45.130236980059614,42.08440917772396
winter wheat,1,45.146945644344235,42.08360069396826
winter wheat,1,45.14101676346905,42.08629563982061
winter wheat,1,45.14748463351471,42.09842289615623
winter wheat,1,45.13535737717909,42.26820448485482
winter wheat,1,45.12915900171867,42.080905748115896
winter wheat,1,45.14775412809994,42.10516026078712
winter wheat,1,45.13374040966768,42.27143841987765
winter wheat,1,45.11891820747971,42.06770051343934
winter wheat,1,45.12969799088914,42.252304304325904
winter wheat,1,45.12700304503678,42.28033174119043
winter wheat,1,45.14532867683282,42.09249401528104
winter wheat,1,45.138591312201925,42.28410466538374
winter wheat,1,45.14182524722475,42.07767181309307
winter wheat,1,45.14452019307711,42.26874347402529
winter wheat,1,45.15017957936706,42.27844527909378
winter wheat,1,45.12161315333206,42.26470105524675
winter wheat,1,45.130775969230086,42.279253762849486
winter wheat,1,45.14020827971334,42.28114022494614
winter wheat,1,45.13697434469051,42.080366758945424
winter wheat,1,45.14937109561136,42.091416036940096
winter wheat,1,45.142364236395224,42.136421632674484
winter wheat,1,45.132123442156264,42.25958065812727
winter wheat,1,45.12646405586631,42.25311278808161
winter wheat,1,45.14182524722475,42.27197740904812
winter wheat,1,45.1256555721106,42.26092813105345
winter wheat,1,45.15152705229325,42.09788390698576
winter wheat,1,45.13508788259386,42.27359437655954
winter wheat,1,45.14074726888381,42.08144473728637
winter wheat,1,45.14613716058853,42.27601982782666
winter wheat,1,45.142633730980464,42.265240044417226
winter wheat,1,45.14559817141806,42.27197740904812
winter wheat,1,45.12323012084348,42.26820448485482
winter wheat,1,45.1391303013724,42.281409719531375
winter wheat,1,45.146945644344235,42.10731621746901
winter wheat,1,45.15017957936706,42.09411098279246
winter wheat,1,45.14101676346905,42.08413968313873
winter wheat,1,45.146945644344235,42.105699249957595
winter wheat,1,45.126194561281075,42.26011964729774
winter wheat,1,45.13347091508244,42.08440917772396
winter wheat,1,45.12727253962202,42.2800622466052
winter wheat,1,45.14128625805428,42.09815340157099
winter wheat,1,45.12349961542871,42.258502679786325
winter wheat,1,45.14802362268518,42.101117842008584
winter wheat,1,45.12646405586631,42.076593834752124
winter wheat,1,45.13050647464485,42.28221820328708
winter wheat,1,45.132662431326736,42.275480838656186
winter wheat,1,45.14829311727041,42.27682831158236
winter wheat,1,45.14101676346905,42.12887578428788
winter wheat,1,45.1286200125482,42.27224690363336
potato,11,45.1248470883549,42.27413336573001
winter wheat,1,45.12673355045155,42.26982145236624
winter wheat,1,45.13966929054287,42.2703604415367
winter wheat,1,45.14748463351471,42.279253762849486
winter wheat,1,45.14452019307711,42.09384148820722
winter wheat,1,45.14020827971334,42.275211344070954
winter wheat,1,45.1399387851281,42.2800622466052
winter wheat,1,45.142903225565696,42.080905748115896
potato,11,45.12969799088914,42.273055387389064
winter wheat,1,45.12888950713343,42.08440917772396
winter wheat,1,45.1437117093214,42.263084087735336
winter wheat,1,45.124308099184425,42.07605484558165
winter wheat,1,45.13131495840055,42.26874347402529
winter wheat,1,45.13886080678716,42.08171423187161
winter wheat,1,45.12888950713343,42.252304304325904
winter wheat,1,45.14182524722475,42.10246531493477
winter wheat,1,45.14721513892947,42.27278589280383
winter wheat,1,45.150718568537535,42.132648708481184
winter wheat,1,45.13805232303145,42.28841657874751
winter wheat,1,45.145059182247586,42.09060755318439
winter wheat,1,45.140477774298574,42.28114022494614
winter wheat,1,45.14155575263952,42.13615213808925
potato,11,45.14559817141806,42.12564184926505
winter wheat,1,45.143172720150936,42.27009094695147
winter wheat,1,45.13508788259386,42.08656513440585
winter wheat,1,45.149101601026125,42.13184022472547
winter wheat,1,45.12349961542871,42.252034809740664
winter wheat,1,45.1294284963039,42.2800622466052
winter wheat,1,45.136704850105275,42.0876431127468
winter wheat,1,45.12700304503678,42.2657790335877
winter wheat,1,45.12107416416159,42.060424159637975
winter wheat,1,45.14101676346905,42.09060755318439
winter wheat,1,45.12646405586631,42.270899430707175
winter wheat,1,45.14182524722475,42.076863329337364
winter wheat,1,45.13778282844621,42.281409719531375
winter wheat,1,45.13562687176433,42.28302668704279
winter wheat,1,45.1504490739523,42.10812470122472
winter wheat,1,45.14721513892947,42.14019455686779
winter wheat,1,45.12835051796296,42.0846786723092
winter wheat,1,45.142364236395224,42.0846786723092
winter wheat,1,45.14856261185565,42.130762246384535
winter wheat,1,45.142364236395224,42.13291820306642
winter wheat,1,45.12781152879249,42.24933986388831
winter wheat,1,45.143172720150936,42.283565676213264
winter wheat,1,45.13535737717909,42.080905748115896
winter wheat,1,45.129967485474374,42.25958065812727
winter wheat,1,45.14398120390664,42.275750333241426
winter wheat,1,45.13535737717909,42.277636795338076
winter wheat,1,45.12781152879249,42.258502679786325
winter wheat,1,45.13347091508244,42.28114022494614
winter wheat,1,45.13805232303145,42.27682831158236
winter wheat,1,45.12323012084348,42.25446026100779
winter wheat,1,45.1256555721106,42.24907036930307
winter wheat,1,45.129967485474374,42.2665875173434
potato,11,45.1391303013724,42.13399618140736
winter wheat,1,45.12349961542871,42.25985015271251
winter wheat,1,45.14155575263952,42.09195502611057
winter wheat,1,45.12511658294013,42.26092813105345
winter wheat,1,45.13886080678716,42.128606289702645
winter wheat,1,45.144250698491874,42.081175242701136
winter wheat,1,45.13966929054287,42.26847397944005
winter wheat,1,45.14344221473617,42.08333119938302
potato,11,45.13939979595763,42.277636795338076
winter wheat,1,45.144250698491874,42.264431560661514
potato,11,45.14775412809994,42.10354329327571
winter wheat,1,45.132123442156264,42.27440286031524
winter wheat,1,45.13104546381532,42.27143841987765
winter wheat,1,45.13886080678716,42.13669112725972
winter wheat,1,45.150988063122774,42.10462127161665
winter wheat,1,45.14398120390664,42.26604852817293
winter wheat,1,45.12323012084348,42.26173661480916
winter wheat,1,45.144250698491874,42.07982776977496
winter wheat,1,45.14155575263952,42.124294376338874
winter wheat,1,45.14586766600329,42.275750333241426
winter wheat,1,45.14155575263952,42.1275283113617
winter wheat,1,45.150718568537535,42.10731621746901
winter wheat,1,45.134279398838146,42.26389257149104
winter wheat,1,45.144789687662346,42.12564184926505
winter wheat,1,45.14640665517376,42.277636795338076
winter wheat,1,45.11837921830924,42.07147343763264
winter wheat,1,45.11918770206494,42.25499925017826
winter wheat,1,45.12781152879249,42.27898426826425
winter wheat,1,45.12107416416159,42.06500556758698
winter wheat,1,45.148832106440885,42.13938607311208
winter wheat,1,45.12296062625824,42.07174293221788
winter wheat,1,45.12915900171867,42.256885712274915
winter wheat,1,45.15125755770801,42.13938607311208
winter wheat,1,45.131853947571024,42.262814593150104
winter wheat,1,45.14101676346905,42.078749791434014
winter wheat,1,45.142364236395224,42.09626693947434
winter wheat,1,45.144789687662346,42.271168925292415
winter wheat,1,45.13939979595763,42.08548715606491
winter wheat,1,45.14101676346905,42.08333119938302
winter wheat,1,45.14640665517376,42.10839419580996
winter wheat,1,45.12242163708777,42.267126506513875
winter wheat,1,45.14182524722475,42.124024881753634
winter wheat,1,45.14155575263952,42.273055387389064
winter wheat,1,45.119996185820646,42.25446026100779
winter wheat,1,45.15206604146372,42.09842289615623
winter wheat,1,45.12673355045155,42.25499925017826
winter wheat,1,45.12888950713343,42.25176531515543
winter wheat,1,45.14748463351471,42.10920267956566
winter wheat,1,45.12888950713343,42.27898426826425
winter wheat,1,45.13805232303145,42.275480838656186
winter wheat,1,45.134548893423386,42.269012968610525
winter wheat,1,45.146945644344235,42.08333119938302
winter wheat,1,45.12376911001395,42.25769419603062
potato,11,45.1534135143899,42.10246531493477
winter wheat,1,45.150988063122774,42.095188961133395
winter wheat,1,45.11918770206494,42.0703954592917
winter wheat,1,45.143172720150936,42.09249401528104
winter wheat,1,45.14398120390664,42.1237553871684
winter wheat,1,45.124038604599185,42.26038914188298
winter wheat,1,45.1504490739523,42.13615213808925
winter wheat,1,45.146676149758996,42.13830809477113
winter wheat,1,45.148832106440885,42.275750333241426
winter wheat,1,45.11676225079782,42.07120394304741
potato,11,45.134548893423386,42.28114022494614
winter wheat,1,45.1437117093214,42.10489076620189
winter wheat,1,45.14613716058853,42.088990585672974
winter wheat,1,45.14748463351471,42.275211344070954
winter wheat,1,45.14586766600329,42.08602614523538
winter wheat,1,45.14640665517376,42.281409719531375
winter wheat,1,45.12727253962202,42.264431560661514
winter wheat,1,45.148832106440885,42.281409719531375
winter wheat,1,45.12161315333206,42.074168383485
winter wheat,1,45.14182524722475,42.28679961123609
winter wheat,1,45.12727253962202,42.078749791434014
winter wheat,1,45.12727253962202,42.266857011928636
winter wheat,1,45.12727253962202,42.250956831399726
winter wheat,1,45.12915900171867,42.08360069396826
winter wheat,1,45.142364236395224,42.28033174119043
winter wheat,1,45.13104546381532,42.26119762563869
winter wheat,1,45.14344221473617,42.12779780594694
winter wheat,1,45.144250698491874,42.26793499026958
winter wheat,1,45.14640665517376,42.131301235555
winter wheat,1,45.128081023377725,42.08360069396826
winter wheat,1,45.14748463351471,42.0876431127468
winter wheat,1,45.12134365874683,42.26362307690581
winter wheat,1,45.14128625805428,42.27844527909378
winter wheat,1,45.150718568537535,42.10516026078712
winter wheat,1,45.1218826479173,42.06743101885411
winter wheat,1,45.1294284963039,42.26200610939439
winter wheat,1,45.142903225565696,42.10219582034953
winter wheat,1,45.1391303013724,42.27143841987765
winter wheat,1,45.13508788259386,42.26820448485482
winter wheat,1,45.14344221473617,42.10435177703142
winter wheat,1,45.15017957936706,42.09707542323005
winter wheat,1,45.13939979595763,42.2876080949918
winter wheat,1,45.142903225565696,42.27413336573001
winter wheat,1,45.14775412809994,42.10489076620189
winter wheat,1,45.15017957936706,42.10812470122472
winter wheat,1,45.14559817141806,42.2800622466052
winter wheat,1,45.13320142049721,42.26847397944005
winter wheat,1,45.14074726888381,42.27413336573001
winter wheat,1,45.120265680405886,42.252843293496376
potato,11,45.136704850105275,42.279523257434725
winter wheat,1,45.146676149758996,42.09653643405958
winter wheat,1,45.144789687662346,42.10246531493477
winter wheat,1,45.11460629411593,42.066353040513164
winter wheat,1,45.14074726888381,42.13588264350401
winter wheat,1,45.149101601026125,42.10084834742335
winter wheat,1,45.13697434469051,42.285991127480386
winter wheat,1,45.142903225565696,42.124294376338874
winter wheat,1,45.118109723724,42.064197083831274
winter wheat,1,45.132392936741496,42.08144473728637
potato,11,45.13805232303145,42.13022325721406
winter wheat,1,45.132662431326736,42.26739600109911
winter wheat,1,45.146945644344235,42.28060123577567
winter wheat,1,45.129967485474374,42.27386387114477
winter wheat,1,45.14155575263952,42.12698932219123
winter wheat,1,45.13697434469051,42.28275719245755
winter wheat,1,45.136704850105275,42.28248769787232
winter wheat,1,45.12053517499112,42.2590416689568
winter wheat,1,45.13400990425291,42.08063625353066
winter wheat,1,45.142364236395224,42.097614412400524
winter wheat,1,45.14748463351471,42.08791260733203
winter wheat,1,45.12835051796296,42.2800622466052
potato,11,45.13293192591197,42.27062993612194
winter wheat,1,45.12754203420725,42.24933986388831
winter wheat,1,45.150718568537535,42.27871477367902
winter wheat,1,45.11918770206494,42.06392758924604
winter wheat,1,45.130236980059614,42.266857011928636
winter wheat,1,45.14532867683282,42.264970549831986
winter wheat,1,45.13400990425291,42.27898426826425
winter wheat,1,45.13697434469051,42.275750333241426
winter wheat,1,45.13939979595763,42.27844527909378
winter wheat,1,45.143172720150936,42.091685531525336
winter wheat,1,45.134279398838146,42.27170791446289
winter wheat,1,45.13158445298579,42.25823318520109
winter wheat,1,45.13347091508244,42.26739600109911
winter wheat,1,45.13697434469051,42.27655881699713
potato,11,45.142364236395224,42.095458455718635
winter wheat,1,45.142903225565696,42.13318769765166
winter wheat,1,45.14775412809994,42.10650773371331
winter wheat,1,45.13778282844621,42.27359437655954
winter wheat,1,45.148832106440885,42.10731621746901
winter wheat,1,45.13562687176433,42.28491314913944
winter wheat,1,45.12269113167301,42.064197083831274
winter wheat,1,45.144789687662346,42.085217661479675
winter wheat,1,45.1391303013724,42.26874347402529
winter wheat,1,45.144250698491874,42.079019286019246
winter wheat,1,45.11730123996829,42.06823950260981
winter wheat,1,45.11837921830924,42.25634672310444
potato,11,45.14640665517376,42.10327379869047
winter wheat,1,45.132662431326736,42.2800622466052
winter wheat,1,45.130236980059614,42.2770978061676
winter wheat,1,45.142364236395224,42.0989618853267
winter wheat,1,45.130236980059614,42.08737361816156
winter wheat,1,45.13158445298579,42.27655881699713
winter wheat,1,45.117840229138764,42.06527506217222
winter wheat,1,45.12457759376966,42.269551957781
winter wheat,1,45.11730123996829,42.072820910558825
winter wheat,1,45.148832106440885,42.27979275201996
winter wheat,1,45.132392936741496,42.08791260733203
winter wheat,1,45.15125755770801,42.097344917815285
winter wheat,1,45.13104546381532,42.08387018855349
winter wheat,1,45.13724383927574,42.287338600406564
winter wheat,1,45.130236980059614,42.27628932241189
winter wheat,1,45.12781152879249,42.28033174119043
winter wheat,1,45.14155575263952,42.08252271562731
winter wheat,1,45.12134365874683,42.06554455675745
winter wheat,1,45.14613716058853,42.12806730053217
winter wheat,1,45.149101601026125,42.09599744488911
winter wheat,1,45.143172720150936,42.09464997196293
potato,11,45.136704850105275,42.279253762849486
winter wheat,1,45.13805232303145,42.27251639821859
winter wheat,1,45.1437117093214,42.13210971931071
winter wheat,1,45.144250698491874,42.09114654235486
winter wheat,1,45.146945644344235,42.13184022472547
winter wheat,1,45.15125755770801,42.13372668682213
winter wheat,1,45.13347091508244,42.27359437655954
winter wheat,1,45.1504490739523,42.10003986366765
winter wheat,1,45.14532867683282,42.10731621746901
winter wheat,1,45.13400990425291,42.080905748115896
winter wheat,1,45.1294284963039,42.28275719245755
winter wheat,1,45.13347091508244,42.27170791446289
winter wheat,1,45.130236980059614,42.08602614523538
winter wheat,1,45.14182524722475,42.09303300445151
winter wheat,1,45.13293192591197,42.26766549568435
winter wheat,1,45.13481838800862,42.27898426826425
winter wheat,1,45.13374040966768,42.27467235490048
winter wheat,1,45.126194561281075,42.24960935847354
winter wheat,1,45.14182524722475,42.281409719531375
winter wheat,1,45.119457196650174,42.25634672310444
winter wheat,1,45.11864871289447,42.07201242680311
winter wheat,1,45.1286200125482,42.08575665065015
winter wheat,1,45.13589636634956,42.28194870870185
winter wheat,1,45.14344221473617,42.26766549568435
winter wheat,1,45.12080466957636,42.263353582320576
winter wheat,1,45.14101676346905,42.08791260733203
winter wheat,1,45.15125755770801,42.095188961133395
winter wheat,1,45.13535737717909,42.26739600109911
winter wheat,1,45.13724383927574,42.12779780594694
winter wheat,1,45.136704850105275,42.08818210191727
potato,11,45.142903225565696,42.12887578428788
winter wheat,1,45.14532867683282,42.10003986366765
winter wheat,1,45.14964059019659,42.09626693947434
winter wheat,1,45.1504490739523,42.10650773371331
winter wheat,1,45.152605030634184,42.10408228244618
winter wheat,1,45.14398120390664,42.09384148820722
winter wheat,1,45.144789687662346,42.0876431127468
winter wheat,1,45.15314401980466,42.099231379911934
winter wheat,1,45.14802362268518,42.0876431127468
winter wheat,1,45.12646405586631,42.25553823934873
potato,11,45.13562687176433,42.26739600109911
winter wheat,1,45.15017957936706,42.10057885283812
winter wheat,1,45.12888950713343,42.080366758945424
winter wheat,1,45.144789687662346,42.10516026078712
winter wheat,1,45.12349961542871,42.252843293496376
potato,11,45.14398120390664,42.12725881677647
winter wheat,1,45.1391303013724,42.083061704797785
potato,11,45.142633730980464,42.134265675992594
winter wheat,1,45.132392936741496,42.08440917772396
winter wheat,1,45.12457759376966,42.26227560397963
winter wheat,1,45.12646405586631,42.27143841987765
winter wheat,1,45.12242163708777,42.254729755593026
potato,11,45.13724383927574,42.12941477345835
winter wheat,1,45.14128625805428,42.084948166894435
winter wheat,1,45.125925066695835,42.25446026100779
winter wheat,1,45.14829311727041,42.10677722829854
winter wheat,1,45.124308099184425,42.250417842229254
winter wheat,1,45.14344221473617,42.12618083843552
potato,11,45.149101601026125,42.13588264350401
winter wheat,1,45.12457759376966,42.074437878070235
winter wheat,1,45.119726691235414,42.07362939431453
winter wheat,1,45.13347091508244,42.08413968313873
winter wheat,1,45.13886080678716,42.08413968313873
winter wheat,1,45.14640665517376,42.12698932219123
winter wheat,1,45.12727253962202,42.26362307690581
winter wheat,1,45.130775969230086,42.27817578450855
potato,11,45.14964059019659,42.10300430410524
winter wheat,1,45.13886080678716,42.13480466516307
winter wheat,1,45.12349961542871,42.260658636468214
winter wheat,1,45.146676149758996,42.27143841987765
winter wheat,1,45.14775412809994,42.08791260733203
winter wheat,1,45.13050647464485,42.08198372645684
winter wheat,1,45.14209474180999,42.124833365509346
winter wheat,1,45.14532867683282,42.10704672288378
winter wheat,1,45.144250698491874,42.08656513440585
winter wheat,1,45.1504490739523,42.0989618853267
winter wheat,1,45.13939979595763,42.08656513440585
winter wheat,1,45.1256555721106,42.25446026100779
winter wheat,1,45.14586766600329,42.27898426826425
winter wheat,1,45.12053517499112,42.25742470144539
winter wheat,1,45.13131495840055,42.27601982782666
winter wheat,1,45.13158445298579,42.26119762563869
winter wheat,1,45.143172720150936,42.078749791434014
winter wheat,1,45.1256555721106,42.2657790335877
winter wheat,1,45.12673355045155,42.269282463195765
winter wheat,1,45.14991008478183,42.10866369039519
winter wheat,1,45.1256555721106,42.25580773393397
winter wheat,1,45.128081023377725,42.269012968610525
winter wheat,1,45.1294284963039,42.283296181628025
winter wheat,1,45.124308099184425,42.26362307690581
winter wheat,1,45.13374040966768,42.26389257149104
winter wheat,1,45.14101676346905,42.27844527909378
winter wheat,1,45.128081023377725,42.27898426826425
winter wheat,1,45.146945644344235,42.105968744542835
winter wheat,1,45.12835051796296,42.2703604415367
winter wheat,1,45.12888950713343,42.266857011928636
winter wheat,1,45.13966929054287,42.08225322104208
winter wheat,1,45.13481838800862,42.279253762849486
winter wheat,1,45.14398120390664,42.107855206639485
winter wheat,1,45.142633730980464,42.08575665065015
potato,11,45.144250698491874,42.12779780594694
winter wheat,1,45.13939979595763,42.27278589280383
winter wheat,1,45.125925066695835,42.27467235490048
winter wheat,1,45.14398120390664,42.09842289615623
winter wheat,1,45.12269113167301,42.26793499026958
winter wheat,1,45.14074726888381,42.285452138309914
winter wheat,1,45.142364236395224,42.274941849485714
winter wheat,1,45.1256555721106,42.26793499026958
winter wheat,1,45.15206604146372,42.09411098279246
winter wheat,1,45.13697434469051,42.27062993612194
winter wheat,1,45.144250698491874,42.28491314913944
winter wheat,1,45.129967485474374,42.25311278808161
winter wheat,1,45.14829311727041,42.277367300752836
winter wheat,1,45.1286200125482,42.28194870870185
winter wheat,1,45.124308099184425,42.2590416689568
winter wheat,1,45.13400990425291,42.275211344070954
potato,11,45.12673355045155,42.275211344070954
winter wheat,1,45.12161315333206,42.07524636182595
winter wheat,1,45.12511658294013,42.2657790335877
winter wheat,1,45.1361658609348,42.28033174119043
potato,11,45.138591312201925,42.080366758945424
winter wheat,1,45.1391303013724,42.27790628992331
winter wheat,1,45.143172720150936,42.093302499036746
winter wheat,1,45.149101601026125,42.10623823912807
winter wheat,1,45.149101601026125,42.2770978061676
winter wheat,1,45.13104546381532,42.081175242701136
winter wheat,1,45.12888950713343,42.27440286031524
winter wheat,1,45.142364236395224,42.10920267956566
winter wheat,1,45.134279398838146,42.08279221021255
winter wheat,1,45.125925066695835,42.26874347402529
winter wheat,1,45.12161315333206,42.072551415973585
winter wheat,1,45.130775969230086,42.0876431127468
winter wheat,1,45.12673355045155,42.267126506513875
winter wheat,1,45.132392936741496,42.08413968313873
winter wheat,1,45.14128625805428,42.080905748115896
winter wheat,1,45.14532867683282,42.269551957781
winter wheat,1,45.12888950713343,42.08144473728637
winter wheat,1,45.13805232303145,42.08629563982061
winter wheat,1,45.14991008478183,42.279523257434725
winter wheat,1,45.119996185820646,42.07120394304741
winter wheat,1,45.132123442156264,42.08791260733203
winter wheat,1,45.144789687662346,42.091685531525336
winter wheat,1,45.124308099184425,42.26146712022392
winter wheat,1,45.1294284963039,42.26389257149104
winter wheat,1,45.1218826479173,42.26119762563869
winter wheat,1,45.12376911001395,42.07632434016689
winter wheat,1,45.13697434469051,42.269282463195765
winter wheat,1,45.14344221473617,42.101387336593824
winter wheat,1,45.148832106440885,42.0846786723092
winter wheat,1,45.14802362268518,42.132379213895945
winter wheat,1,45.13293192591197,42.26038914188298
winter wheat,1,45.14128625805428,42.08144473728637
winter wheat,1,45.124038604599185,42.269012968610525
winter wheat,1,45.144789687662346,42.26793499026958
winter wheat,1,45.14829311727041,42.13184022472547
winter wheat,1,45.1294284963039,42.25068733681449
winter wheat,1,45.14586766600329,42.099231379911934
winter wheat,1,45.1218826479173,42.07497686724071
winter wheat,1,45.13158445298579,42.2560772285192
potato,11,45.15206604146372,42.09276350986627
winter wheat,1,45.125925066695835,42.27386387114477
winter wheat,1,45.15179654687848,42.10893318498043
winter wheat,1,45.12835051796296,42.27467235490048
potato,11,45.14398120390664,42.080366758945424
winter wheat,1,45.14586766600329,42.08360069396826
winter wheat,1,45.14452019307711,42.269012968610525
winter wheat,1,45.14074726888381,42.08360069396826
winter wheat,1,45.14182524722475,42.097614412400524
winter wheat,1,45.118109723724,42.2552687447635
winter wheat,1,45.12969799088914,42.2733248819743
winter wheat,1,45.119996185820646,42.06770051343934
winter wheat,1,45.14182524722475,42.090877047769624
winter wheat,1,45.142633730980464,42.08063625353066
winter wheat,1,45.13158445298579,42.28275719245755
winter wheat,1,45.1256555721106,42.256885712274915
winter wheat,1,45.1399387851281,42.275750333241426
winter wheat,1,45.1218826479173,42.06338860007557
winter wheat,1,45.14452019307711,42.105699249957595
winter wheat,1,45.14802362268518,42.09815340157099
winter wheat,1,45.1256555721106,42.269551957781
winter wheat,1,45.12107416416159,42.262545098564864
winter wheat,1,45.130236980059614,42.26362307690581
winter wheat,1,45.12134365874683,42.26146712022392
winter wheat,1,45.136435355520035,42.26820448485482
winter wheat,1,45.14182524722475,42.124294376338874
winter wheat,1,45.14964059019659,42.089529574843446
winter wheat,1,45.150988063122774,42.099231379911934
winter wheat,1,45.13939979595763,42.128336795117406
winter wheat,1,45.12269113167301,42.07389888889977
winter wheat,1,45.12915900171867,42.08629563982061
winter wheat,1,45.144250698491874,42.09626693947434
winter wheat,1,45.142633730980464,42.126719827605996
potato,11,45.13939979595763,42.12564184926505
winter wheat,1,45.126194561281075,42.274941849485714
winter wheat,1,45.14074726888381,42.079288780604486
winter wheat,1,45.13347091508244,42.2770978061676
winter wheat,1,45.14101676346905,42.27062993612194
potato,11,45.14074726888381,42.27655881699713
winter wheat,1,45.142903225565696,42.27062993612194
winter wheat,1,45.14802362268518,42.13184022472547
winter wheat,1,45.14209474180999,42.10893318498043
winter wheat,1,45.12296062625824,42.0628496109051
winter wheat,1,45.1361658609348,42.281409719531375
winter wheat,1,45.14559817141806,42.10273480952
winter wheat,1,45.12646405586631,42.273055387389064
winter wheat,1,45.13158445298579,42.279523257434725
winter wheat,1,45.142903225565696,42.09653643405958
winter wheat,1,45.14829311727041,42.09303300445151
winter wheat,1,45.13293192591197,42.08440917772396
winter wheat,1,45.1286200125482,42.279523257434725
winter wheat,1,45.13724383927574,42.28248769787232
winter wheat,1,45.14398120390664,42.27251639821859
winter wheat,1,45.1504490739523,42.090877047769624
winter wheat,1,45.119996185820646,42.07147343763264
winter wheat,1,45.1218826479173,42.06554455675745
winter wheat,1,45.14344221473617,42.08575665065015
winter wheat,1,45.142633730980464,42.091416036940096
winter wheat,1,45.12323012084348,42.25499925017826
winter wheat,1,45.13751333386098,42.28060123577567
winter wheat,1,45.136704850105275,42.08548715606491
winter wheat,1,45.14128625805428,42.27143841987765
winter wheat,1,45.14398120390664,42.085217661479675
winter wheat,1,45.128081023377725,42.265240044417226
winter wheat,1,45.132123442156264,42.083061704797785
winter wheat,1,45.14074726888381,42.269551957781
winter wheat,1,45.14209474180999,42.2657790335877
winter wheat,1,45.11676225079782,42.066083545927924
winter wheat,1,45.14586766600329,42.093302499036746
winter wheat,1,45.146945644344235,42.08629563982061
winter wheat,1,45.12835051796296,42.25796369061585
winter wheat,1,45.128081023377725,42.264431560661514
winter wheat,1,45.14586766600329,42.10920267956566
winter wheat,1,45.14802362268518,42.10650773371331
winter wheat,1,45.132392936741496,42.26982145236624
winter wheat,1,45.122152142502536,42.25931116354204
winter wheat,1,45.13158445298579,42.271168925292415
winter wheat,1,45.12457759376966,42.25311278808161
winter wheat,1,45.1143367995307,42.06716152426887
winter wheat,1,45.12053517499112,42.074168383485
winter wheat,1,45.14155575263952,42.2703604415367
winter wheat,1,45.14532867683282,42.08791260733203
winter wheat,1,45.14452019307711,42.26982145236624
winter wheat,1,45.14532867683282,42.2665875173434
winter wheat,1,45.14182524722475,42.08440917772396
winter wheat,1,45.132392936741496,42.26092813105345
winter wheat,1,45.11837921830924,42.074168383485
winter wheat,1,45.13320142049721,42.275211344070954
winter wheat,1,45.1437117093214,42.285452138309914
winter wheat,1,45.14128625805428,42.269012968610525
winter wheat,1,45.15314401980466,42.10003986366765
winter wheat,1,45.1437117093214,42.08979906942868
winter wheat,1,45.13320142049721,42.269551957781
winter wheat,1,45.12700304503678,42.25311278808161
winter wheat,1,45.1399387851281,42.28679961123609
winter wheat,1,45.13320142049721,42.27224690363336
winter wheat,1,45.132123442156264,42.27817578450855
winter wheat,1,45.132392936741496,42.27628932241189
winter wheat,1,45.14074726888381,42.12941477345835
winter wheat,1,45.119726691235414,42.06716152426887
winter wheat,1,45.14074726888381,42.28221820328708
winter wheat,1,45.14101676346905,42.09195502611057
winter wheat,1,45.14640665517376,42.10408228244618
winter wheat,1,45.14991008478183,42.10219582034953
winter wheat,1,45.12754203420725,42.26550953900246
winter wheat,1,45.12700304503678,42.264970549831986
winter wheat,1,45.136704850105275,42.27413336573001
winter wheat,1,45.1294284963039,42.258772174371565
winter wheat,1,45.146945644344235,42.27817578450855
winter wheat,1,45.14344221473617,42.10327379869047
winter wheat,1,45.144250698491874,42.107855206639485
winter wheat,1,45.14101676346905,42.275211344070954
winter wheat,1,45.14721513892947,42.281409719531375
winter wheat,1,45.13939979595763,42.081175242701136
winter wheat,1,45.12915900171867,42.26550953900246
winter wheat,1,45.152605030634184,42.10084834742335
winter wheat,1,45.14559817141806,42.088990585672974
winter wheat,1,45.14182524722475,42.08575665065015
winter wheat,1,45.13347091508244,42.27628932241189
winter wheat,1,45.12835051796296,42.28114022494614
winter wheat,1,45.149101601026125,42.091416036940096
winter wheat,1,45.144789687662346,42.090877047769624
winter wheat,1,45.12134365874683,42.07524636182595
winter wheat,1,45.132662431326736,42.27871477367902
winter wheat,1,45.130775969230086,42.266857011928636
winter wheat,1,45.131853947571024,42.277636795338076
winter wheat,1,45.144250698491874,42.090877047769624
winter wheat,1,45.11730123996829,42.068778491780286
winter wheat,1,45.145059182247586,42.28060123577567
winter wheat,1,45.12888950713343,42.275480838656186
winter wheat,1,45.14532867683282,42.26874347402529
winter wheat,1,45.134279398838146,42.275750333241426
potato,11,45.1399387851281,42.13318769765166
winter wheat,1,45.13131495840055,42.08575665065015
winter wheat,1,45.12269113167301,42.07174293221788
winter wheat,1,45.11487578870117,42.06823950260981
winter wheat,1,45.119457196650174,42.25580773393397
winter wheat,1,45.132392936741496,42.26604852817293
winter wheat,1,45.14856261185565,42.10677722829854
winter wheat,1,45.12727253962202,42.269282463195765
winter wheat,1,45.13347091508244,42.27224690363336
winter wheat,1,45.1294284963039,42.08602614523538
winter wheat,1,45.134279398838146,42.27601982782666
winter wheat,1,45.13778282844621,42.27197740904812
winter wheat,1,45.14101676346905,42.08979906942868
winter wheat,1,45.145059182247586,42.08656513440585
winter wheat,1,45.130775969230086,42.08575665065015
winter wheat,1,45.14532867683282,42.13103174096977
winter wheat,1,45.13751333386098,42.2808707303609
winter wheat,1,45.13131495840055,42.256616217689675
winter wheat,1,45.14128625805428,42.265240044417226
winter wheat,1,45.13589636634956,42.281679214116615
winter wheat,1,45.142364236395224,42.27170791446289
winter wheat,1,45.12296062625824,42.25796369061585
winter wheat,1,45.14721513892947,42.09006856401392
winter wheat,1,45.150718568537535,42.13345719223689
winter wheat,1,45.146945644344235,42.08413968313873
winter wheat,1,45.14748463351471,42.279523257434725
winter wheat,1,45.14802362268518,42.093571993621985
winter wheat,1,45.122152142502536,42.07524636182595
winter wheat,1,45.13131495840055,42.256885712274915
winter wheat,1,45.12888950713343,42.27062993612194
winter wheat,1,45.12888950713343,42.25311278808161
winter wheat,1,45.14209474180999,42.10489076620189
winter wheat,1,45.131853947571024,42.28221820328708
winter wheat,1,45.13158445298579,42.28033174119043
potato,11,45.14964059019659,42.27628932241189
winter wheat,1,45.12727253962202,42.2770978061676
winter wheat,1,45.12969799088914,42.27817578450855
winter wheat,1,45.12349961542871,42.0628496109051
winter wheat,1,45.143172720150936,42.079019286019246
winter wheat,1,45.12053517499112,42.06311910549033
winter wheat,1,45.14101676346905,42.13399618140736
winter wheat,1,45.143172720150936,42.28060123577567
winter wheat,1,45.134279398838146,42.08575665065015
winter wheat,1,45.14020827971334,42.08440917772396
winter wheat,1,45.12080466957636,42.26389257149104
winter wheat,1,45.12107416416159,42.0636580946608
winter wheat,1,45.12727253962202,42.258502679786325
winter wheat,1,45.13158445298579,42.27386387114477
winter wheat,1,45.13562687176433,42.08602614523538
winter wheat,1,45.13589636634956,42.08360069396826
winter wheat,1,45.14640665517376,42.09464997196293
winter wheat,1,45.12727253962202,42.27224690363336
winter wheat,1,45.13481838800862,42.27817578450855
winter wheat,1,45.142364236395224,42.093302499036746
winter wheat,1,45.119996185820646,42.06958697553599
winter wheat,1,45.12134365874683,42.25769419603062
winter wheat,1,45.152874525219424,42.099500874497174
winter wheat,1,45.1437117093214,42.281679214116615
winter wheat,1,45.14101676346905,42.287338600406564
winter wheat,1,45.12700304503678,42.25499925017826
winter wheat,1,45.14344221473617,42.28114022494614
winter wheat,1,45.1437117093214,42.10516026078712
winter wheat,1,45.150988063122774,42.136421632674484
winter wheat,1,45.1399387851281,42.079288780604486
winter wheat,1,45.14344221473617,42.10354329327571
winter wheat,1,45.118109723724,42.06931748095076
winter wheat,1,45.12969799088914,42.25742470144539
winter wheat,1,45.14020827971334,42.27009094695147
winter wheat,1,45.14721513892947,42.10408228244618
winter wheat,1,45.12915900171867,42.2838351707985
winter wheat,1,45.143172720150936,42.264431560661514
winter wheat,1,45.14856261185565,42.091685531525336
winter wheat,1,45.15233553604895,42.097614412400524
winter wheat,1,45.15017957936706,42.09438047737769
winter wheat,1,45.14101676346905,42.07767181309307
winter wheat,1,45.1286200125482,42.08171423187161
winter wheat,1,45.14344221473617,42.27601982782666
winter wheat,1,45.13805232303145,42.28626062206562
winter wheat,1,45.1294284963039,42.27628932241189
winter wheat,1,45.142364236395224,42.09680592864481
potato,11,45.14964059019659,42.27601982782666
winter wheat,1,45.15125755770801,42.10516026078712
winter wheat,1,45.1361658609348,42.275480838656186
winter wheat,1,45.12538607752536,42.07578535099642
winter wheat,1,45.12242163708777,42.25553823934873
winter wheat,1,45.14209474180999,42.28437415996897
winter wheat,1,45.14452019307711,42.10003986366765
winter wheat,1,45.1248470883549,42.269282463195765
winter wheat,1,45.131853947571024,42.08602614523538
winter wheat,1,45.14721513892947,42.086834628991085
winter wheat,1,45.12269113167301,42.2665875173434
potato,11,45.13751333386098,42.12618083843552
winter wheat,1,45.14532867683282,42.13507415974831
winter wheat,1,45.12915900171867,42.2703604415367
winter wheat,1,45.145059182247586,42.105968744542835
winter wheat,1,45.14532867683282,42.277367300752836
winter wheat,1,45.13589636634956,42.0846786723092
winter wheat,1,45.11918770206494,42.258502679786325
winter wheat,1,45.12888950713343,42.26982145236624
winter wheat,1,45.12242163708777,42.072820910558825
winter wheat,1,45.1437117093214,42.2808707303609
winter wheat,1,45.148832106440885,42.09006856401392
winter wheat,1,45.13589636634956,42.270899430707175
winter wheat,1,45.12269113167301,42.252034809740664
winter wheat,1,45.13724383927574,42.271168925292415
winter wheat,1,45.12673355045155,42.269012968610525
winter wheat,1,45.15179654687848,42.101926325764296
potato,11,45.138591312201925,42.13561314891878
winter wheat,1,45.11918770206494,42.06338860007557
winter wheat,1,45.1399387851281,42.1275283113617
winter wheat,1,45.15314401980466,42.10408228244618
winter wheat,1,45.12053517499112,42.25796369061585
winter wheat,1,45.124038604599185,42.250417842229254
winter wheat,1,45.14155575263952,42.27143841987765
winter wheat,1,45.14991008478183,42.09060755318439
winter wheat,1,45.122152142502536,42.070664953876935
winter wheat,1,45.14398120390664,42.09060755318439
winter wheat,1,45.132123442156264,42.28221820328708
winter wheat,1,45.134548893423386,42.266857011928636
winter wheat,1,45.15233553604895,42.10354329327571
winter wheat,1,45.12888950713343,42.27009094695147
winter wheat,1,45.136435355520035,42.27898426826425
winter wheat,1,45.144250698491874,42.28114022494614
winter wheat,1,45.13966929054287,42.27790628992331
winter wheat,1,45.125925066695835,42.07578535099642
winter wheat,1,45.132662431326736,42.26416206607628
winter wheat,1,45.14074726888381,42.07955827518972
winter wheat,1,45.14452019307711,42.2703604415367
winter wheat,1,45.138591312201925,42.285452138309914
winter wheat,1,45.14775412809994,42.0876431127468
winter wheat,1,45.1286200125482,42.274941849485714
winter wheat,1,45.14101676346905,42.27251639821859
winter wheat,1,45.13697434469051,42.27871477367902
winter wheat,1,45.13347091508244,42.26550953900246
winter wheat,1,45.13886080678716,42.08818210191727
winter wheat,1,45.143172720150936,42.28114022494614
winter wheat,1,45.14101676346905,42.079019286019246
winter wheat,1,45.14452019307711,42.10866369039519
winter wheat,1,45.119996185820646,42.070664953876935
winter wheat,1,45.14209474180999,42.10516026078712
winter wheat,1,45.12915900171867,42.275211344070954
winter wheat,1,45.12700304503678,42.26011964729774
winter wheat,1,45.13508788259386,42.269551957781
winter wheat,1,45.136704850105275,42.08144473728637
winter wheat,1,45.14209474180999,42.080905748115896
winter wheat,1,45.146945644344235,42.279523257434725
winter wheat,1,45.149101601026125,42.27898426826425
winter wheat,1,45.12242163708777,42.066892029683636
winter wheat,1,45.145059182247586,42.2770978061676
winter wheat,1,45.12754203420725,42.27601982782666
winter wheat,1,45.1391303013724,42.285452138309914
winter wheat,1,45.14532867683282,42.0876431127468
potato,11,45.13508788259386,42.2657790335877
winter wheat,1,45.117570734553524,42.06554455675745
winter wheat,1,45.13535737717909,42.0846786723092
winter wheat,1,45.15179654687848,42.09599744488911
winter wheat,1,45.11406730494546,42.06770051343934
winter wheat,1,45.1286200125482,42.271168925292415
winter wheat,1,45.136704850105275,42.08440917772396
winter wheat,1,45.15233553604895,42.09680592864481
winter wheat,1,45.14452019307711,42.09788390698576
winter wheat,1,45.152874525219424,42.10839419580996
potato,11,45.145059182247586,42.273055387389064
winter wheat,1,45.13050647464485,42.277367300752836
winter wheat,1,45.14937109561136,42.13103174096977
winter wheat,1,45.115953767042114,42.066892029683636
winter wheat,1,45.12538607752536,42.25392127183732
winter wheat,1,45.1361658609348,42.08602614523538
winter wheat,1,45.142364236395224,42.13723011643019
winter wheat,1,45.146676149758996,42.271168925292415
winter wheat,1,45.1504490739523,42.09680592864481
winter wheat,1,45.13562687176433,42.27009094695147
winter wheat,1,45.13966929054287,42.083061704797785
winter wheat,1,45.146945644344235,42.27844527909378
winter wheat,1,45.14074726888381,42.08979906942868
potato,11,45.14613716058853,42.27278589280383
winter wheat,1,45.14748463351471,42.08926008025821
winter wheat,1,45.12296062625824,42.26793499026958
winter wheat,1,45.14209474180999,42.28114022494614
winter wheat,1,45.14964059019659,42.08926008025821
winter wheat,1,45.13400990425291,42.086834628991085
winter wheat,1,45.1151452832864,42.06743101885411
winter wheat,1,45.132662431326736,42.26604852817293
winter wheat,1,45.14182524722475,42.277636795338076
winter wheat,1,45.14101676346905,42.09384148820722
winter wheat,1,45.143172720150936,42.10839419580996
winter wheat,1,45.12700304503678,42.2665875173434
winter wheat,1,45.14128625805428,42.27009094695147
winter wheat,1,45.14155575263952,42.28194870870185
winter wheat,1,45.14613716058853,42.283565676213264
winter wheat,1,45.13535737717909,42.275211344070954
winter wheat,1,45.13886080678716,42.28302668704279
winter wheat,1,45.145059182247586,42.27844527909378
winter wheat,1,45.130775969230086,42.26604852817293
winter wheat,1,45.12835051796296,42.27898426826425
winter wheat,1,45.13805232303145,42.28706910582133
winter wheat,1,45.138321817616685,42.28814708416227
winter wheat,1,45.140477774298574,42.27440286031524
winter wheat,1,45.14802362268518,42.09303300445151
winter wheat,1,45.132392936741496,42.26793499026958
winter wheat,1,45.134548893423386,42.27871477367902
winter wheat,1,45.13778282844621,42.08279221021255
winter wheat,1,45.14209474180999,42.08656513440585
winter wheat,1,45.143172720150936,42.09869239074146
winter wheat,1,45.12781152879249,42.27790628992331
winter wheat,1,45.14155575263952,42.08333119938302
winter wheat,1,45.12673355045155,42.25068733681449
winter wheat,1,45.140477774298574,42.13749961101543
winter wheat,1,45.12888950713343,42.28060123577567
winter wheat,1,45.13778282844621,42.26766549568435
winter wheat,1,45.129967485474374,42.26389257149104
winter wheat,1,45.12107416416159,42.06338860007557
winter wheat,1,45.12538607752536,42.27278589280383
winter wheat,1,45.132123442156264,42.27009094695147
winter wheat,1,45.14964059019659,42.10542975537236
winter wheat,1,45.11730123996829,42.067970008024574
winter wheat,1,45.12349961542871,42.252304304325904
winter wheat,1,45.132123442156264,42.26470105524675
winter wheat,1,45.1437117093214,42.09680592864481
winter wheat,1,45.14775412809994,42.08387018855349
winter wheat,1,45.128081023377725,42.25068733681449
winter wheat,1,45.14802362268518,42.097344917815285
winter wheat,1,45.146676149758996,42.09276350986627
winter wheat,1,45.12134365874683,42.25365177725208
winter wheat,1,45.13724383927574,42.27413336573001
winter wheat,1,45.13374040966768,42.26227560397963
winter wheat,1,45.124038604599185,42.25311278808161
winter wheat,1,45.149101601026125,42.08575665065015
winter wheat,1,45.13724383927574,42.2733248819743
winter wheat,1,45.14209474180999,42.08063625353066
winter wheat,1,45.13104546381532,42.08171423187161
winter wheat,1,45.1294284963039,42.281679214116615
winter wheat,1,45.12296062625824,42.07389888889977
winter wheat,1,45.12296062625824,42.06258011631986
winter wheat,1,45.13131495840055,42.26389257149104
winter wheat,1,45.134548893423386,42.27251639821859
winter wheat,1,45.12161315333206,42.07551585641118
winter wheat,1,45.145059182247586,42.10003986366765
winter wheat,1,45.13966929054287,42.2838351707985
winter wheat,1,45.14775412809994,42.2770978061676
winter wheat,1,45.12080466957636,42.07309040514406
winter wheat,1,45.14020827971334,42.2665875173434
winter wheat,1,45.12781152879249,42.25769419603062
winter wheat,1,45.15233553604895,42.107855206639485
winter wheat,1,45.1294284963039,42.27790628992331
winter wheat,1,45.140477774298574,42.283296181628025
winter wheat,1,45.14613716058853,42.107585712054245
winter wheat,1,45.146676149758996,42.13022325721406
winter wheat,1,45.144789687662346,42.27386387114477
winter wheat,1,45.13805232303145,42.08144473728637
winter wheat,1,45.14856261185565,42.0846786723092
winter wheat,1,45.12969799088914,42.26011964729774
winter wheat,1,45.13966929054287,42.08387018855349
winter wheat,1,45.11891820747971,42.258502679786325
winter wheat,1,45.126194561281075,42.269282463195765
winter wheat,1,45.134279398838146,42.27386387114477
winter wheat,1,45.12053517499112,42.070664953876935
winter wheat,1,45.12053517499112,42.25931116354204
winter wheat,1,45.138321817616685,42.08360069396826
winter wheat,1,45.14101676346905,42.080905748115896
winter wheat,1,45.142903225565696,42.27359437655954
winter wheat,1,45.12538607752536,42.25553823934873
potato,11,45.142903225565696,42.126719827605996
winter wheat,1,45.13724383927574,42.27224690363336
winter wheat,1,45.1286200125482,42.084948166894435
winter wheat,1,45.1294284963039,42.08225322104208
winter wheat,1,45.13293192591197,42.27979275201996
winter wheat,1,45.12161315333206,42.06743101885411
winter wheat,1,45.1399387851281,42.27601982782666
winter wheat,1,45.129967485474374,42.256885712274915
winter wheat,1,45.14398120390664,42.27143841987765
winter wheat,1,45.14452019307711,42.269551957781
winter wheat,1,45.124038604599185,42.252843293496376
winter wheat,1,45.13104546381532,42.27682831158236
winter wheat,1,45.120265680405886,42.06096314880845
winter wheat,1,45.12511658294013,42.25338228266685
winter wheat,1,45.12296062625824,42.262814593150104
winter wheat,1,45.150988063122774,42.10839419580996
winter wheat,1,45.13778282844621,42.275750333241426
winter wheat,1,45.14559817141806,42.091685531525336
winter wheat,1,45.113797810360225,42.06823950260981
winter wheat,1,45.13158445298579,42.2770978061676
winter wheat,1,45.12349961542871,42.06473607300175
winter wheat,1,45.134548893423386,42.08225322104208
winter wheat,1,45.14128625805428,42.26766549568435
winter wheat,1,45.15152705229325,42.13588264350401
winter wheat,1,45.1294284963039,42.08063625353066
winter wheat,1,45.134279398838146,42.264970549831986
winter wheat,1,45.142903225565696,42.101926325764296
winter wheat,1,45.146676149758996,42.281409719531375
winter wheat,1,45.14182524722475,42.269012968610525
winter wheat,1,45.14452019307711,42.07982776977496
winter wheat,1,45.12161315333206,42.25634672310444
winter wheat,1,45.132123442156264,42.279253762849486
winter wheat,1,45.119996185820646,42.072551415973585
winter wheat,1,45.13374040966768,42.08575665065015
winter wheat,1,45.12646405586631,42.26092813105345
winter wheat,1,45.12646405586631,42.269012968610525
winter wheat,1,45.13158445298579,42.087104123576324
winter wheat,1,45.132392936741496,42.08333119938302
winter wheat,1,45.12349961542871,42.27062993612194
winter wheat,1,45.14344221473617,42.28437415996897
winter wheat,1,45.1361658609348,42.285182643724674
winter wheat,1,45.125925066695835,42.2657790335877
winter wheat,1,45.146676149758996,42.27655881699713
winter wheat,1,45.1151452832864,42.068778491780286
winter wheat,1,45.12835051796296,42.25068733681449
winter wheat,1,45.14155575263952,42.101117842008584
winter wheat,1,45.14613716058853,42.099231379911934
winter wheat,1,45.12969799088914,42.085217661479675
winter wheat,1,45.14398120390664,42.093302499036746
winter wheat,1,45.11730123996829,42.06716152426887
winter wheat,1,45.12242163708777,42.25446026100779
winter wheat,1,45.145059182247586,42.269012968610525
winter wheat,1,45.13050647464485,42.28114022494614
winter wheat,1,45.136704850105275,42.08656513440585
winter wheat,1,45.12700304503678,42.078749791434014
winter wheat,1,45.13805232303145,42.08252271562731
winter wheat,1,45.146945644344235,42.097344917815285
winter wheat,1,45.120265680405886,42.06338860007557
winter wheat,1,45.148832106440885,42.28060123577567
winter wheat,1,45.14991008478183,42.091416036940096
potato,11,45.146945644344235,42.08198372645684
winter wheat,1,45.152874525219424,42.10893318498043
winter wheat,1,45.14155575263952,42.269282463195765
winter wheat,1,45.117840229138764,42.066622535098396
winter wheat,1,45.12349961542871,42.07389888889977
winter wheat,1,45.12323012084348,42.27009094695147
winter wheat,1,45.12269113167301,42.07201242680311
winter wheat,1,45.119996185820646,42.062041127149385
winter wheat,1,45.14398120390664,42.08629563982061
winter wheat,1,45.14856261185565,42.09491946654816
winter wheat,1,45.12323012084348,42.26227560397963
winter wheat,1,45.1361658609348,42.270899430707175
winter wheat,1,45.14398120390664,42.095188961133395
winter wheat,1,45.128081023377725,42.248261885547365
winter wheat,1,45.134548893423386,42.275211344070954
winter wheat,1,45.128081023377725,42.27278589280383
winter wheat,1,45.14586766600329,42.27979275201996
winter wheat,1,45.14721513892947,42.09977036908241
winter wheat,1,45.14532867683282,42.275480838656186
winter wheat,1,45.13293192591197,42.264431560661514
winter wheat,1,45.13751333386098,42.13399618140736
winter wheat,1,45.128081023377725,42.269551957781
winter wheat,1,45.14532867683282,42.085217661479675
winter wheat,1,45.1294284963039,42.25634672310444
winter wheat,1,45.126194561281075,42.27278589280383
winter wheat,1,45.14101676346905,42.28114022494614
winter wheat,1,45.124308099184425,42.074707372655475
winter wheat,1,45.15017957936706,42.09060755318439
winter wheat,1,45.13966929054287,42.081175242701136
winter wheat,1,45.143172720150936,42.28437415996897
winter wheat,1,45.12296062625824,42.060424159637975
winter wheat,1,45.142903225565696,42.0846786723092
winter wheat,1,45.132392936741496,42.26389257149104
winter wheat,1,45.15179654687848,42.09707542323005
winter wheat,1,45.13158445298579,42.260658636468214
winter wheat,1,45.12323012084348,42.26200610939439
winter wheat,1,45.14559817141806,42.09815340157099
winter wheat,1,45.12781152879249,42.271168925292415
winter wheat,1,45.146676149758996,42.08656513440585
winter wheat,1,45.14074726888381,42.09411098279246
winter wheat,1,45.146945644344235,42.279253762849486
winter wheat,1,45.12296062625824,42.05907668671179
winter wheat,1,45.12969799088914,42.08198372645684
winter wheat,1,45.14937109561136,42.097614412400524
winter wheat,1,45.14937109561136,42.132379213895945
winter wheat,1,45.152605030634184,42.0989618853267
winter wheat,1,45.12134365874683,42.06958697553599
winter wheat,1,45.136435355520035,42.274941849485714
winter wheat,1,45.13886080678716,42.269282463195765
winter wheat,1,45.12296062625824,42.07201242680311
winter wheat,1,45.144789687662346,42.128606289702645
winter wheat,1,45.13751333386098,42.13022325721406
winter wheat,1,45.14398120390664,42.101656831179056
winter wheat,1,45.13966929054287,42.2733248819743
winter wheat,1,45.149101601026125,42.27682831158236
winter wheat,1,45.130775969230086,42.2552687447635
winter wheat,1,45.14074726888381,42.28248769787232
winter wheat,1,45.13158445298579,42.25958065812727
winter wheat,1,45.11730123996829,42.070664953876935
winter wheat,1,45.14802362268518,42.08656513440585
winter wheat,1,45.11918770206494,42.06527506217222
winter wheat,1,45.13939979595763,42.281679214116615
winter wheat,1,45.1286200125482,42.25634672310444
winter wheat,1,45.13320142049721,42.279253762849486
winter wheat,1,45.148832106440885,42.27790628992331
winter wheat,1,45.13320142049721,42.08252271562731
winter wheat,1,45.13966929054287,42.126719827605996
winter wheat,1,45.13805232303145,42.13561314891878
winter wheat,1,45.138591312201925,42.27601982782666
winter wheat,1,45.14344221473617,42.07955827518972
winter wheat,1,45.12457759376966,42.269012968610525
winter wheat,1,45.1399387851281,42.13615213808925
winter wheat,1,45.145059182247586,42.081175242701136
winter wheat,1,45.13751333386098,42.287877589577036
winter wheat,1,45.13589636634956,42.083061704797785
winter wheat,1,45.12969799088914,42.26362307690581
winter wheat,1,45.14640665517376,42.2770978061676
winter wheat,1,45.125925066695835,42.263084087735336
winter wheat,1,45.129967485474374,42.262814593150104
winter wheat,1,45.12538607752536,42.26038914188298
winter wheat,1,45.1399387851281,42.27359437655954
winter wheat,1,45.152605030634184,42.10704672288378
winter wheat,1,45.14344221473617,42.097614412400524
winter wheat,1,45.15206604146372,42.10812470122472
winter wheat,1,45.145059182247586,42.269551957781
winter wheat,1,45.12080466957636,42.26011964729774
potato,11,45.13805232303145,42.12968426804359
winter wheat,1,45.14856261185565,42.08575665065015
winter wheat,1,45.14344221473617,42.09303300445151
winter wheat,1,45.12969799088914,42.27359437655954
winter wheat,1,45.143172720150936,42.132648708481184
winter wheat,1,45.14209474180999,42.093571993621985
winter wheat,1,45.14802362268518,42.10677722829854
winter wheat,1,45.15152705229325,42.10623823912807
winter wheat,1,45.12161315333206,42.2560772285192
winter wheat,1,45.14856261185565,42.097344917815285
winter wheat,1,45.13697434469051,42.275211344070954
winter wheat,1,45.130236980059614,42.27251639821859
winter wheat,1,45.130236980059614,42.26550953900246
winter wheat,1,45.14775412809994,42.10084834742335
winter wheat,1,45.13697434469051,42.27251639821859
winter wheat,1,45.119726691235414,42.066622535098396
winter wheat,1,45.14937109561136,42.2770978061676
potato,11,45.14344221473617,42.274941849485714
winter wheat,1,45.14128625805428,42.09464997196293
winter wheat,1,45.14155575263952,42.09977036908241
winter wheat,1,45.148832106440885,42.10516026078712
winter wheat,1,45.12781152879249,42.2552687447635
winter wheat,1,45.12242163708777,42.07228192138835
winter wheat,1,45.1248470883549,42.076863329337364
winter wheat,1,45.14182524722475,42.09195502611057
winter wheat,1,45.14613716058853,42.08387018855349
winter wheat,1,45.14829311727041,42.281409719531375
winter wheat,1,45.12754203420725,42.26146712022392
winter wheat,1,45.12754203420725,42.262545098564864
winter wheat,1,45.12700304503678,42.252034809740664
winter wheat,1,45.14829311727041,42.275211344070954
winter wheat,1,45.146676149758996,42.101926325764296
winter wheat,1,45.13589636634956,42.27386387114477
winter wheat,1,45.1504490739523,42.089529574843446
winter wheat,1,45.12376911001395,42.0636580946608
winter wheat,1,45.14155575263952,42.08387018855349
winter wheat,1,45.138321817616685,42.08575665065015
winter wheat,1,45.13778282844621,42.08360069396826
winter wheat,1,45.126194561281075,42.27871477367902
winter wheat,1,45.14209474180999,42.125911343850284
winter wheat,1,45.142633730980464,42.26550953900246
winter wheat,1,45.124308099184425,42.254729755593026
winter wheat,1,45.11622326162735,42.06554455675745
winter wheat,1,45.12888950713343,42.26227560397963
winter wheat,1,45.14452019307711,42.10408228244618
winter wheat,1,45.1286200125482,42.26766549568435
winter wheat,1,45.14074726888381,42.128606289702645
winter wheat,1,45.120265680405886,42.074168383485
winter wheat,1,45.14101676346905,42.26847397944005
winter wheat,1,45.1391303013724,42.13184022472547
winter wheat,1,45.132662431326736,42.26200610939439
winter wheat,1,45.12888950713343,42.27601982782666
winter wheat,1,45.14640665517376,42.28114022494614
winter wheat,1,45.14613716058853,42.12779780594694
winter wheat,1,45.138591312201925,42.134535170577834
winter wheat,1,45.11460629411593,42.06931748095076
winter wheat,1,45.119457196650174,42.074168383485
winter wheat,1,45.142364236395224,42.2808707303609
winter wheat,1,45.124038604599185,42.26820448485482
winter wheat,1,45.132392936741496,42.26631802275817
winter wheat,1,45.1399387851281,42.08144473728637
winter wheat,1,45.14452019307711,42.27251639821859
winter wheat,1,45.132392936741496,42.08818210191727
winter wheat,1,45.1248470883549,42.25715520686015
winter wheat,1,45.132392936741496,42.2665875173434
winter wheat,1,45.143172720150936,42.28248769787232
winter wheat,1,45.146945644344235,42.085217661479675
winter wheat,1,45.1256555721106,42.27413336573001
winter wheat,1,45.148832106440885,42.10650773371331
winter wheat,1,45.12511658294013,42.263084087735336
winter wheat,1,45.14748463351471,42.09977036908241
winter wheat,1,45.14398120390664,42.093571993621985
winter wheat,1,45.14344221473617,42.126450333020756
winter wheat,1,45.14074726888381,42.13669112725972
winter wheat,1,45.11864871289447,42.064466578416514
winter wheat,1,45.13805232303145,42.283565676213264
winter wheat,1,45.12457759376966,42.27251639821859
winter wheat,1,45.13050647464485,42.2703604415367
winter wheat,1,45.14721513892947,42.132379213895945
winter wheat,1,45.143172720150936,42.270899430707175
winter wheat,1,45.14991008478183,42.093571993621985
winter wheat,1,45.1218826479173,42.066083545927924
winter wheat,1,45.115953767042114,42.06823950260981
winter wheat,1,45.12727253962202,42.271168925292415
winter wheat,1,45.130236980059614,42.277636795338076
winter wheat,1,45.13347091508244,42.27601982782666
winter wheat,1,45.14613716058853,42.271168925292415
winter wheat,1,45.130236980059614,42.27844527909378
winter wheat,1,45.131853947571024,42.2808707303609
winter wheat,1,45.138591312201925,42.28868607333274
winter wheat,1,45.11918770206494,42.25419076642255
winter wheat,1,45.143172720150936,42.267126506513875
winter wheat,1,45.1437117093214,42.27655881699713
winter wheat,1,45.13751333386098,42.134535170577834
winter wheat,1,45.14721513892947,42.09707542323005
winter wheat,1,45.14640665517376,42.089529574843446
winter wheat,1,45.1361658609348,42.27817578450855
potato,11,45.13347091508244,42.281679214116615
winter wheat,1,45.119457196650174,42.25499925017826
winter wheat,1,45.14209474180999,42.10812470122472
winter wheat,1,45.12673355045155,42.25338228266685
winter wheat,1,45.13104546381532,42.26793499026958
winter wheat,1,45.15125755770801,42.088990585672974
winter wheat,1,45.13293192591197,42.26820448485482
winter wheat,1,45.12673355045155,42.277367300752836
winter wheat,1,45.13104546381532,42.08440917772396
winter wheat,1,45.1399387851281,42.26604852817293
winter wheat,1,45.131853947571024,42.264431560661514
winter wheat,1,45.14991008478183,42.105699249957595
winter wheat,1,45.122152142502536,42.06581405134269
winter wheat,1,45.14452019307711,42.08818210191727
winter wheat,1,45.11837921830924,42.07174293221788
winter wheat,1,45.13347091508244,42.27251639821859
winter wheat,1,45.14748463351471,42.089529574843446
winter wheat,1,45.12134365874683,42.070664953876935
potato,11,45.14344221473617,42.27413336573001
winter wheat,1,45.13535737717909,42.081175242701136
winter wheat,1,45.12161315333206,42.06338860007557
winter wheat,1,45.13158445298579,42.08198372645684
winter wheat,1,45.13293192591197,42.08548715606491
winter wheat,1,45.13293192591197,42.28114022494614
winter wheat,1,45.1256555721106,42.27009094695147
winter wheat,1,45.132662431326736,42.26874347402529
winter wheat,1,45.124308099184425,42.25499925017826
winter wheat,1,45.14398120390664,42.08737361816156
winter wheat,1,45.126194561281075,42.24907036930307
winter wheat,1,45.13320142049721,42.27979275201996
winter wheat,1,45.12134365874683,42.07147343763264
winter wheat,1,45.1391303013724,42.283296181628025
winter wheat,1,45.15017957936706,42.10839419580996
winter wheat,1,45.146676149758996,42.08225322104208
winter wheat,1,45.13131495840055,42.2770978061676
winter wheat,1,45.12053517499112,42.07093444846217
winter wheat,1,45.13966929054287,42.08872109108774
potato,11,45.15017957936706,42.277367300752836
winter wheat,1,45.14344221473617,42.281409719531375
winter wheat,1,45.12349961542871,42.062310621734625
winter wheat,1,45.14209474180999,42.27224690363336
winter wheat,1,45.12915900171867,42.08333119938302
winter wheat,1,45.14613716058853,42.275211344070954
winter wheat,1,45.134279398838146,42.2808707303609
winter wheat,1,45.14613716058853,42.081175242701136
winter wheat,1,45.1437117093214,42.08575665065015
winter wheat,1,45.15152705229325,42.13480466516307
winter wheat,1,45.14613716058853,42.08656513440585
winter wheat,1,45.14398120390664,42.27682831158236
winter wheat,1,45.144250698491874,42.27440286031524
winter wheat,1,45.14748463351471,42.28194870870185
winter wheat,1,45.13050647464485,42.279253762849486
winter wheat,1,45.134279398838146,42.26766549568435
winter wheat,1,45.136435355520035,42.269551957781
winter wheat,1,45.14856261185565,42.08656513440585
winter wheat,1,45.13535737717909,42.28275719245755
winter wheat,1,45.142903225565696,42.2808707303609
winter wheat,1,45.13481838800862,42.08602614523538
winter wheat,1,45.13778282844621,42.13534365433354
winter wheat,1,45.142903225565696,42.09572795030387
winter wheat,1,45.13158445298579,42.26766549568435
winter wheat,1,45.13508788259386,42.08602614523538
winter wheat,1,45.15017957936706,42.10462127161665
winter wheat,1,45.14452019307711,42.28275719245755
winter wheat,1,45.14613716058853,42.13534365433354
winter wheat,1,45.12323012084348,42.064466578416514
winter wheat,1,45.142903225565696,42.10812470122472
winter wheat,1,45.12134365874683,42.06258011631986
winter wheat,1,45.117840229138764,42.07201242680311
winter wheat,1,45.138321817616685,42.08063625353066
potato,11,45.122152142502536,42.05772921378561
winter wheat,1,45.12349961542871,42.07551585641118
winter wheat,1,45.1399387851281,42.270899430707175
winter wheat,1,45.1286200125482,42.252843293496376
winter wheat,1,45.12511658294013,42.26739600109911
winter wheat,1,45.14209474180999,42.08548715606491
potato,11,45.144789687662346,42.1237553871684
winter wheat,1,45.1437117093214,42.269012968610525
winter wheat,1,45.14344221473617,42.10030935825288
winter wheat,1,45.12242163708777,42.26550953900246
winter wheat,1,45.14721513892947,42.13669112725972
winter wheat,1,45.130775969230086,42.26874347402529
winter wheat,1,45.152605030634184,42.10623823912807
winter wheat,1,45.1294284963039,42.25715520686015
winter wheat,1,45.134548893423386,42.26847397944005
potato,11,45.150718568537535,42.09572795030387
winter wheat,1,45.12915900171867,42.27170791446289
winter wheat,1,45.11891820747971,42.25715520686015
winter wheat,1,45.131853947571024,42.2657790335877
winter wheat,1,45.145059182247586,42.107855206639485
winter wheat,1,45.12781152879249,42.25338228266685
winter wheat,1,45.12080466957636,42.07147343763264
winter wheat,1,45.12269113167301,42.26173661480916
winter wheat,1,45.12754203420725,42.26389257149104
winter wheat,1,45.15125755770801,42.09464997196293
winter wheat,1,45.144250698491874,42.26550953900246
winter wheat,1,45.15017957936706,42.09249401528104
winter wheat,1,45.13158445298579,42.263353582320576
winter wheat,1,45.12969799088914,42.26820448485482
winter wheat,1,45.132662431326736,42.263084087735336
winter wheat,1,45.14101676346905,42.136960621844956
winter wheat,1,45.15179654687848,42.10408228244618
winter wheat,1,45.117840229138764,42.06554455675745
winter wheat,1,45.14613716058853,42.26739600109911
winter wheat,1,45.13886080678716,42.12698932219123
winter wheat,1,45.150988063122774,42.13965556769732
winter wheat,1,45.11891820747971,42.072551415973585
winter wheat,1,45.142633730980464,42.08440917772396
winter wheat,1,45.145059182247586,42.12537235467981
winter wheat,1,45.13778282844621,42.08548715606491
winter wheat,1,45.12080466957636,42.06743101885411
winter wheat,1,45.14721513892947,42.269551957781
winter wheat,1,45.142903225565696,42.26631802275817
winter wheat,1,45.125925066695835,42.252843293496376
winter wheat,1,45.13481838800862,42.27655881699713
winter wheat,1,45.1248470883549,42.25580773393397
winter wheat,1,45.120265680405886,42.06392758924604
winter wheat,1,45.146676149758996,42.27170791446289
winter wheat,1,45.14128625805428,42.13615213808925
winter wheat,1,45.13400990425291,42.275480838656186
winter wheat,1,45.14802362268518,42.08872109108774
winter wheat,1,45.140477774298574,42.267126506513875
winter wheat,1,45.12888950713343,42.27844527909378
winter wheat,1,45.12323012084348,42.26847397944005
winter wheat,1,45.14344221473617,42.13588264350401
winter wheat,1,45.14721513892947,42.09276350986627
winter wheat,1,45.12376911001395,42.06473607300175
winter wheat,1,45.142903225565696,42.277367300752836
winter wheat,1,45.14748463351471,42.10219582034953
winter wheat,1,45.119726691235414,42.25419076642255
winter wheat,1,45.130236980059614,42.25823318520109
winter wheat,1,45.12915900171867,42.08548715606491
winter wheat,1,45.14020827971334,42.08171423187161
winter wheat,1,45.14128625805428,42.2703604415367
winter wheat,1,45.12835051796296,42.08252271562731
winter wheat,1,45.1437117093214,42.136960621844956
potato,11,45.14775412809994,42.095458455718635
winter wheat,1,45.150988063122774,42.09815340157099
winter wheat,1,45.117570734553524,42.06716152426887
winter wheat,1,45.132123442156264,42.085217661479675
winter wheat,1,45.12511658294013,42.250956831399726
winter wheat,1,45.13939979595763,42.271168925292415
winter wheat,1,45.12915900171867,42.2514958205702
winter wheat,1,45.142364236395224,42.078480296848774
winter wheat,1,45.14586766600329,42.13480466516307
winter wheat,1,45.150988063122774,42.09464997196293
winter wheat,1,45.13508788259386,42.28114022494614
winter wheat,1,45.15125755770801,42.105968744542835
potato,11,45.14101676346905,42.27601982782666
winter wheat,1,45.12835051796296,42.08279221021255
winter wheat,1,45.12161315333206,42.06716152426887
winter wheat,1,45.14559817141806,42.27655881699713
winter wheat,1,45.14613716058853,42.13184022472547
winter wheat,1,45.12888950713343,42.25365177725208
winter wheat,1,45.12969799088914,42.271168925292415
winter wheat,1,45.12969799088914,42.081175242701136
winter wheat,1,45.12457759376966,42.250956831399726
winter wheat,1,45.124038604599185,42.26389257149104
winter wheat,1,45.13481838800862,42.271168925292415
winter wheat,1,45.13589636634956,42.28248769787232
winter wheat,1,45.136435355520035,42.273055387389064
winter wheat,1,45.145059182247586,42.10650773371331
winter wheat,1,45.132392936741496,42.28248769787232
winter wheat,1,45.14586766600329,42.10542975537236
winter wheat,1,45.13131495840055,42.25823318520109
winter wheat,1,45.144789687662346,42.08548715606491
winter wheat,1,45.11649275621258,42.07012596470646
winter wheat,1,45.15152705229325,42.103812787860946
winter wheat,1,45.15017957936706,42.101656831179056
winter wheat,1,45.134279398838146,42.26631802275817
winter wheat,1,45.115684272456875,42.070664953876935
winter wheat,1,45.1399387851281,42.27251639821859
winter wheat,1,45.150718568537535,42.105699249957595
winter wheat,1,45.122152142502536,42.07093444846217
winter wheat,1,45.14128625805428,42.27386387114477
winter wheat,1,45.11730123996829,42.06985647012123
winter wheat,1,45.12053517499112,42.072551415973585
winter wheat,1,45.12915900171867,42.28464365455421
winter wheat,1,45.14452019307711,42.2657790335877
winter wheat,1,45.14937109561136,42.101926325764296
winter wheat,1,45.144250698491874,42.275750333241426
winter wheat,1,45.13293192591197,42.26739600109911
winter wheat,1,45.152874525219424,42.10003986366765
winter wheat,1,45.14452019307711,42.10219582034953
winter wheat,1,45.14155575263952,42.085217661479675
winter wheat,1,45.14775412809994,42.086834628991085
winter wheat,1,45.131853947571024,42.08333119938302
winter wheat,1,45.129967485474374,42.08791260733203
winter wheat,1,45.13131495840055,42.264970549831986
winter wheat,1,45.12349961542871,42.07632434016689
winter wheat,1,45.130236980059614,42.08548715606491
winter wheat,1,45.14182524722475,42.07982776977496
winter wheat,1,45.14532867683282,42.128336795117406
winter wheat,1,45.14748463351471,42.10516026078712
potato,11,45.14532867683282,42.124563870924106
winter wheat,1,45.143172720150936,42.09653643405958
winter wheat,1,45.129967485474374,42.2808707303609
winter wheat,1,45.14748463351471,42.13965556769732
winter wheat,1,45.13508788259386,42.27386387114477
winter wheat,1,45.134548893423386,42.27062993612194
winter wheat,1,45.12727253962202,42.26982145236624
winter wheat,1,45.14937109561136,42.275211344070954
potato,11,45.13589636634956,42.080366758945424
winter wheat,1,45.12969799088914,42.267126506513875
winter wheat,1,45.119996185820646,42.06931748095076
winter wheat,1,45.1218826479173,42.26038914188298
winter wheat,1,45.13966929054287,42.12941477345835
winter wheat,1,45.130236980059614,42.28302668704279
winter wheat,1,45.14101676346905,42.273055387389064
potato,11,45.150718568537535,42.134535170577834
winter wheat,1,45.15152705229325,42.09033805859915
winter wheat,1,45.15017957936706,42.13291820306642
potato,11,45.14586766600329,42.080366758945424
winter wheat,1,45.142633730980464,42.076593834752124
winter wheat,1,45.14128625805428,42.07955827518972
winter wheat,1,45.14452019307711,42.262814593150104
winter wheat,1,45.14452019307711,42.2808707303609
winter wheat,1,45.12161315333206,42.26119762563869
winter wheat,1,45.12511658294013,42.07578535099642
winter wheat,1,45.13751333386098,42.26820448485482
winter wheat,1,45.15017957936706,42.09114654235486
winter wheat,1,45.12754203420725,42.25311278808161
winter wheat,1,45.148832106440885,42.10084834742335
winter wheat,1,45.12161315333206,42.07497686724071
winter wheat,1,45.13374040966768,42.085217661479675
winter wheat,1,45.138591312201925,42.281679214116615
winter wheat,1,45.1399387851281,42.273055387389064
winter wheat,1,45.12457759376966,42.27143841987765
winter wheat,1,45.1437117093214,42.09411098279246
winter wheat,1,45.12323012084348,42.072551415973585
winter wheat,1,45.14748463351471,42.09195502611057
winter wheat,1,45.1504490739523,42.28060123577567
winter wheat,1,45.13481838800862,42.267126506513875
winter wheat,1,45.12349961542871,42.064466578416514
winter wheat,1,45.11730123996829,42.066622535098396
winter wheat,1,45.128081023377725,42.08252271562731
winter wheat,1,45.14586766600329,42.27197740904812
winter wheat,1,45.1218826479173,42.06096314880845
winter wheat,1,45.140477774298574,42.13723011643019
winter wheat,1,45.14101676346905,42.269551957781
winter wheat,1,45.113797810360225,42.06743101885411
winter wheat,1,45.12673355045155,42.24907036930307
winter wheat,1,45.13966929054287,42.08333119938302
winter wheat,1,45.1218826479173,42.264431560661514
winter wheat,1,45.12700304503678,42.0771328239226
winter wheat,1,45.13805232303145,42.2838351707985
winter wheat,1,45.14155575263952,42.26874347402529
winter wheat,1,45.14398120390664,42.13749961101543
winter wheat,1,45.14856261185565,42.085217661479675
potato,11,45.13778282844621,42.128606289702645
winter wheat,1,45.14802362268518,42.273055387389064
winter wheat,1,45.14182524722475,42.1237553871684
winter wheat,1,45.14155575263952,42.08198372645684
winter wheat,1,45.13374040966768,42.27682831158236
winter wheat,1,45.142364236395224,42.12887578428788
winter wheat,1,45.12349961542871,42.256616217689675
winter wheat,1,45.142633730980464,42.13318769765166
winter wheat,1,45.12269113167301,42.26470105524675
winter wheat,1,45.14101676346905,42.1237553871684
winter wheat,1,45.119457196650174,42.06743101885411
winter wheat,1,45.14182524722475,42.27278589280383
winter wheat,1,45.13131495840055,42.26146712022392
winter wheat,1,45.13320142049721,42.083061704797785
winter wheat,1,45.1294284963039,42.26092813105345
winter wheat,1,45.12754203420725,42.26739600109911
winter wheat,1,45.13805232303145,42.08225322104208
winter wheat,1,45.138591312201925,42.266857011928636
winter wheat,1,45.1399387851281,42.28572163289515
winter wheat,1,45.14452019307711,42.097614412400524
winter wheat,1,45.14182524722475,42.08279221021255
winter wheat,1,45.1361658609348,42.08656513440585
winter wheat,1,45.14344221473617,42.08279221021255
winter wheat,1,45.13320142049721,42.26119762563869
winter wheat,1,45.12888950713343,42.252843293496376
winter wheat,1,45.144250698491874,42.136960621844956
winter wheat,1,45.15125755770801,42.09303300445151
winter wheat,1,45.146945644344235,42.08575665065015
winter wheat,1,45.14532867683282,42.136960621844956
winter wheat,1,45.12727253962202,42.252034809740664
winter wheat,1,45.12915900171867,42.27655881699713
winter wheat,1,45.12727253962202,42.25769419603062
winter wheat,1,45.13886080678716,42.083061704797785
winter wheat,1,45.14829311727041,42.130762246384535
winter wheat,1,45.12134365874683,42.068508997195046
winter wheat,1,45.13050647464485,42.27601982782666
potato,11,45.14775412809994,42.08279221021255
winter wheat,1,45.122152142502536,42.07120394304741
winter wheat,1,45.13589636634956,42.26793499026958
winter wheat,1,45.11891820747971,42.07012596470646
potato,11,45.138591312201925,42.126450333020756
winter wheat,1,45.14559817141806,42.26631802275817
winter wheat,1,45.142364236395224,42.269012968610525
winter wheat,1,45.14398120390664,42.27440286031524
winter wheat,1,45.119457196650174,42.07201242680311
winter wheat,1,45.138321817616685,42.27009094695147
winter wheat,1,45.14344221473617,42.28194870870185
winter wheat,1,45.12781152879249,42.27817578450855
winter wheat,1,45.130775969230086,42.08333119938302
winter wheat,1,45.14155575263952,42.08575665065015
winter wheat,1,45.12080466957636,42.25985015271251
winter wheat,1,45.12080466957636,42.25311278808161
winter wheat,1,45.14586766600329,42.090877047769624
potato,11,45.14155575263952,42.080366758945424
winter wheat,1,45.13778282844621,42.13399618140736
winter wheat,1,45.140477774298574,42.2770978061676
winter wheat,1,45.129967485474374,42.28194870870185
winter wheat,1,45.13805232303145,42.08198372645684
winter wheat,1,45.14775412809994,42.09249401528104
winter wheat,1,45.11487578870117,42.066083545927924
winter wheat,1,45.11730123996829,42.06527506217222
winter wheat,1,45.13939979595763,42.0876431127468
winter wheat,1,45.129967485474374,42.27898426826425
winter wheat,1,45.13886080678716,42.27628932241189
winter wheat,1,45.140477774298574,42.28706910582133
winter wheat,1,45.12107416416159,42.074168383485
winter wheat,1,45.146676149758996,42.091685531525336
winter wheat,1,45.11541477787164,42.06473607300175
winter wheat,1,45.12080466957636,42.256616217689675
winter wheat,1,45.13724383927574,42.27251639821859
winter wheat,1,45.1437117093214,42.099500874497174
winter wheat,1,45.14074726888381,42.09438047737769
winter wheat,1,45.130775969230086,42.28302668704279
winter wheat,1,45.13751333386098,42.27386387114477
winter wheat,1,45.12673355045155,42.264431560661514
winter wheat,1,45.145059182247586,42.08144473728637
winter wheat,1,45.14209474180999,42.27440286031524
winter wheat,1,45.14532867683282,42.28033174119043
winter wheat,1,45.13508788259386,42.270899430707175
winter wheat,1,45.15017957936706,42.132648708481184
winter wheat,1,45.12269113167301,42.060424159637975
winter wheat,1,45.138321817616685,42.279253762849486
winter wheat,1,45.128081023377725,42.2733248819743
winter wheat,1,45.145059182247586,42.07982776977496
winter wheat,1,45.13697434469051,42.12725881677647
winter wheat,1,45.152874525219424,42.101926325764296
winter wheat,1,45.129967485474374,42.08387018855349
winter wheat,1,45.13778282844621,42.13291820306642
winter wheat,1,45.14532867683282,42.269282463195765
winter wheat,1,45.13939979595763,42.2703604415367
winter wheat,1,45.13589636634956,42.085217661479675
winter wheat,1,45.12888950713343,42.263353582320576
winter wheat,1,45.1391303013724,42.28302668704279
winter wheat,1,45.140477774298574,42.08063625353066
winter wheat,1,45.136435355520035,42.08440917772396
winter wheat,1,45.142903225565696,42.12321639799793
winter wheat,1,45.14398120390664,42.0846786723092
winter wheat,1,45.14155575263952,42.0779413076783
potato,11,45.1437117093214,42.27413336573001
winter wheat,1,45.150718568537535,42.09464997196293
winter wheat,1,45.142364236395224,42.1094721741509
winter wheat,1,45.148832106440885,42.107855206639485
winter wheat,1,45.150718568537535,42.105968744542835
winter wheat,1,45.138591312201925,42.08252271562731
winter wheat,1,45.15017957936706,42.09653643405958
potato,11,45.14209474180999,42.095458455718635
winter wheat,1,45.13131495840055,42.26631802275817
winter wheat,1,45.1391303013724,42.136960621844956
winter wheat,1,45.14344221473617,42.10219582034953
winter wheat,1,45.12269113167301,42.254729755593026
winter wheat,1,45.12727253962202,42.25068733681449
winter wheat,1,45.14155575263952,42.12995376262882
winter wheat,1,45.142633730980464,42.0876431127468
winter wheat,1,45.142633730980464,42.27817578450855
potato,11,45.13562687176433,42.28033174119043
winter wheat,1,45.1437117093214,42.0846786723092
winter wheat,1,45.142903225565696,42.083061704797785
winter wheat,1,45.148832106440885,42.131301235555
winter wheat,1,45.15152705229325,42.13372668682213
winter wheat,1,45.14937109561136,42.0989618853267
winter wheat,1,45.12781152879249,42.27601982782666
winter wheat,1,45.13481838800862,42.275211344070954
winter wheat,1,45.129967485474374,42.08333119938302
winter wheat,1,45.13778282844621,42.08063625353066
winter wheat,1,45.126194561281075,42.25715520686015
winter wheat,1,45.142364236395224,42.08979906942868
winter wheat,1,45.14452019307711,42.27898426826425
winter wheat,1,45.14775412809994,42.27628932241189
winter wheat,1,45.13805232303145,42.2808707303609
winter wheat,1,45.13104546381532,42.25499925017826
winter wheat,1,45.148832106440885,42.101656831179056
potato,11,45.13724383927574,42.279253762849486
winter wheat,1,45.14964059019659,42.10920267956566
winter wheat,1,45.12242163708777,42.07632434016689
winter wheat,1,45.1504490739523,42.10273480952
winter wheat,1,45.13886080678716,42.28868607333274
winter wheat,1,45.119457196650174,42.07389888889977
winter wheat,1,45.12161315333206,42.25446026100779
winter wheat,1,45.12646405586631,42.26793499026958
winter wheat,1,45.1361658609348,42.27844527909378
winter wheat,1,45.14020827971334,42.27871477367902
potato,11,45.13805232303145,42.13534365433354
winter wheat,1,45.12781152879249,42.25715520686015
winter wheat,1,45.124038604599185,42.262545098564864
winter wheat,1,45.14586766600329,42.12968426804359
winter wheat,1,45.148832106440885,42.09815340157099
winter wheat,1,45.13050647464485,42.27844527909378
winter wheat,1,45.12296062625824,42.26362307690581
winter wheat,1,45.126194561281075,42.26874347402529
winter wheat,1,45.13508788259386,42.26847397944005
winter wheat,1,45.14182524722475,42.099231379911934
winter wheat,1,45.11891820747971,42.07309040514406
winter wheat,1,45.125925066695835,42.2590416689568
winter wheat,1,45.14937109561136,42.09491946654816
winter wheat,1,45.14101676346905,42.274941849485714
winter wheat,1,45.144250698491874,42.107585712054245
winter wheat,1,45.14182524722475,42.091685531525336
winter wheat,1,45.142903225565696,42.078749791434014
winter wheat,1,45.14613716058853,42.128336795117406
winter wheat,1,45.144250698491874,42.136421632674484
winter wheat,1,45.15206604146372,42.0989618853267
winter wheat,1,45.1218826479173,42.05772921378561
winter wheat,1,45.14101676346905,42.12698932219123
potato,11,45.143172720150936,42.136421632674484
winter wheat,1,45.12511658294013,42.26146712022392
winter wheat,1,45.143172720150936,42.10003986366765
winter wheat,1,45.15017957936706,42.103812787860946
winter wheat,1,45.13104546381532,42.25553823934873
winter wheat,1,45.150988063122774,42.10704672288378
winter wheat,1,45.14452019307711,42.095458455718635
winter wheat,1,45.152605030634184,42.10920267956566
winter wheat,1,45.12269113167301,42.25311278808161
winter wheat,1,45.12727253962202,42.27278589280383
winter wheat,1,45.1248470883549,42.26470105524675
winter wheat,1,45.142364236395224,42.09653643405958
winter wheat,1,45.119996185820646,42.258502679786325
winter wheat,1,45.13589636634956,42.08413968313873
winter wheat,1,45.119457196650174,42.25392127183732
winter wheat,1,45.14964059019659,42.13749961101543
winter wheat,1,45.13805232303145,42.08737361816156
winter wheat,1,45.14155575263952,42.267126506513875
winter wheat,1,45.13104546381532,42.26146712022392
winter wheat,1,45.12053517499112,42.066083545927924
winter wheat,1,45.1248470883549,42.263084087735336
winter wheat,1,45.14344221473617,42.09977036908241
winter wheat,1,45.1437117093214,42.10273480952
winter wheat,1,45.14532867683282,42.27440286031524
winter wheat,1,45.14532867683282,42.27790628992331
winter wheat,1,45.14344221473617,42.078480296848774
winter wheat,1,45.120265680405886,42.25985015271251
winter wheat,1,45.14937109561136,42.13318769765166
winter wheat,1,45.138321817616685,42.277367300752836
winter wheat,1,45.14452019307711,42.09977036908241
winter wheat,1,45.13131495840055,42.26416206607628
winter wheat,1,45.14020827971334,42.27251639821859
winter wheat,1,45.13131495840055,42.269282463195765
winter wheat,1,45.14155575263952,42.099500874497174
potato,11,45.15314401980466,42.10354329327571
winter wheat,1,45.14532867683282,42.090877047769624
winter wheat,1,45.12080466957636,42.26146712022392
winter wheat,1,45.13050647464485,42.2590416689568
winter wheat,1,45.13104546381532,42.27844527909378
winter wheat,1,45.14856261185565,42.10408228244618
winter wheat,1,45.144250698491874,42.27467235490048
winter wheat,1,45.117840229138764,42.06823950260981
winter wheat,1,45.12781152879249,42.264970549831986
winter wheat,1,45.1256555721106,42.26604852817293
winter wheat,1,45.14559817141806,42.101117842008584
winter wheat,1,45.14101676346905,42.27386387114477
winter wheat,1,45.14128625805428,42.26631802275817
winter wheat,1,45.14559817141806,42.126450333020756
winter wheat,1,45.132392936741496,42.0846786723092
winter wheat,1,45.14586766600329,42.085217661479675
winter wheat,1,45.144250698491874,42.28464365455421
winter wheat,1,45.13481838800862,42.2703604415367
winter wheat,1,45.14209474180999,42.08360069396826
winter wheat,1,45.13589636634956,42.28275719245755
winter wheat,1,45.122152142502536,42.26604852817293
winter wheat,1,45.13320142049721,42.26631802275817
winter wheat,1,45.148832106440885,42.13318769765166
winter wheat,1,45.12134365874683,42.06716152426887
winter wheat,1,45.144789687662346,42.101926325764296
winter wheat,1,45.130775969230086,42.281679214116615
winter wheat,1,45.1391303013724,42.28868607333274
winter wheat,1,45.142633730980464,42.09491946654816
winter wheat,1,45.11406730494546,42.067970008024574
winter wheat,1,45.13966929054287,42.27224690363336
potato,11,45.142364236395224,42.13210971931071
potato,11,45.1391303013724,42.13372668682213
winter wheat,1,45.14344221473617,42.275480838656186
winter wheat,1,45.14856261185565,42.13103174096977
winter wheat,1,45.14775412809994,42.0989618853267
winter wheat,1,45.12888950713343,42.25392127183732
winter wheat,1,45.13320142049721,42.269282463195765
winter wheat,1,45.12080466957636,42.26119762563869
potato,11,45.13778282844621,42.126450333020756
winter wheat,1,45.145059182247586,42.12564184926505
winter wheat,1,45.13939979595763,42.12941477345835
winter wheat,1,45.146676149758996,42.26874347402529
winter wheat,1,45.14128625805428,42.09033805859915
winter wheat,1,45.11676225079782,42.066353040513164
winter wheat,1,45.129967485474374,42.08171423187161
winter wheat,1,45.13697434469051,42.0876431127468
winter wheat,1,45.1361658609348,42.283296181628025
winter wheat,1,45.146945644344235,42.13669112725972
winter wheat,1,45.14344221473617,42.264970549831986
winter wheat,1,45.136704850105275,42.08333119938302
potato,11,45.14452019307711,42.12348589258316
winter wheat,1,45.14748463351471,42.08575665065015
winter wheat,1,45.1248470883549,42.26982145236624
winter wheat,1,45.142903225565696,42.09060755318439
winter wheat,1,45.117840229138764,42.072820910558825
winter wheat,1,45.12242163708777,42.26389257149104
winter wheat,1,45.13724383927574,42.26874347402529
winter wheat,1,45.11918770206494,42.06311910549033
winter wheat,1,45.13751333386098,42.27251639821859
winter wheat,1,45.12134365874683,42.06123264339368
winter wheat,1,45.14559817141806,42.08144473728637
winter wheat,1,45.143172720150936,42.125911343850284
winter wheat,1,45.13131495840055,42.27790628992331
winter wheat,1,45.13939979595763,42.08225322104208
winter wheat,1,45.15017957936706,42.10435177703142
winter wheat,1,45.11918770206494,42.064197083831274
winter wheat,1,45.138321817616685,42.2770978061676
winter wheat,1,45.12754203420725,42.248261885547365
winter wheat,1,45.143172720150936,42.099231379911934
winter wheat,1,45.119996185820646,42.06123264339368
winter wheat,1,45.142364236395224,42.28302668704279
winter wheat,1,45.13400990425291,42.27251639821859
winter wheat,1,45.148832106440885,42.13210971931071
winter wheat,1,45.13966929054287,42.28814708416227
winter wheat,1,45.143172720150936,42.27413336573001
winter wheat,1,45.15206604146372,42.103812787860946
winter wheat,1,45.143172720150936,42.086834628991085
winter wheat,1,45.14344221473617,42.275211344070954
winter wheat,1,45.14748463351471,42.27817578450855
winter wheat,1,45.13374040966768,42.2657790335877
potato,11,45.143172720150936,42.128336795117406
winter wheat,1,45.132662431326736,42.27628932241189
winter wheat,1,45.14398120390664,42.08602614523538
potato,11,45.15206604146372,42.09249401528104
winter wheat,1,45.142633730980464,42.09464997196293
winter wheat,1,45.12457759376966,42.25796369061585
winter wheat,1,45.12242163708777,42.26470105524675
winter wheat,1,45.145059182247586,42.13749961101543
winter wheat,1,45.117570734553524,42.070664953876935
winter wheat,1,45.120265680405886,42.06473607300175
winter wheat,1,45.12161315333206,42.25796369061585
winter wheat,1,45.14155575263952,42.128336795117406
winter wheat,1,45.144789687662346,42.09438047737769
winter wheat,1,45.12700304503678,42.26200610939439
winter wheat,1,45.14559817141806,42.27871477367902
winter wheat,1,45.1504490739523,42.13830809477113
winter wheat,1,45.124308099184425,42.2657790335877
winter wheat,1,45.12727253962202,42.0846786723092
winter wheat,1,45.129967485474374,42.274941849485714
winter wheat,1,45.14721513892947,42.27062993612194
winter wheat,1,45.132662431326736,42.28221820328708
potato,11,45.15152705229325,42.134265675992594
winter wheat,1,45.150988063122774,42.2800622466052
winter wheat,1,45.138591312201925,42.13210971931071
winter wheat,1,45.12242163708777,42.07551585641118
winter wheat,1,45.12673355045155,42.27197740904812
winter wheat,1,45.138591312201925,42.27359437655954
winter wheat,1,45.13589636634956,42.281409719531375
winter wheat,1,45.13158445298579,42.25634672310444
winter wheat,1,45.142903225565696,42.285452138309914
winter wheat,1,45.119726691235414,42.062041127149385
winter wheat,1,45.1248470883549,42.271168925292415
winter wheat,1,45.12781152879249,42.27386387114477
winter wheat,1,45.12835051796296,42.262545098564864
winter wheat,1,45.12457759376966,42.06258011631986
winter wheat,1,45.13050647464485,42.26416206607628
winter wheat,1,45.131853947571024,42.25823318520109
winter wheat,1,45.12754203420725,42.08548715606491
winter wheat,1,45.13347091508244,42.08737361816156
winter wheat,1,45.13347091508244,42.279523257434725
winter wheat,1,45.14020827971334,42.267126506513875
winter wheat,1,45.130775969230086,42.27682831158236
winter wheat,1,45.15179654687848,42.10462127161665
winter wheat,1,45.149101601026125,42.101926325764296
winter wheat,1,45.12161315333206,42.258502679786325
winter wheat,1,45.14182524722475,42.28491314913944
winter wheat,1,45.13050647464485,42.270899430707175
winter wheat,1,45.12242163708777,42.060424159637975
winter wheat,1,45.143172720150936,42.124294376338874
winter wheat,1,45.115953767042114,42.06985647012123
winter wheat,1,45.11730123996829,42.07093444846217
winter wheat,1,45.14721513892947,42.10003986366765
winter wheat,1,45.132662431326736,42.2733248819743
winter wheat,1,45.14209474180999,42.09491946654816
potato,11,45.14640665517376,42.26739600109911
winter wheat,1,45.148832106440885,42.27844527909378
winter wheat,1,45.120265680405886,42.06904798636552
winter wheat,1,45.12538607752536,42.26011964729774
winter wheat,1,45.12134365874683,42.06581405134269
winter wheat,1,45.12511658294013,42.2703604415367
winter wheat,1,45.124038604599185,42.25176531515543
winter wheat,1,45.12969799088914,42.266857011928636
winter wheat,1,45.14452019307711,42.27413336573001
winter wheat,1,45.1218826479173,42.07389888889977
winter wheat,1,45.144789687662346,42.27197740904812
winter wheat,1,45.14101676346905,42.13345719223689
winter wheat,1,45.15017957936706,42.089529574843446
winter wheat,1,45.138591312201925,42.283565676213264
winter wheat,1,45.13293192591197,42.275480838656186
winter wheat,1,45.1218826479173,42.07524636182595
winter wheat,1,45.14640665517376,42.27979275201996
winter wheat,1,45.12457759376966,42.26416206607628
winter wheat,1,45.12646405586631,42.27440286031524
winter wheat,1,45.14182524722475,42.081175242701136
winter wheat,1,45.117840229138764,42.06958697553599
winter wheat,1,45.14452019307711,42.10893318498043
winter wheat,1,45.150988063122774,42.10516026078712
winter wheat,1,45.14613716058853,42.279523257434725
winter wheat,1,45.142364236395224,42.10057885283812
winter wheat,1,45.12107416416159,42.25553823934873
winter wheat,1,45.136435355520035,42.08548715606491
winter wheat,1,45.148832106440885,42.10542975537236
winter wheat,1,45.130775969230086,42.25580773393397
winter wheat,1,45.12888950713343,42.264431560661514
winter wheat,1,45.15179654687848,42.10866369039519
winter wheat,1,45.117840229138764,42.068508997195046
winter wheat,1,45.13966929054287,42.27143841987765
winter wheat,1,45.14209474180999,42.087104123576324
winter wheat,1,45.14748463351471,42.132648708481184
winter wheat,1,45.14964059019659,42.08629563982061
winter wheat,1,45.14586766600329,42.10893318498043
winter wheat,1,45.12376911001395,42.27009094695147
winter wheat,1,45.11864871289447,42.25580773393397
winter wheat,1,45.12673355045155,42.27601982782666
winter wheat,1,45.138321817616685,42.27170791446289
winter wheat,1,45.14452019307711,42.273055387389064
winter wheat,1,45.13589636634956,42.2733248819743
winter wheat,1,45.128081023377725,42.26038914188298
winter wheat,1,45.142364236395224,42.10219582034953
potato,11,45.150988063122774,42.13399618140736
winter wheat,1,45.13966929054287,42.27359437655954
winter wheat,1,45.1361658609348,42.08225322104208
winter wheat,1,45.11406730494546,42.06716152426887
winter wheat,1,45.144250698491874,42.27170791446289
winter wheat,1,45.142633730980464,42.13291820306642
winter wheat,1,45.14182524722475,42.07632434016689
winter wheat,1,45.14532867683282,42.2703604415367
potato,11,45.15206604146372,42.095458455718635
winter wheat,1,45.142364236395224,42.09195502611057
winter wheat,1,45.144250698491874,42.09438047737769
winter wheat,1,45.14398120390664,42.105699249957595
winter wheat,1,45.138591312201925,42.13184022472547
winter wheat,1,45.1504490739523,42.09707542323005
winter wheat,1,45.130236980059614,42.27413336573001
winter wheat,1,45.130775969230086,42.283565676213264
winter wheat,1,45.149101601026125,42.095188961133395
winter wheat,1,45.119457196650174,42.25419076642255
winter wheat,1,45.12754203420725,42.252843293496376
winter wheat,1,45.14829311727041,42.101926325764296
winter wheat,1,45.12915900171867,42.25068733681449
winter wheat,1,45.13131495840055,42.279253762849486
winter wheat,1,45.14182524722475,42.13291820306642
winter wheat,1,45.142364236395224,42.28275719245755
winter wheat,1,45.14452019307711,42.10273480952
winter wheat,1,45.130236980059614,42.262814593150104
winter wheat,1,45.12754203420725,42.2590416689568
winter wheat,1,45.117570734553524,42.06500556758698
winter wheat,1,45.144789687662346,42.0846786723092
winter wheat,1,45.14937109561136,42.10839419580996
winter wheat,1,45.119726691235414,42.06823950260981
winter wheat,1,45.12888950713343,42.2770978061676
winter wheat,1,45.14532867683282,42.12914527887312
winter wheat,1,45.14209474180999,42.09572795030387
winter wheat,1,45.143172720150936,42.083061704797785
winter wheat,1,45.12323012084348,42.07497686724071
winter wheat,1,45.134548893423386,42.2770978061676
winter wheat,1,45.12538607752536,42.27143841987765
winter wheat,1,45.13886080678716,42.28679961123609
winter wheat,1,45.12673355045155,42.26470105524675
winter wheat,1,45.1437117093214,42.087104123576324
winter wheat,1,45.14748463351471,42.10057885283812
winter wheat,1,45.132662431326736,42.26227560397963
potato,11,45.148832106440885,42.13480466516307
winter wheat,1,45.13778282844621,42.125911343850284
winter wheat,1,45.144250698491874,42.270899430707175
winter wheat,1,45.12700304503678,42.26874347402529
potato,11,45.14452019307711,42.09572795030387
winter wheat,1,45.13374040966768,42.27197740904812
winter wheat,1,45.11837921830924,42.06473607300175
winter wheat,1,45.12161315333206,42.25715520686015
winter wheat,1,45.13158445298579,42.26011964729774
winter wheat,1,45.1248470883549,42.2733248819743
winter wheat,1,45.13131495840055,42.2800622466052
winter wheat,1,45.1294284963039,42.25769419603062
winter wheat,1,45.136704850105275,42.27197740904812
winter wheat,1,45.1437117093214,42.089529574843446
winter wheat,1,45.12915900171867,42.25499925017826
winter wheat,1,45.1391303013724,42.08575665065015
winter wheat,1,45.120265680405886,42.25553823934873
winter wheat,1,45.12242163708777,42.05961567588226
winter wheat,1,45.13400990425291,42.27628932241189
winter wheat,1,45.143172720150936,42.09599744488911
winter wheat,1,45.12349961542871,42.26766549568435
winter wheat,1,45.1294284963039,42.27197740904812
winter wheat,1,45.12969799088914,42.26631802275817
winter wheat,1,45.1399387851281,42.27440286031524
potato,11,45.14721513892947,42.27197740904812
winter wheat,1,45.12053517499112,42.06123264339368
winter wheat,1,45.12161315333206,42.07362939431453
winter wheat,1,45.1361658609348,42.08548715606491
winter wheat,1,45.13966929054287,42.273055387389064
winter wheat,1,45.1294284963039,42.26470105524675
winter wheat,1,45.14398120390664,42.09114654235486
winter wheat,1,45.14640665517376,42.28033174119043
winter wheat,1,45.13104546381532,42.086834628991085
winter wheat,1,45.122152142502536,42.06177163256415
winter wheat,1,45.125925066695835,42.275211344070954
potato,11,45.14155575263952,42.13480466516307
winter wheat,1,45.1286200125482,42.08225322104208
winter wheat,1,45.126194561281075,42.26631802275817
winter wheat,1,45.14748463351471,42.09060755318439
winter wheat,1,45.132662431326736,42.08818210191727
winter wheat,1,45.125925066695835,42.258502679786325
winter wheat,1,45.12781152879249,42.258772174371565
winter wheat,1,45.132392936741496,42.08252271562731
winter wheat,1,45.13293192591197,42.08629563982061
potato,11,45.13939979595763,42.125911343850284
winter wheat,1,45.142903225565696,42.275480838656186
winter wheat,1,45.14613716058853,42.28275719245755
winter wheat,1,45.1399387851281,42.27817578450855
winter wheat,1,45.13050647464485,42.2808707303609
winter wheat,1,45.14128625805428,42.09249401528104
winter wheat,1,45.144789687662346,42.10866369039519
winter wheat,1,45.14532867683282,42.27143841987765
winter wheat,1,45.1399387851281,42.287338600406564
winter wheat,1,45.1151452832864,42.06770051343934
winter wheat,1,45.12080466957636,42.05961567588226
winter wheat,1,45.14101676346905,42.2770978061676
winter wheat,1,45.1437117093214,42.279523257434725
winter wheat,1,45.11460629411593,42.06823950260981
winter wheat,1,45.11622326162735,42.0703954592917
winter wheat,1,45.14775412809994,42.14019455686779
winter wheat,1,45.12888950713343,42.26874347402529
winter wheat,1,45.13481838800862,42.08575665065015
winter wheat,1,45.13050647464485,42.26470105524675
winter wheat,1,45.1256555721106,42.076593834752124
winter wheat,1,45.14182524722475,42.27143841987765
winter wheat,1,45.12161315333206,42.07174293221788
winter wheat,1,45.14559817141806,42.09006856401392
potato,11,45.14829311727041,42.08360069396826
winter wheat,1,45.1504490739523,42.10408228244618
winter wheat,1,45.12646405586631,42.27009094695147
winter wheat,1,45.13535737717909,42.27143841987765
winter wheat,1,45.118109723724,42.072820910558825
winter wheat,1,45.12888950713343,42.27143841987765
winter wheat,1,45.129967485474374,42.266857011928636
winter wheat,1,45.14344221473617,42.2657790335877
winter wheat,1,45.124038604599185,42.0733598997293
winter wheat,1,45.138321817616685,42.26847397944005
winter wheat,1,45.12242163708777,42.262545098564864
winter wheat,1,45.14182524722475,42.266857011928636
winter wheat,1,45.14101676346905,42.28221820328708
winter wheat,1,45.15206604146372,42.107585712054245
winter wheat,1,45.14721513892947,42.132648708481184
winter wheat,1,45.14452019307711,42.08198372645684
winter wheat,1,45.12781152879249,42.24960935847354
winter wheat,1,45.14748463351471,42.08602614523538
winter wheat,1,45.1399387851281,42.089529574843446
winter wheat,1,45.14398120390664,42.283296181628025
winter wheat,1,45.126194561281075,42.252304304325904
winter wheat,1,45.13697434469051,42.08252271562731
winter wheat,1,45.1218826479173,42.25365177725208
winter wheat,1,45.13535737717909,42.27413336573001
winter wheat,1,45.13778282844621,42.132379213895945
winter wheat,1,45.14559817141806,42.27251639821859
winter wheat,1,45.11837921830924,42.07093444846217
winter wheat,1,45.13562687176433,42.0846786723092
winter wheat,1,45.14209474180999,42.0771328239226
winter wheat,1,45.12242163708777,42.2665875173434
winter wheat,1,45.148832106440885,42.09680592864481
winter wheat,1,45.12673355045155,42.252304304325904
winter wheat,1,45.131853947571024,42.086834628991085
winter wheat,1,45.14452019307711,42.124294376338874
winter wheat,1,45.148832106440885,42.08737361816156
winter wheat,1,45.146945644344235,42.10489076620189
winter wheat,1,45.12754203420725,42.27009094695147
winter wheat,1,45.13562687176433,42.269012968610525
winter wheat,1,45.14452019307711,42.279253762849486
winter wheat,1,45.11918770206494,42.2552687447635
winter wheat,1,45.12754203420725,42.26362307690581
winter wheat,1,45.12969799088914,42.27871477367902
winter wheat,1,45.12538607752536,42.25419076642255
winter wheat,1,45.14074726888381,42.285182643724674
winter wheat,1,45.12107416416159,42.26362307690581
winter wheat,1,45.143172720150936,42.095188961133395
winter wheat,1,45.14748463351471,42.09303300445151
winter wheat,1,45.14721513892947,42.09788390698576
potato,11,45.14802362268518,42.134535170577834
winter wheat,1,45.14856261185565,42.087104123576324
winter wheat,1,45.12969799088914,42.26200610939439
winter wheat,1,45.14559817141806,42.26874347402529
winter wheat,1,45.12053517499112,42.074437878070235
winter wheat,1,45.144250698491874,42.0846786723092
winter wheat,1,45.14829311727041,42.13938607311208
winter wheat,1,45.13131495840055,42.081175242701136
winter wheat,1,45.14640665517376,42.27655881699713
winter wheat,1,45.12888950713343,42.27979275201996
winter wheat,1,45.14155575263952,42.09788390698576
winter wheat,1,45.144789687662346,42.266857011928636
winter wheat,1,45.12080466957636,42.072820910558825
potato,11,45.15125755770801,42.0884515965025
winter wheat,1,45.125925066695835,42.2514958205702
winter wheat,1,45.142633730980464,42.12564184926505
potato,11,45.1504490739523,42.27817578450855
potato,11,45.15125755770801,42.09572795030387
winter wheat,1,45.145059182247586,42.277367300752836
winter wheat,1,45.11918770206494,42.06554455675745
winter wheat,1,45.12242163708777,42.25715520686015
winter wheat,1,45.1218826479173,42.06770051343934
winter wheat,1,45.12781152879249,42.26982145236624
winter wheat,1,45.12915900171867,42.28410466538374
winter wheat,1,45.13886080678716,42.1237553871684
winter wheat,1,45.14398120390664,42.266857011928636
winter wheat,1,45.12107416416159,42.25769419603062
winter wheat,1,45.14155575263952,42.08979906942868
winter wheat,1,45.12349961542871,42.267126506513875
winter wheat,1,45.144789687662346,42.269012968610525
winter wheat,1,45.1391303013724,42.128336795117406
winter wheat,1,45.12323012084348,42.060154665052735
winter wheat,1,45.144250698491874,42.08440917772396
winter wheat,1,45.145059182247586,42.28275719245755
winter wheat,1,45.11676225079782,42.06527506217222
winter wheat,1,45.14802362268518,42.1380386001859
winter wheat,1,45.12781152879249,42.277367300752836
potato,11,45.13886080678716,42.12510286009458
winter wheat,1,45.13966929054287,42.08171423187161
winter wheat,1,45.14182524722475,42.08171423187161
winter wheat,1,45.12080466957636,42.256885712274915
winter wheat,1,45.12673355045155,42.2733248819743
winter wheat,1,45.118109723724,42.064466578416514
winter wheat,1,45.13400990425291,42.08333119938302
potato,11,45.14748463351471,42.095458455718635
winter wheat,1,45.142364236395224,42.10516026078712
winter wheat,1,45.144250698491874,42.277636795338076
winter wheat,1,45.1399387851281,42.083061704797785
winter wheat,1,45.14452019307711,42.277367300752836
winter wheat,1,45.14829311727041,42.13965556769732
winter wheat,1,45.136435355520035,42.080905748115896
winter wheat,1,45.146676149758996,42.128606289702645
winter wheat,1,45.144250698491874,42.27009094695147
potato,11,45.14452019307711,42.1237553871684
winter wheat,1,45.14398120390664,42.10084834742335
winter wheat,1,45.12269113167301,42.2514958205702
winter wheat,1,45.14937109561136,42.09438047737769
winter wheat,1,45.15206604146372,42.10704672288378
winter wheat,1,45.144250698491874,42.269551957781
winter wheat,1,45.14991008478183,42.09707542323005
winter wheat,1,45.12349961542871,42.26038914188298
potato,11,45.150988063122774,42.13992506228255
winter wheat,1,45.13939979595763,42.08575665065015
winter wheat,1,45.145059182247586,42.08413968313873
winter wheat,1,45.13939979595763,42.27170791446289
winter wheat,1,45.1361658609348,42.28464365455421
winter wheat,1,45.12134365874683,42.06743101885411
winter wheat,1,45.142903225565696,42.07821080226354
winter wheat,1,45.14344221473617,42.28275719245755
winter wheat,1,45.142364236395224,42.12510286009458
winter wheat,1,45.145059182247586,42.13480466516307
potato,11,45.131853947571024,42.27143841987765
winter wheat,1,45.1256555721106,42.270899430707175
winter wheat,1,45.12700304503678,42.25958065812727
potato,11,45.13966929054287,42.27682831158236
winter wheat,1,45.11891820747971,42.062310621734625
winter wheat,1,45.130775969230086,42.27440286031524
winter wheat,1,45.13158445298579,42.269551957781
winter wheat,1,45.138591312201925,42.13157073014024
winter wheat,1,45.119726691235414,42.258502679786325
winter wheat,1,45.14856261185565,42.13372668682213
winter wheat,1,45.12835051796296,42.085217661479675
winter wheat,1,45.1534135143899,42.10489076620189
winter wheat,1,45.14101676346905,42.08656513440585
winter wheat,1,45.150718568537535,42.09626693947434
winter wheat,1,45.144250698491874,42.10246531493477
winter wheat,1,45.1437117093214,42.273055387389064
winter wheat,1,45.13347091508244,42.27413336573001
winter wheat,1,45.144789687662346,42.12725881677647
winter wheat,1,45.13805232303145,42.28653011665086
winter wheat,1,45.12781152879249,42.262814593150104
potato,11,45.13158445298579,42.27170791446289
winter wheat,1,45.13562687176433,42.08548715606491
winter wheat,1,45.145059182247586,42.13669112725972
winter wheat,1,45.11891820747971,42.0703954592917
winter wheat,1,45.1294284963039,42.27224690363336
winter wheat,1,45.124038604599185,42.262814593150104
winter wheat,1,45.145059182247586,42.09491946654816
winter wheat,1,45.14802362268518,42.275750333241426
winter wheat,1,45.1286200125482,42.08737361816156
winter wheat,1,45.1294284963039,42.28302668704279
winter wheat,1,45.14559817141806,42.09842289615623
winter wheat,1,45.1361658609348,42.080905748115896
winter wheat,1,45.132392936741496,42.26739600109911
potato,11,45.13805232303145,42.13318769765166
winter wheat,1,45.138591312201925,42.279253762849486
winter wheat,1,45.12242163708777,42.25742470144539
potato,11,45.142633730980464,42.13507415974831
winter wheat,1,45.14452019307711,42.091416036940096
winter wheat,1,45.12080466957636,42.074707372655475
winter wheat,1,45.124038604599185,42.25796369061585
winter wheat,1,45.12888950713343,42.26766549568435
winter wheat,1,45.12915900171867,42.08791260733203
winter wheat,1,45.1151452832864,42.064197083831274
winter wheat,1,45.12053517499112,42.07497686724071
winter wheat,1,45.1248470883549,42.26604852817293
winter wheat,1,45.13778282844621,42.271168925292415
winter wheat,1,45.12134365874683,42.074437878070235
winter wheat,1,45.14398120390664,42.09815340157099
winter wheat,1,45.142364236395224,42.079288780604486
potato,11,45.146676149758996,42.27224690363336
winter wheat,1,45.14613716058853,42.26820448485482
winter wheat,1,45.124308099184425,42.25392127183732
winter wheat,1,45.13886080678716,42.13210971931071
winter wheat,1,45.1256555721106,42.24880087471784
winter wheat,1,45.14101676346905,42.26550953900246
winter wheat,1,45.12646405586631,42.27844527909378
winter wheat,1,45.140477774298574,42.26820448485482
winter wheat,1,45.14748463351471,42.273055387389064
winter wheat,1,45.13966929054287,42.12725881677647
winter wheat,1,45.148832106440885,42.10893318498043
winter wheat,1,45.130775969230086,42.26631802275817
winter wheat,1,45.14101676346905,42.093571993621985
winter wheat,1,45.13966929054287,42.08063625353066
winter wheat,1,45.11703174538305,42.06716152426887
winter wheat,1,45.14613716058853,42.107855206639485
winter wheat,1,45.12835051796296,42.252573798911136
winter wheat,1,45.13778282844621,42.12914527887312
winter wheat,1,45.145059182247586,42.2838351707985
winter wheat,1,45.149101601026125,42.10354329327571
winter wheat,1,45.13320142049721,42.26766549568435
potato,11,45.14182524722475,42.275750333241426
winter wheat,1,45.14182524722475,42.12806730053217
winter wheat,1,45.142364236395224,42.13669112725972
winter wheat,1,45.14398120390664,42.09195502611057
winter wheat,1,45.1361658609348,42.0846786723092
winter wheat,1,45.14829311727041,42.27628932241189
winter wheat,1,45.14640665517376,42.093302499036746
winter wheat,1,45.14398120390664,42.09653643405958
winter wheat,1,45.13104546381532,42.275750333241426
winter wheat,1,45.12673355045155,42.2657790335877
winter wheat,1,45.14559817141806,42.13103174096977
winter wheat,1,45.14775412809994,42.2808707303609
winter wheat,1,45.1286200125482,42.275480838656186
winter wheat,1,45.14209474180999,42.274941849485714
winter wheat,1,45.14559817141806,42.12618083843552
winter wheat,1,45.13939979595763,42.287338600406564
winter wheat,1,45.12969799088914,42.275750333241426
winter wheat,1,45.14101676346905,42.266857011928636
winter wheat,1,45.12538607752536,42.27224690363336
winter wheat,1,45.148832106440885,42.10704672288378
winter wheat,1,45.12700304503678,42.25931116354204
winter wheat,1,45.146945644344235,42.27628932241189
winter wheat,1,45.1218826479173,42.252573798911136
winter wheat,1,45.134548893423386,42.26874347402529
winter wheat,1,45.14128625805428,42.2800622466052
winter wheat,1,45.13939979595763,42.08440917772396
winter wheat,1,45.13104546381532,42.254729755593026
winter wheat,1,45.14452019307711,42.2800622466052
winter wheat,1,45.12727253962202,42.2590416689568
winter wheat,1,45.12349961542871,42.06338860007557
winter wheat,1,45.13562687176433,42.281679214116615
winter wheat,1,45.14532867683282,42.09626693947434
winter wheat,1,45.14937109561136,42.101387336593824
winter wheat,1,45.14991008478183,42.13561314891878
winter wheat,1,45.13778282844621,42.27790628992331
winter wheat,1,45.12754203420725,42.2657790335877
winter wheat,1,45.13562687176433,42.277367300752836
winter wheat,1,45.15152705229325,42.10273480952
winter wheat,1,45.12915900171867,42.25176531515543
winter wheat,1,45.1437117093214,42.13561314891878
winter wheat,1,45.142364236395224,42.08387018855349
winter wheat,1,45.132662431326736,42.2665875173434
winter wheat,1,45.14937109561136,42.107855206639485
potato,11,45.14991008478183,42.13776910560066
winter wheat,1,45.118109723724,42.07389888889977
winter wheat,1,45.1151452832864,42.066622535098396
winter wheat,1,45.14775412809994,42.09033805859915
winter wheat,1,45.14856261185565,42.08737361816156
winter wheat,1,45.12457759376966,42.06123264339368
winter wheat,1,45.142903225565696,42.10920267956566
winter wheat,1,45.12969799088914,42.08413968313873
winter wheat,1,45.13347091508244,42.27844527909378
potato,11,45.13535737717909,42.26631802275817
winter wheat,1,45.136704850105275,42.285182643724674
winter wheat,1,45.140477774298574,42.27251639821859
winter wheat,1,45.1361658609348,42.08333119938302
winter wheat,1,45.1256555721106,42.27143841987765
winter wheat,1,45.130236980059614,42.27386387114477
winter wheat,1,45.14155575263952,42.279253762849486
winter wheat,1,45.129967485474374,42.254729755593026
winter wheat,1,45.130775969230086,42.26362307690581
winter wheat,1,45.132662431326736,42.28114022494614
winter wheat,1,45.140477774298574,42.12806730053217
winter wheat,1,45.12727253962202,42.27628932241189
winter wheat,1,45.14074726888381,42.28679961123609
winter wheat,1,45.12107416416159,42.066622535098396
winter wheat,1,45.146676149758996,42.27979275201996
winter wheat,1,45.14344221473617,42.09438047737769
winter wheat,1,45.13400990425291,42.26389257149104
winter wheat,1,45.132662431326736,42.27009094695147
winter wheat,1,45.12538607752536,42.262545098564864
winter wheat,1,45.13751333386098,42.26793499026958
winter wheat,1,45.1256555721106,42.27682831158236
winter wheat,1,45.134548893423386,42.08387018855349
winter wheat,1,45.1437117093214,42.08656513440585
winter wheat,1,45.12080466957636,42.066083545927924
winter wheat,1,45.13131495840055,42.086834628991085
winter wheat,1,45.13805232303145,42.28060123577567
winter wheat,1,45.15179654687848,42.10219582034953
winter wheat,1,45.143172720150936,42.13615213808925
winter wheat,1,45.14964059019659,42.101656831179056
winter wheat,1,45.12107416416159,42.06150213797892
winter wheat,1,45.1391303013724,42.28114022494614
winter wheat,1,45.142364236395224,42.07955827518972
winter wheat,1,45.13535737717909,42.27467235490048
winter wheat,1,45.145059182247586,42.09626693947434
winter wheat,1,45.14101676346905,42.090877047769624
winter wheat,1,45.13886080678716,42.12887578428788
winter wheat,1,45.14101676346905,42.26604852817293
winter wheat,1,45.14182524722475,42.08063625353066
winter wheat,1,45.15206604146372,42.09788390698576
potato,11,45.14182524722475,42.13534365433354
winter wheat,1,45.11837921830924,42.06500556758698
winter wheat,1,45.146945644344235,42.12995376262882
winter wheat,1,45.148832106440885,42.10327379869047
winter wheat,1,45.12915900171867,42.27467235490048
winter wheat,1,45.14074726888381,42.13399618140736
winter wheat,1,45.14532867683282,42.097614412400524
winter wheat,1,45.14559817141806,42.136960621844956
winter wheat,1,45.14802362268518,42.08575665065015
winter wheat,1,45.144250698491874,42.281679214116615
winter wheat,1,45.13939979595763,42.28679961123609
winter wheat,1,45.136704850105275,42.273055387389064
winter wheat,1,45.134548893423386,42.08144473728637
winter wheat,1,45.148832106440885,42.13184022472547
winter wheat,1,45.14748463351471,42.10489076620189
winter wheat,1,45.12053517499112,42.26092813105345
winter wheat,1,45.142364236395224,42.07578535099642
winter wheat,1,45.12700304503678,42.0779413076783
winter wheat,1,45.115953767042114,42.066083545927924
winter wheat,1,45.12242163708777,42.2590416689568
winter wheat,1,45.128081023377725,42.25176531515543
winter wheat,1,45.117840229138764,42.07147343763264
winter wheat,1,45.144789687662346,42.13588264350401
winter wheat,1,45.1218826479173,42.25499925017826
winter wheat,1,45.14721513892947,42.13938607311208
winter wheat,1,45.134548893423386,42.085217661479675
winter wheat,1,45.14101676346905,42.134265675992594
winter wheat,1,45.1504490739523,42.09249401528104
winter wheat,1,45.13508788259386,42.27817578450855
winter wheat,1,45.146945644344235,42.1380386001859
winter wheat,1,45.145059182247586,42.270899430707175
winter wheat,1,45.14613716058853,42.27467235490048
winter wheat,1,45.145059182247586,42.281679214116615
winter wheat,1,45.125925066695835,42.26038914188298
winter wheat,1,45.15206604146372,42.136421632674484
winter wheat,1,45.132392936741496,42.2590416689568
winter wheat,1,45.138591312201925,42.277367300752836
winter wheat,1,45.14964059019659,42.08656513440585
winter wheat,1,45.125925066695835,42.26847397944005
winter wheat,1,45.1437117093214,42.13184022472547
winter wheat,1,45.14344221473617,42.10731621746901
winter wheat,1,45.12269113167301,42.07147343763264
winter wheat,1,45.144789687662346,42.277367300752836
winter wheat,1,45.1361658609348,42.281679214116615
winter wheat,1,45.132123442156264,42.26119762563869
winter wheat,1,45.14182524722475,42.10866369039519
winter wheat,1,45.14721513892947,42.101926325764296
winter wheat,1,45.12538607752536,42.24933986388831
winter wheat,1,45.12969799088914,42.08548715606491
winter wheat,1,45.144250698491874,42.134535170577834
winter wheat,1,45.12134365874683,42.07309040514406
potato,11,45.142364236395224,42.1275283113617
winter wheat,1,45.12107416416159,42.07497686724071
winter wheat,1,45.144789687662346,42.105968744542835
winter wheat,1,45.12835051796296,42.2665875173434
winter wheat,1,45.12915900171867,42.2800622466052
winter wheat,1,45.1151452832864,42.06958697553599
potato,11,45.12969799088914,42.250956831399726
winter wheat,1,45.13481838800862,42.081175242701136
winter wheat,1,45.14128625805428,42.13372668682213
winter wheat,1,45.13751333386098,42.269012968610525
winter wheat,1,45.14748463351471,42.13749961101543
winter wheat,1,45.14775412809994,42.27601982782666
winter wheat,1,45.14829311727041,42.107855206639485
winter wheat,1,45.15233553604895,42.10057885283812
winter wheat,1,45.14802362268518,42.099231379911934
winter wheat,1,45.12269113167301,42.26847397944005
winter wheat,1,45.13535737717909,42.08602614523538
winter wheat,1,45.1286200125482,42.2590416689568
winter wheat,1,45.144789687662346,42.27009094695147
winter wheat,1,45.12969799088914,42.08279221021255
winter wheat,1,45.146676149758996,42.131301235555
winter wheat,1,45.1391303013724,42.086834628991085
winter wheat,1,45.1248470883549,42.0771328239226
winter wheat,1,45.144789687662346,42.265240044417226
winter wheat,1,45.1218826479173,42.072820910558825
winter wheat,1,45.14802362268518,42.13022325721406
winter wheat,1,45.150988063122774,42.09869239074146
winter wheat,1,45.1534135143899,42.10435177703142
winter wheat,1,45.1256555721106,42.250148347644014
winter wheat,1,45.12646405586631,42.279253762849486
winter wheat,1,45.14586766600329,42.2733248819743
winter wheat,1,45.146676149758996,42.274941849485714
winter wheat,1,45.150718568537535,42.10704672288378
winter wheat,1,45.1294284963039,42.27467235490048
winter wheat,1,45.14020827971334,42.09060755318439
winter wheat,1,45.13131495840055,42.263084087735336
winter wheat,1,45.132662431326736,42.27682831158236
winter wheat,1,45.14182524722475,42.08602614523538
winter wheat,1,45.1361658609348,42.27224690363336
winter wheat,1,45.13320142049721,42.265240044417226
winter wheat,1,45.136435355520035,42.277367300752836
winter wheat,1,45.12376911001395,42.26470105524675
winter wheat,1,45.13562687176433,42.086834628991085
winter wheat,1,45.144250698491874,42.095188961133395
potato,11,45.14398120390664,42.128336795117406
winter wheat,1,45.125925066695835,42.258772174371565
winter wheat,1,45.13724383927574,42.08818210191727
winter wheat,1,45.14964059019659,42.105968744542835
winter wheat,1,45.145059182247586,42.277636795338076
winter wheat,1,45.14128625805428,42.1237553871684
winter wheat,1,45.142903225565696,42.090877047769624
winter wheat,1,45.12673355045155,42.266857011928636
winter wheat,1,45.14020827971334,42.28410466538374
winter wheat,1,45.136704850105275,42.27359437655954
winter wheat,1,45.14802362268518,42.09033805859915
winter wheat,1,45.117570734553524,42.07012596470646
winter wheat,1,45.12673355045155,42.27062993612194
winter wheat,1,45.14074726888381,42.275750333241426
winter wheat,1,45.13320142049721,42.0846786723092
winter wheat,1,45.134279398838146,42.080905748115896
winter wheat,1,45.129967485474374,42.27979275201996
winter wheat,1,45.15152705229325,42.10408228244618
winter wheat,1,45.14452019307711,42.08979906942868
winter wheat,1,45.143172720150936,42.0989618853267
winter wheat,1,45.15206604146372,42.093302499036746
winter wheat,1,45.125925066695835,42.262814593150104
winter wheat,1,45.14182524722475,42.10893318498043
winter wheat,1,45.1294284963039,42.086834628991085
winter wheat,1,45.115684272456875,42.06904798636552
potato,11,45.15233553604895,42.09276350986627
winter wheat,1,45.13751333386098,42.08791260733203
winter wheat,1,45.142903225565696,42.101117842008584
winter wheat,1,45.12781152879249,42.26739600109911
potato,11,45.145059182247586,42.13938607311208
winter wheat,1,45.14532867683282,42.0884515965025
winter wheat,1,45.12727253962202,42.25338228266685
winter wheat,1,45.134548893423386,42.275750333241426
winter wheat,1,45.13562687176433,42.081175242701136
winter wheat,1,45.13535737717909,42.275480838656186
winter wheat,1,45.14721513892947,42.271168925292415
winter wheat,1,45.12754203420725,42.25553823934873
winter wheat,1,45.136704850105275,42.28302668704279
winter wheat,1,45.144250698491874,42.09680592864481
winter wheat,1,45.13347091508244,42.26416206607628
winter wheat,1,45.14559817141806,42.09033805859915
winter wheat,1,45.11918770206494,42.07309040514406
winter wheat,1,45.11864871289447,42.25419076642255
winter wheat,1,45.12457759376966,42.265240044417226
winter wheat,1,45.13158445298579,42.0846786723092
winter wheat,1,45.1294284963039,42.25796369061585
winter wheat,1,45.129967485474374,42.28221820328708
winter wheat,1,45.14991008478183,42.08656513440585
winter wheat,1,45.11703174538305,42.06527506217222
winter wheat,1,45.12107416416159,42.07389888889977
winter wheat,1,45.12969799088914,42.264431560661514
winter wheat,1,45.14209474180999,42.12887578428788
winter wheat,1,45.14721513892947,42.09842289615623
winter wheat,1,45.145059182247586,42.087104123576324
winter wheat,1,45.142633730980464,42.13210971931071
winter wheat,1,45.14856261185565,42.139116578526846
winter wheat,1,45.13697434469051,42.12698932219123
winter wheat,1,45.12700304503678,42.26847397944005
winter wheat,1,45.12161315333206,42.25392127183732
winter wheat,1,45.14209474180999,42.07578535099642
winter wheat,1,45.143172720150936,42.263353582320576
potato,11,45.13886080678716,42.124294376338874
winter wheat,1,45.14613716058853,42.08360069396826
winter wheat,1,45.134279398838146,42.08333119938302
winter wheat,1,45.14640665517376,42.27898426826425
potato,11,45.150988063122774,42.13534365433354
winter wheat,1,45.142364236395224,42.10866369039519
potato,11,45.14586766600329,42.08063625353066
winter wheat,1,45.129967485474374,42.08818210191727
winter wheat,1,45.146945644344235,42.27601982782666
winter wheat,1,45.14748463351471,42.08737361816156
winter wheat,1,45.12134365874683,42.254729755593026
winter wheat,1,45.12835051796296,42.26362307690581
winter wheat,1,45.14344221473617,42.13184022472547
winter wheat,1,45.115684272456875,42.06958697553599
winter wheat,1,45.14613716058853,42.10650773371331
winter wheat,1,45.15179654687848,42.136960621844956
winter wheat,1,45.1437117093214,42.13723011643019
winter wheat,1,45.13050647464485,42.277636795338076
winter wheat,1,45.12134365874683,42.26389257149104
winter wheat,1,45.12349961542871,42.06500556758698
winter wheat,1,45.142633730980464,42.13345719223689
winter wheat,1,45.144250698491874,42.27979275201996
winter wheat,1,45.14344221473617,42.270899430707175
winter wheat,1,45.11837921830924,42.06527506217222
winter wheat,1,45.14802362268518,42.097614412400524
winter wheat,1,45.12242163708777,42.06500556758698
winter wheat,1,45.126194561281075,42.250956831399726
winter wheat,1,45.13104546381532,42.27251639821859
winter wheat,1,45.14398120390664,42.09626693947434
winter wheat,1,45.12700304503678,42.26173661480916
winter wheat,1,45.14128625805428,42.08063625353066
winter wheat,1,45.152605030634184,42.10354329327571
winter wheat,1,45.13805232303145,42.0876431127468
winter wheat,1,45.150988063122774,42.088990585672974
winter wheat,1,45.14344221473617,42.277367300752836
winter wheat,1,45.14613716058853,42.086834628991085
winter wheat,1,45.132123442156264,42.26982145236624
winter wheat,1,45.13805232303145,42.2876080949918
winter wheat,1,45.124038604599185,42.26604852817293
winter wheat,1,45.13886080678716,42.269551957781
winter wheat,1,45.12727253962202,42.27844527909378
winter wheat,1,45.14209474180999,42.09842289615623
winter wheat,1,45.13104546381532,42.08791260733203
winter wheat,1,45.120265680405886,42.0628496109051
winter wheat,1,45.12915900171867,42.27386387114477
winter wheat,1,45.122152142502536,42.06338860007557
winter wheat,1,45.12269113167301,42.062310621734625
winter wheat,1,45.13347091508244,42.0876431127468
winter wheat,1,45.134548893423386,42.08252271562731
winter wheat,1,45.142633730980464,42.279253762849486
winter wheat,1,45.13562687176433,42.08225322104208
winter wheat,1,45.1504490739523,42.10084834742335
winter wheat,1,45.15233553604895,42.09707542323005
winter wheat,1,45.143172720150936,42.091416036940096
winter wheat,1,45.15017957936706,42.27817578450855
winter wheat,1,45.13293192591197,42.27143841987765
winter wheat,1,45.132662431326736,42.0846786723092
winter wheat,1,45.13508788259386,42.08737361816156
winter wheat,1,45.14640665517376,42.269282463195765
winter wheat,1,45.13724383927574,42.28194870870185
winter wheat,1,45.15125755770801,42.10704672288378
winter wheat,1,45.14640665517376,42.09626693947434
winter wheat,1,45.14182524722475,42.080905748115896
winter wheat,1,45.148832106440885,42.2800622466052
winter wheat,1,45.132662431326736,42.26820448485482
winter wheat,1,45.14182524722475,42.10542975537236
winter wheat,1,45.15125755770801,42.09680592864481
winter wheat,1,45.11864871289447,42.068778491780286
winter wheat,1,45.12727253962202,42.275750333241426
winter wheat,1,45.132392936741496,42.269282463195765
winter wheat,1,45.1399387851281,42.279253762849486
winter wheat,1,45.12242163708777,42.25392127183732
winter wheat,1,45.1361658609348,42.277636795338076
winter wheat,1,45.14613716058853,42.08575665065015
winter wheat,1,45.142903225565696,42.270899430707175
winter wheat,1,45.145059182247586,42.08872109108774
potato,11,45.1437117093214,42.134535170577834
winter wheat,1,45.14586766600329,42.08387018855349
winter wheat,1,45.12107416416159,42.25958065812727
winter wheat,1,45.14748463351471,42.138847083941606
winter wheat,1,45.12700304503678,42.27062993612194
winter wheat,1,45.14748463351471,42.093302499036746
winter wheat,1,45.138591312201925,42.26820448485482
winter wheat,1,45.1437117093214,42.27143841987765
winter wheat,1,45.1361658609348,42.0876431127468
winter wheat,1,45.126194561281075,42.27440286031524
winter wheat,1,45.14613716058853,42.26766549568435
winter wheat,1,45.12673355045155,42.26119762563869
winter wheat,1,45.13697434469051,42.27386387114477
winter wheat,1,45.140477774298574,42.28302668704279
winter wheat,1,45.142364236395224,42.27628932241189
winter wheat,1,45.14775412809994,42.27170791446289
winter wheat,1,45.14532867683282,42.099231379911934
winter wheat,1,45.14209474180999,42.088990585672974
winter wheat,1,45.15125755770801,42.10003986366765
winter wheat,1,45.12754203420725,42.256885712274915
winter wheat,1,45.138321817616685,42.267126506513875
winter wheat,1,45.12754203420725,42.2703604415367
winter wheat,1,45.1391303013724,42.08063625353066
winter wheat,1,45.138321817616685,42.27143841987765
winter wheat,1,45.122152142502536,42.06311910549033
winter wheat,1,45.12781152879249,42.08602614523538
winter wheat,1,45.13481838800862,42.08333119938302
winter wheat,1,45.14829311727041,42.09033805859915
winter wheat,1,45.12323012084348,42.262545098564864
winter wheat,1,45.15179654687848,42.0989618853267
winter wheat,1,45.13104546381532,42.26389257149104
winter wheat,1,45.14532867683282,42.08818210191727
winter wheat,1,45.12376911001395,42.26631802275817
winter wheat,1,45.1248470883549,42.26119762563869
winter wheat,1,45.12888950713343,42.26820448485482
winter wheat,1,45.14452019307711,42.09653643405958
winter wheat,1,45.14748463351471,42.274941849485714
winter wheat,1,45.130775969230086,42.25419076642255
winter wheat,1,45.142633730980464,42.28410466538374
winter wheat,1,45.1391303013724,42.287877589577036
winter wheat,1,45.150718568537535,42.10327379869047
winter wheat,1,45.12835051796296,42.260658636468214
winter wheat,1,45.140477774298574,42.13399618140736
winter wheat,1,45.13939979595763,42.12995376262882
winter wheat,1,45.142633730980464,42.09599744488911
winter wheat,1,45.128081023377725,42.273055387389064
winter wheat,1,45.1437117093214,42.27601982782666
winter wheat,1,45.14586766600329,42.0989618853267
winter wheat,1,45.12349961542871,42.2514958205702
winter wheat,1,45.14532867683282,42.28194870870185
winter wheat,1,45.12888950713343,42.258772174371565
winter wheat,1,45.124038604599185,42.076593834752124
winter wheat,1,45.1294284963039,42.27844527909378
winter wheat,1,45.11864871289447,42.25553823934873
winter wheat,1,45.14155575263952,42.095188961133395
winter wheat,1,45.14721513892947,42.090877047769624
winter wheat,1,45.14398120390664,42.285182643724674
winter wheat,1,45.138321817616685,42.27413336573001
winter wheat,1,45.14748463351471,42.2733248819743
winter wheat,1,45.1504490739523,42.13669112725972
winter wheat,1,45.124038604599185,42.07524636182595
winter wheat,1,45.12673355045155,42.076863329337364
winter wheat,1,45.12457759376966,42.26820448485482
winter wheat,1,45.1294284963039,42.277367300752836
winter wheat,1,45.12107416416159,42.26011964729774
winter wheat,1,45.14074726888381,42.09276350986627
winter wheat,1,45.11864871289447,42.07389888889977
winter wheat,1,45.12323012084348,42.07309040514406
winter wheat,1,45.14398120390664,42.2800622466052
winter wheat,1,45.14640665517376,42.128336795117406
winter wheat,1,45.14937109561136,42.088990585672974
winter wheat,1,45.126194561281075,42.25796369061585
winter wheat,1,45.115684272456875,42.066622535098396
winter wheat,1,45.13347091508244,42.2808707303609
winter wheat,1,45.128081023377725,42.250956831399726
winter wheat,1,45.13400990425291,42.08252271562731
winter wheat,1,45.12915900171867,42.283296181628025
winter wheat,1,45.12915900171867,42.27413336573001
winter wheat,1,45.14101676346905,42.13588264350401
winter wheat,1,45.15179654687848,42.09114654235486
winter wheat,1,45.12349961542871,42.060424159637975
winter wheat,1,45.124038604599185,42.25122632598496
winter wheat,1,45.138321817616685,42.28706910582133
winter wheat,1,45.12269113167301,42.265240044417226
winter wheat,1,45.13104546381532,42.27817578450855
winter wheat,1,45.13535737717909,42.08575665065015
winter wheat,1,45.12323012084348,42.064197083831274
winter wheat,1,45.13050647464485,42.26173661480916
winter wheat,1,45.12269113167301,42.262545098564864
winter wheat,1,45.12888950713343,42.28248769787232
potato,11,45.13508788259386,42.269282463195765
winter wheat,1,45.14586766600329,42.27790628992331
potato,11,45.13535737717909,42.28060123577567
winter wheat,1,45.124038604599185,42.2552687447635
winter wheat,1,45.142633730980464,42.107855206639485
winter wheat,1,45.136704850105275,42.28464365455421
winter wheat,1,45.152874525219424,42.101656831179056
potato,11,45.14128625805428,42.27628932241189
winter wheat,1,45.12969799088914,42.260658636468214
winter wheat,1,45.1504490739523,42.13776910560066
winter wheat,1,45.1399387851281,42.08548715606491
winter wheat,1,45.144250698491874,42.10300430410524
winter wheat,1,45.13050647464485,42.08144473728637
winter wheat,1,45.142903225565696,42.13669112725972
winter wheat,1,45.11649275621258,42.07093444846217
winter wheat,1,45.117840229138764,42.07012596470646
winter wheat,1,45.149101601026125,42.09491946654816
winter wheat,1,45.136704850105275,42.28626062206562
winter wheat,1,45.136435355520035,42.285452138309914
winter wheat,1,45.12700304503678,42.263353582320576
winter wheat,1,45.142633730980464,42.28491314913944
winter wheat,1,45.12700304503678,42.27628932241189
winter wheat,1,45.130775969230086,42.269282463195765
winter wheat,1,45.128081023377725,42.264970549831986
winter wheat,1,45.152605030634184,42.101926325764296
winter wheat,1,45.1294284963039,42.252034809740664
winter wheat,1,45.14559817141806,42.107855206639485
winter wheat,1,45.128081023377725,42.086834628991085
winter wheat,1,45.12969799088914,42.277367300752836
winter wheat,1,45.13293192591197,42.266857011928636
winter wheat,1,45.144789687662346,42.08656513440585
winter wheat,1,45.14856261185565,42.10731621746901
winter wheat,1,45.13293192591197,42.281679214116615
winter wheat,1,45.12080466957636,42.06823950260981
winter wheat,1,45.142903225565696,42.26793499026958
winter wheat,1,45.15314401980466,42.099500874497174
winter wheat,1,45.136704850105275,42.12698932219123
winter wheat,1,45.13320142049721,42.27655881699713
winter wheat,1,45.14344221473617,42.107855206639485
winter wheat,1,45.12969799088914,42.2665875173434
winter wheat,1,45.12888950713343,42.08333119938302
winter wheat,1,45.13535737717909,42.08737361816156
winter wheat,1,45.1286200125482,42.264970549831986
winter wheat,1,45.15179654687848,42.097614412400524
winter wheat,1,45.124038604599185,42.25365177725208
winter wheat,1,45.134548893423386,42.264431560661514
winter wheat,1,45.140477774298574,42.0779413076783
winter wheat,1,45.138591312201925,42.287877589577036
winter wheat,1,45.117840229138764,42.254729755593026
winter wheat,1,45.13508788259386,42.274941849485714
winter wheat,1,45.12134365874683,42.262814593150104
winter wheat,1,45.13697434469051,42.1275283113617
winter wheat,1,45.14101676346905,42.28248769787232
potato,11,45.142903225565696,42.13588264350401
winter wheat,1,45.12754203420725,42.27359437655954
winter wheat,1,45.126194561281075,42.26200610939439
winter wheat,1,45.1294284963039,42.275211344070954
winter wheat,1,45.12969799088914,42.258502679786325
winter wheat,1,45.130775969230086,42.2800622466052
winter wheat,1,45.14748463351471,42.28275719245755
winter wheat,1,45.14856261185565,42.10435177703142
winter wheat,1,45.14856261185565,42.281409719531375
winter wheat,1,45.13562687176433,42.26766549568435
winter wheat,1,45.15125755770801,42.10542975537236
winter wheat,1,45.13400990425291,42.27143841987765
potato,11,45.15179654687848,42.095458455718635
winter wheat,1,45.14020827971334,42.28033174119043
winter wheat,1,45.152605030634184,42.09842289615623
winter wheat,1,45.13374040966768,42.08548715606491
winter wheat,1,45.143172720150936,42.085217661479675
winter wheat,1,45.1294284963039,42.08440917772396
winter wheat,1,45.144250698491874,42.26982145236624
winter wheat,1,45.14182524722475,42.28572163289515
winter wheat,1,45.134279398838146,42.08791260733203
winter wheat,1,45.117570734553524,42.06904798636552
winter wheat,1,45.13939979595763,42.281409719531375
winter wheat,1,45.122152142502536,42.258772174371565
winter wheat,1,45.144250698491874,42.13776910560066
winter wheat,1,45.13158445298579,42.26092813105345
winter wheat,1,45.129967485474374,42.26011964729774
winter wheat,1,45.12269113167301,42.072820910558825
winter wheat,1,45.14020827971334,42.13103174096977
winter wheat,1,45.146676149758996,42.09033805859915
winter wheat,1,45.13562687176433,42.27386387114477
winter wheat,1,45.12457759376966,42.26119762563869
winter wheat,1,45.13966929054287,42.27278589280383
winter wheat,1,45.14020827971334,42.08575665065015
winter wheat,1,45.12376911001395,42.07551585641118
winter wheat,1,45.145059182247586,42.128336795117406
winter wheat,1,45.1248470883549,42.25499925017826
winter wheat,1,45.12376911001395,42.062041127149385
winter wheat,1,45.115953767042114,42.06338860007557
winter wheat,1,45.12673355045155,42.27170791446289
winter wheat,1,45.12781152879249,42.0846786723092
winter wheat,1,45.13697434469051,42.28437415996897
winter wheat,1,45.12107416416159,42.068508997195046
winter wheat,1,45.13751333386098,42.087104123576324
winter wheat,1,45.14640665517376,42.28060123577567
winter wheat,1,45.1437117093214,42.099231379911934
winter wheat,1,45.12969799088914,42.26173661480916
winter wheat,1,45.14452019307711,42.10462127161665
winter wheat,1,45.14452019307711,42.275211344070954
winter wheat,1,45.15017957936706,42.13534365433354
winter wheat,1,45.12080466957636,42.26227560397963
winter wheat,1,45.124308099184425,42.26470105524675
winter wheat,1,45.138591312201925,42.08387018855349
winter wheat,1,45.13805232303145,42.13588264350401
winter wheat,1,45.12781152879249,42.08063625353066
winter wheat,1,45.13158445298579,42.27601982782666
winter wheat,1,45.1399387851281,42.09006856401392
winter wheat,1,45.152874525219424,42.10650773371331
winter wheat,1,45.12107416416159,42.25796369061585
winter wheat,1,45.14802362268518,42.28248769787232
winter wheat,1,45.14613716058853,42.105699249957595
winter wheat,1,45.126194561281075,42.26766549568435
winter wheat,1,45.13886080678716,42.275750333241426
winter wheat,1,45.12673355045155,42.252573798911136
winter wheat,1,45.13966929054287,42.088990585672974
winter wheat,1,45.115953767042114,42.0703954592917
winter wheat,1,45.14775412809994,42.088990585672974
winter wheat,1,45.12376911001395,42.26200610939439
winter wheat,1,45.1437117093214,42.13669112725972
potato,11,45.150718568537535,42.13830809477113
winter wheat,1,45.146945644344235,42.08252271562731
winter wheat,1,45.142903225565696,42.281679214116615
potato,11,45.14532867683282,42.07982776977496
winter wheat,1,45.14775412809994,42.107585712054245
winter wheat,1,45.14937109561136,42.27871477367902
winter wheat,1,45.12727253962202,42.26038914188298
winter wheat,1,45.132392936741496,42.26847397944005
winter wheat,1,45.14775412809994,42.08926008025821
winter wheat,1,45.1248470883549,42.265240044417226
winter wheat,1,45.13050647464485,42.269551957781
winter wheat,1,45.13050647464485,42.26389257149104
winter wheat,1,45.13589636634956,42.269551957781
winter wheat,1,45.1256555721106,42.07605484558165
winter wheat,1,45.144789687662346,42.26982145236624
winter wheat,1,45.14074726888381,42.136421632674484
winter wheat,1,45.12053517499112,42.06527506217222
winter wheat,1,45.14559817141806,42.09977036908241
winter wheat,1,45.14802362268518,42.275211344070954
winter wheat,1,45.14182524722475,42.105968744542835
winter wheat,1,45.14101676346905,42.09249401528104
winter wheat,1,45.140477774298574,42.081175242701136
winter wheat,1,45.14532867683282,42.12968426804359
winter wheat,1,45.14074726888381,42.27601982782666
winter wheat,1,45.124308099184425,42.26200610939439
winter wheat,1,45.13481838800862,42.0876431127468
winter wheat,1,45.122152142502536,42.062041127149385
winter wheat,1,45.13400990425291,42.26550953900246
winter wheat,1,45.13966929054287,42.12914527887312
winter wheat,1,45.126194561281075,42.254729755593026
winter wheat,1,45.14721513892947,42.09438047737769
winter wheat,1,45.12349961542871,42.2665875173434
winter wheat,1,45.126194561281075,42.269012968610525
winter wheat,1,45.136435355520035,42.28060123577567
winter wheat,1,45.14640665517376,42.08279221021255
winter wheat,1,45.14829311727041,42.09788390698576
winter wheat,1,45.12700304503678,42.254729755593026
winter wheat,1,45.149101601026125,42.10650773371331
winter wheat,1,45.12323012084348,42.05961567588226
winter wheat,1,45.14748463351471,42.10839419580996
winter wheat,1,45.148832106440885,42.10623823912807
winter wheat,1,45.143172720150936,42.13210971931071
winter wheat,1,45.1391303013724,42.266857011928636
winter wheat,1,45.122152142502536,42.07201242680311
winter wheat,1,45.134548893423386,42.26604852817293
winter wheat,1,45.150718568537535,42.10866369039519
winter wheat,1,45.14748463351471,42.08440917772396
winter wheat,1,45.14991008478183,42.10731621746901
winter wheat,1,45.13966929054287,42.269551957781
winter wheat,1,45.144789687662346,42.2657790335877
winter wheat,1,45.14344221473617,42.12564184926505
winter wheat,1,45.124038604599185,42.266857011928636
winter wheat,1,45.142364236395224,42.28060123577567
winter wheat,1,45.13939979595763,42.26604852817293
potato,11,45.14020827971334,42.13399618140736
winter wheat,1,45.12376911001395,42.264431560661514
winter wheat,1,45.142364236395224,42.28491314913944
winter wheat,1,45.14452019307711,42.283296181628025
winter wheat,1,45.14209474180999,42.076863329337364
potato,11,45.12646405586631,42.275480838656186
winter wheat,1,45.15206604146372,42.13830809477113
winter wheat,1,45.144789687662346,42.128336795117406
winter wheat,1,45.13158445298579,42.08360069396826
winter wheat,1,45.144250698491874,42.08063625353066
winter wheat,1,45.12754203420725,42.24772289637689
potato,11,45.15314401980466,42.09653643405958
winter wheat,1,45.143172720150936,42.269551957781
winter wheat,1,45.145059182247586,42.08548715606491
winter wheat,1,45.15233553604895,42.10866369039519
winter wheat,1,45.1391303013724,42.08413968313873
winter wheat,1,45.14640665517376,42.13965556769732
winter wheat,1,45.13131495840055,42.26793499026958
winter wheat,1,45.146676149758996,42.08791260733203
winter wheat,1,45.12538607752536,42.252034809740664
winter wheat,1,45.14532867683282,42.27170791446289
winter wheat,1,45.12269113167301,42.066083545927924
winter wheat,1,45.14613716058853,42.27386387114477
winter wheat,1,45.130775969230086,42.2560772285192
potato,11,45.1437117093214,42.27440286031524
winter wheat,1,45.12376911001395,42.26119762563869
winter wheat,1,45.130236980059614,42.263353582320576
winter wheat,1,45.14452019307711,42.27655881699713
winter wheat,1,45.14640665517376,42.097344917815285
winter wheat,1,45.12107416416159,42.252843293496376
winter wheat,1,45.11676225079782,42.06743101885411
winter wheat,1,45.1391303013724,42.08225322104208
winter wheat,1,45.12835051796296,42.24745340179166
winter wheat,1,45.13724383927574,42.28706910582133
winter wheat,1,45.15017957936706,42.136960621844956
winter wheat,1,45.131853947571024,42.269012968610525
winter wheat,1,45.140477774298574,42.13615213808925
winter wheat,1,45.12781152879249,42.248531380132604
winter wheat,1,45.14182524722475,42.12914527887312
winter wheat,1,45.14101676346905,42.12995376262882
winter wheat,1,45.138591312201925,42.27009094695147
winter wheat,1,45.152874525219424,42.10731621746901
winter wheat,1,45.12700304503678,42.270899430707175
winter wheat,1,45.124308099184425,42.076863329337364
winter wheat,1,45.150988063122774,42.10489076620189
winter wheat,1,45.12349961542871,42.2657790335877
winter wheat,1,45.144789687662346,42.28248769787232
winter wheat,1,45.1294284963039,42.263353582320576
winter wheat,1,45.119726691235414,42.0628496109051
winter wheat,1,45.12538607752536,42.25958065812727
potato,11,45.13805232303145,42.12995376262882
winter wheat,1,45.12269113167301,42.06177163256415
winter wheat,1,45.142903225565696,42.10704672288378
winter wheat,1,45.142364236395224,42.08333119938302
winter wheat,1,45.145059182247586,42.103812787860946
winter wheat,1,45.142633730980464,42.08387018855349
winter wheat,1,45.12376911001395,42.2590416689568
winter wheat,1,45.128081023377725,42.256616217689675
potato,11,45.14398120390664,42.128606289702645
winter wheat,1,45.14748463351471,42.132379213895945
winter wheat,1,45.13400990425291,42.08387018855349
winter wheat,1,45.143172720150936,42.07740231850783
winter wheat,1,45.140477774298574,42.12914527887312
winter wheat,1,45.14937109561136,42.10435177703142
winter wheat,1,45.14586766600329,42.0876431127468
winter wheat,1,45.12646405586631,42.0779413076783
winter wheat,1,45.134279398838146,42.08144473728637
winter wheat,1,45.14964059019659,42.10704672288378
winter wheat,1,45.129967485474374,42.252843293496376
winter wheat,1,45.12053517499112,42.074707372655475
winter wheat,1,45.1218826479173,42.06177163256415
winter wheat,1,45.129967485474374,42.27278589280383
winter wheat,1,45.12700304503678,42.27467235490048
winter wheat,1,45.11541477787164,42.0703954592917
winter wheat,1,45.142903225565696,42.279253762849486
winter wheat,1,45.12296062625824,42.06123264339368
winter wheat,1,45.14020827971334,42.08737361816156
winter wheat,1,45.124038604599185,42.263353582320576
winter wheat,1,45.132123442156264,42.2665875173434
winter wheat,1,45.14559817141806,42.08629563982061
winter wheat,1,45.14748463351471,42.103812787860946
winter wheat,1,45.12053517499112,42.06338860007557
winter wheat,1,45.13374040966768,42.277636795338076
winter wheat,1,45.15125755770801,42.10839419580996
winter wheat,1,45.124038604599185,42.252034809740664
winter wheat,1,45.12646405586631,42.07740231850783
winter wheat,1,45.1399387851281,42.081175242701136
winter wheat,1,45.149101601026125,42.275750333241426
winter wheat,1,45.143172720150936,42.2800622466052
winter wheat,1,45.14155575263952,42.09006856401392
winter wheat,1,45.131853947571024,42.08575665065015
winter wheat,1,45.128081023377725,42.25338228266685
winter wheat,1,45.14640665517376,42.27062993612194
winter wheat,1,45.11703174538305,42.07201242680311
winter wheat,1,45.12538607752536,42.262814593150104
winter wheat,1,45.14802362268518,42.09491946654816
winter wheat,1,45.115684272456875,42.066892029683636
winter wheat,1,45.130236980059614,42.27601982782666
winter wheat,1,45.12835051796296,42.27224690363336
winter wheat,1,45.14209474180999,42.10839419580996
winter wheat,1,45.14559817141806,42.105968744542835
winter wheat,1,45.12511658294013,42.076593834752124
winter wheat,1,45.14020827971334,42.08979906942868
winter wheat,1,45.14182524722475,42.13723011643019
potato,11,45.14101676346905,42.13534365433354
winter wheat,1,45.13724383927574,42.28679961123609
winter wheat,1,45.12269113167301,42.26604852817293
winter wheat,1,45.144789687662346,42.27467235490048
potato,11,45.14775412809994,42.270899430707175
winter wheat,1,45.12457759376966,42.27009094695147
winter wheat,1,45.12349961542871,42.262814593150104
winter wheat,1,45.12296062625824,42.06177163256415
winter wheat,1,45.146945644344235,42.13615213808925
winter wheat,1,45.146945644344235,42.083061704797785
winter wheat,1,45.119457196650174,42.068778491780286
winter wheat,1,45.1286200125482,42.25553823934873
winter wheat,1,45.120265680405886,42.07147343763264
winter wheat,1,45.13562687176433,42.28410466538374
winter wheat,1,45.142633730980464,42.08818210191727
winter wheat,1,45.12673355045155,42.26874347402529
winter wheat,1,45.13508788259386,42.085217661479675
winter wheat,1,45.12646405586631,42.26982145236624
winter wheat,1,45.14398120390664,42.28060123577567
winter wheat,1,45.146676149758996,42.27601982782666
winter wheat,1,45.12242163708777,42.2514958205702
winter wheat,1,45.143172720150936,42.10300430410524
winter wheat,1,45.150988063122774,42.13561314891878
winter wheat,1,45.13751333386098,42.27062993612194
winter wheat,1,45.134548893423386,42.27143841987765
winter wheat,1,45.14559817141806,42.10704672288378
winter wheat,1,45.140477774298574,42.26793499026958
winter wheat,1,45.13347091508244,42.27655881699713
winter wheat,1,45.14344221473617,42.27143841987765
winter wheat,1,45.140477774298574,42.266857011928636
winter wheat,1,45.13320142049721,42.26362307690581
winter wheat,1,45.1294284963039,42.279523257434725
winter wheat,1,45.13589636634956,42.283296181628025
winter wheat,1,45.124038604599185,42.256616217689675
winter wheat,1,45.142903225565696,42.097614412400524
winter wheat,1,45.12700304503678,42.2800622466052
winter wheat,1,45.12969799088914,42.27278589280383
winter wheat,1,45.148832106440885,42.08791260733203
winter wheat,1,45.14344221473617,42.08440917772396
winter wheat,1,45.15017957936706,42.10030935825288
potato,11,45.152874525219424,42.09572795030387
winter wheat,1,45.131853947571024,42.26982145236624
winter wheat,1,45.140477774298574,42.269012968610525
winter wheat,1,45.12727253962202,42.27386387114477
winter wheat,1,45.14020827971334,42.26793499026958
winter wheat,1,45.132123442156264,42.08413968313873
winter wheat,1,45.1437117093214,42.275750333241426
winter wheat,1,45.12323012084348,42.264970549831986
winter wheat,1,45.13724383927574,42.285452138309914
winter wheat,1,45.140477774298574,42.09249401528104
winter wheat,1,45.117840229138764,42.0733598997293
winter wheat,1,45.13751333386098,42.13372668682213
winter wheat,1,45.14640665517376,42.27601982782666
winter wheat,1,45.12511658294013,42.26119762563869
winter wheat,1,45.15233553604895,42.0989618853267
winter wheat,1,45.12080466957636,42.06527506217222
winter wheat,1,45.14182524722475,42.0989618853267
winter wheat,1,45.12673355045155,42.078480296848774
winter wheat,1,45.11837921830924,42.07309040514406
winter wheat,1,45.13697434469051,42.2808707303609
winter wheat,1,45.14128625805428,42.27251639821859
winter wheat,1,45.144789687662346,42.26416206607628
winter wheat,1,45.12781152879249,42.25985015271251
winter wheat,1,45.129967485474374,42.263353582320576
winter wheat,1,45.130236980059614,42.281679214116615
winter wheat,1,45.14020827971334,42.28221820328708
winter wheat,1,45.14532867683282,42.27413336573001
winter wheat,1,45.12673355045155,42.270899430707175
winter wheat,1,45.14613716058853,42.09815340157099
winter wheat,1,45.13966929054287,42.270899430707175
winter wheat,1,45.14452019307711,42.1275283113617
winter wheat,1,45.143172720150936,42.081175242701136
winter wheat,1,45.142364236395224,42.08063625353066
winter wheat,1,45.14398120390664,42.26766549568435
winter wheat,1,45.142903225565696,42.124563870924106
winter wheat,1,45.14856261185565,42.09464997196293
winter wheat,1,45.12781152879249,42.26766549568435
winter wheat,1,45.138321817616685,42.28922506250321
winter wheat,1,45.131853947571024,42.279523257434725
winter wheat,1,45.134548893423386,42.273055387389064
winter wheat,1,45.14559817141806,42.107585712054245
winter wheat,1,45.12376911001395,42.06096314880845
winter wheat,1,45.13320142049721,42.281409719531375
winter wheat,1,45.14128625805428,42.13318769765166
winter wheat,1,45.128081023377725,42.0846786723092
winter wheat,1,45.12915900171867,42.252304304325904
potato,11,45.150988063122774,42.279523257434725
winter wheat,1,45.14074726888381,42.09195502611057
winter wheat,1,45.14398120390664,42.10300430410524
winter wheat,1,45.1286200125482,42.27467235490048
winter wheat,1,45.14452019307711,42.08063625353066
winter wheat,1,45.150718568537535,42.097344917815285
winter wheat,1,45.132392936741496,42.081175242701136
winter wheat,1,45.1534135143899,42.101926325764296
winter wheat,1,45.150718568537535,42.095188961133395
winter wheat,1,45.12915900171867,42.26470105524675
winter wheat,1,45.12835051796296,42.08063625353066
potato,11,45.13589636634956,42.27979275201996
winter wheat,1,45.13050647464485,42.275480838656186
winter wheat,1,45.132392936741496,42.275211344070954
winter wheat,1,45.146676149758996,42.13588264350401
winter wheat,1,45.14209474180999,42.08387018855349
winter wheat,1,45.13374040966768,42.28114022494614
winter wheat,1,45.14128625805428,42.27871477367902
winter wheat,1,45.14182524722475,42.10489076620189
winter wheat,1,45.1256555721106,42.252034809740664
winter wheat,1,45.128081023377725,42.25392127183732
winter wheat,1,45.132392936741496,42.26038914188298
winter wheat,1,45.14721513892947,42.13830809477113
winter wheat,1,45.1294284963039,42.250417842229254
winter wheat,1,45.142633730980464,42.285452138309914
winter wheat,1,45.14155575263952,42.281679214116615
winter wheat,1,45.122152142502536,42.06150213797892
winter wheat,1,45.13697434469051,42.08360069396826
winter wheat,1,45.14829311727041,42.09438047737769
winter wheat,1,45.12538607752536,42.25122632598496
winter wheat,1,45.125925066695835,42.24987885305878
winter wheat,1,45.14101676346905,42.0876431127468
winter wheat,1,45.14182524722475,42.27682831158236
winter wheat,1,45.12242163708777,42.07120394304741
potato,11,45.15314401980466,42.10327379869047
winter wheat,1,45.13508788259386,42.0876431127468
winter wheat,1,45.13535737717909,42.2770978061676
winter wheat,1,45.1399387851281,42.08387018855349
winter wheat,1,45.12134365874683,42.066083545927924
winter wheat,1,45.14155575263952,42.09060755318439
winter wheat,1,45.14829311727041,42.093571993621985
winter wheat,1,45.128081023377725,42.26227560397963
winter wheat,1,45.12349961542871,42.263084087735336
winter wheat,1,45.13724383927574,42.12806730053217
winter wheat,1,45.12673355045155,42.0779413076783
potato,11,45.14209474180999,42.275750333241426
winter wheat,1,45.14613716058853,42.097344917815285
potato,11,45.15206604146372,42.095188961133395
winter wheat,1,45.146676149758996,42.10489076620189
winter wheat,1,45.1504490739523,42.10057885283812
winter wheat,1,45.12727253962202,42.263353582320576
winter wheat,1,45.120265680405886,42.066892029683636
winter wheat,1,45.14209474180999,42.09411098279246
winter wheat,1,45.11541477787164,42.068778491780286
winter wheat,1,45.11837921830924,42.25499925017826
winter wheat,1,45.129967485474374,42.281679214116615
winter wheat,1,45.134279398838146,42.08171423187161
winter wheat,1,45.13104546381532,42.25634672310444
winter wheat,1,45.12349961542871,42.25446026100779
winter wheat,1,45.1437117093214,42.27871477367902
winter wheat,1,45.1437117093214,42.28060123577567
winter wheat,1,45.14829311727041,42.2808707303609
winter wheat,1,45.146676149758996,42.103812787860946
winter wheat,1,45.14182524722475,42.08629563982061
winter wheat,1,45.14802362268518,42.08602614523538
winter wheat,1,45.144250698491874,42.27143841987765
winter wheat,1,45.145059182247586,42.12806730053217
winter wheat,1,45.140477774298574,42.088990585672974
winter wheat,1,45.14559817141806,42.28194870870185
winter wheat,1,45.14101676346905,42.26982145236624
winter wheat,1,45.12888950713343,42.08063625353066
winter wheat,1,45.12700304503678,42.275480838656186
winter wheat,1,45.152874525219424,42.09626693947434
potato,11,45.12727253962202,42.274941849485714
winter wheat,1,45.125925066695835,42.250417842229254
winter wheat,1,45.128081023377725,42.252843293496376
winter wheat,1,45.136704850105275,42.128336795117406
winter wheat,1,45.14398120390664,42.12348589258316
winter wheat,1,45.14829311727041,42.0989618853267
winter wheat,1,45.13104546381532,42.271168925292415
winter wheat,1,45.138321817616685,42.083061704797785
potato,11,45.14586766600329,42.27224690363336
winter wheat,1,45.150988063122774,42.103812787860946
winter wheat,1,45.129967485474374,42.277636795338076
winter wheat,1,45.12134365874683,42.07174293221788
winter wheat,1,45.14586766600329,42.097344917815285
winter wheat,1,45.12835051796296,42.26604852817293
potato,11,45.13751333386098,42.27898426826425
winter wheat,1,45.131853947571024,42.08440917772396
winter wheat,1,45.132123442156264,42.27898426826425
winter wheat,1,45.13131495840055,42.269551957781
winter wheat,1,45.118109723724,42.06581405134269
winter wheat,1,45.14344221473617,42.26793499026958
winter wheat,1,45.14721513892947,42.08279221021255
winter wheat,1,45.14775412809994,42.0846786723092
winter wheat,1,45.132392936741496,42.275750333241426
winter wheat,1,45.134548893423386,42.08198372645684
winter wheat,1,45.14209474180999,42.07605484558165
winter wheat,1,45.134548893423386,42.080905748115896
potato,11,45.13158445298579,42.27143841987765
winter wheat,1,45.12134365874683,42.25392127183732
winter wheat,1,45.124308099184425,42.26874347402529
winter wheat,1,45.132662431326736,42.26766549568435
winter wheat,1,45.145059182247586,42.093302499036746
winter wheat,1,45.117840229138764,42.06716152426887
winter wheat,1,45.1399387851281,42.08872109108774
winter wheat,1,45.14074726888381,42.26739600109911
winter wheat,1,45.14182524722475,42.10677722829854
winter wheat,1,45.11730123996829,42.07120394304741
winter wheat,1,45.145059182247586,42.27898426826425
winter wheat,1,45.1391303013724,42.080905748115896
winter wheat,1,45.13724383927574,42.086834628991085
winter wheat,1,45.14802362268518,42.132648708481184
winter wheat,1,45.146945644344235,42.12779780594694
winter wheat,1,45.12296062625824,42.26011964729774
winter wheat,1,45.12969799088914,42.281679214116615
winter wheat,1,45.14182524722475,42.07955827518972
winter wheat,1,45.142633730980464,42.09788390698576
winter wheat,1,45.12835051796296,42.08791260733203
winter wheat,1,45.14209474180999,42.10084834742335
winter wheat,1,45.14829311727041,42.27278589280383
winter wheat,1,45.13320142049721,42.27790628992331
winter wheat,1,45.15017957936706,42.101117842008584
winter wheat,1,45.14586766600329,42.0846786723092
winter wheat,1,45.1248470883549,42.27009094695147
winter wheat,1,45.13374040966768,42.27386387114477
winter wheat,1,45.12754203420725,42.263353582320576
winter wheat,1,45.128081023377725,42.27009094695147
winter wheat,1,45.14613716058853,42.0989618853267
winter wheat,1,45.132123442156264,42.28060123577567
winter wheat,1,45.1294284963039,42.26038914188298
winter wheat,1,45.1391303013724,42.26766549568435
winter wheat,1,45.118109723724,42.0703954592917
winter wheat,1,45.14344221473617,42.0771328239226
winter wheat,1,45.13104546381532,42.0846786723092
winter wheat,1,45.12700304503678,42.2514958205702
winter wheat,1,45.136435355520035,42.28572163289515
winter wheat,1,45.146676149758996,42.085217661479675
winter wheat,1,45.14128625805428,42.07982776977496
winter wheat,1,45.134279398838146,42.08413968313873
winter wheat,1,45.13751333386098,42.12941477345835
winter wheat,1,45.12296062625824,42.263084087735336
potato,11,45.12915900171867,42.2733248819743
winter wheat,1,45.146945644344235,42.139116578526846
winter wheat,1,45.14182524722475,42.10623823912807
winter wheat,1,45.14964059019659,42.13318769765166
winter wheat,1,45.12323012084348,42.264431560661514
winter wheat,1,45.124038604599185,42.06177163256415
winter wheat,1,45.148832106440885,42.27871477367902
winter wheat,1,45.12053517499112,42.060154665052735
winter wheat,1,45.134548893423386,42.26766549568435
winter wheat,1,45.14155575263952,42.26631802275817
winter wheat,1,45.1504490739523,42.13291820306642
winter wheat,1,45.13293192591197,42.087104123576324
winter wheat,1,45.13697434469051,42.132379213895945
winter wheat,1,45.1504490739523,42.101656831179056
winter wheat,1,45.1218826479173,42.07093444846217
winter wheat,1,45.14344221473617,42.26631802275817
winter wheat,1,45.14640665517376,42.08360069396826
winter wheat,1,45.14775412809994,42.10893318498043
winter wheat,1,45.12161315333206,42.062310621734625
winter wheat,1,45.142633730980464,42.27898426826425
winter wheat,1,45.14020827971334,42.26631802275817
winter wheat,1,45.13481838800862,42.08198372645684
winter wheat,1,45.11918770206494,42.074707372655475
winter wheat,1,45.149101601026125,42.28060123577567
winter wheat,1,45.12296062625824,42.26200610939439
winter wheat,1,45.14532867683282,42.13480466516307
winter wheat,1,45.12727253962202,42.27871477367902
winter wheat,1,45.14559817141806,42.136421632674484
winter wheat,1,45.1248470883549,42.270899430707175
winter wheat,1,45.12969799088914,42.08171423187161
winter wheat,1,45.14640665517376,42.13210971931071
winter wheat,1,45.13347091508244,42.26793499026958
winter wheat,1,45.13050647464485,42.26227560397963
winter wheat,1,45.14640665517376,42.12887578428788
winter wheat,1,45.138591312201925,42.28464365455421
winter wheat,1,45.1218826479173,42.263353582320576
winter wheat,1,45.145059182247586,42.28221820328708
winter wheat,1,45.148832106440885,42.08575665065015
winter wheat,1,45.12835051796296,42.25553823934873
winter wheat,1,45.13050647464485,42.28302668704279
winter wheat,1,45.11541477787164,42.0636580946608
winter wheat,1,45.12134365874683,42.07201242680311
winter wheat,1,45.149101601026125,42.132379213895945
winter wheat,1,45.134548893423386,42.277367300752836
winter wheat,1,45.138321817616685,42.12698932219123
winter wheat,1,45.142633730980464,42.08413968313873
winter wheat,1,45.14559817141806,42.13588264350401
winter wheat,1,45.125925066695835,42.264970549831986
winter wheat,1,45.14640665517376,42.084948166894435
winter wheat,1,45.1256555721106,42.250956831399726
winter wheat,1,45.145059182247586,42.275480838656186
winter wheat,1,45.15125755770801,42.10489076620189
winter wheat,1,45.12269113167301,42.07362939431453
winter wheat,1,45.13939979595763,42.28033174119043
winter wheat,1,45.14101676346905,42.086834628991085
winter wheat,1,45.13886080678716,42.274941849485714
winter wheat,1,45.1294284963039,42.08387018855349
winter wheat,1,45.14452019307711,42.08440917772396
winter wheat,1,45.146676149758996,42.2800622466052
winter wheat,1,45.1294284963039,42.08656513440585
winter wheat,1,45.13347091508244,42.262545098564864
winter wheat,1,45.13347091508244,42.08387018855349
winter wheat,1,45.124038604599185,42.26550953900246
winter wheat,1,45.130236980059614,42.269282463195765
winter wheat,1,45.13724383927574,42.275750333241426
winter wheat,1,45.145059182247586,42.0922245206958
winter wheat,1,45.12835051796296,42.27601982782666
winter wheat,1,45.120265680405886,42.06177163256415
winter wheat,1,45.13697434469051,42.08602614523538
winter wheat,1,45.14586766600329,42.08413968313873
winter wheat,1,45.150988063122774,42.10650773371331
potato,11,45.14586766600329,42.26604852817293
winter wheat,1,45.12673355045155,42.25365177725208
winter wheat,1,45.14128625805428,42.124563870924106
winter wheat,1,45.1399387851281,42.281679214116615
winter wheat,1,45.142903225565696,42.076593834752124
winter wheat,1,45.142903225565696,42.128336795117406
winter wheat,1,45.15233553604895,42.10273480952
winter wheat,1,45.13535737717909,42.08818210191727
winter wheat,1,45.14452019307711,42.28437415996897
winter wheat,1,45.12673355045155,42.27278589280383
winter wheat,1,45.14721513892947,42.0876431127468
winter wheat,1,45.122152142502536,42.07228192138835
winter wheat,1,45.142633730980464,42.271168925292415
winter wheat,1,45.12457759376966,42.2657790335877
winter wheat,1,45.12511658294013,42.25958065812727
winter wheat,1,45.13131495840055,42.27143841987765
winter wheat,1,45.14209474180999,42.107585712054245
winter wheat,1,45.13939979595763,42.2733248819743
winter wheat,1,45.142364236395224,42.07767181309307
winter wheat,1,45.129967485474374,42.28410466538374
winter wheat,1,45.11622326162735,42.07093444846217
winter wheat,1,45.13939979595763,42.28653011665086
potato,11,45.14128625805428,42.095458455718635
winter wheat,1,45.14802362268518,42.12995376262882
potato,11,45.13778282844621,42.12887578428788
winter wheat,1,45.1286200125482,42.081175242701136
winter wheat,1,45.129967485474374,42.25446026100779
winter wheat,1,45.12646405586631,42.26470105524675
winter wheat,1,45.134279398838146,42.27440286031524
winter wheat,1,45.14155575263952,42.28302668704279
winter wheat,1,45.134279398838146,42.27009094695147
winter wheat,1,45.14856261185565,42.09788390698576
winter wheat,1,45.14586766600329,42.12995376262882
winter wheat,1,45.124038604599185,42.264970549831986
winter wheat,1,45.12646405586631,42.26011964729774
winter wheat,1,45.14398120390664,42.1094721741509
winter wheat,1,45.12781152879249,42.2665875173434
winter wheat,1,45.130236980059614,42.25715520686015
winter wheat,1,45.13886080678716,42.26793499026958
winter wheat,1,45.14829311727041,42.2733248819743
winter wheat,1,45.1143367995307,42.06770051343934
potato,11,45.14640665517376,42.126719827605996
winter wheat,1,45.14452019307711,42.26550953900246
winter wheat,1,45.148832106440885,42.09303300445151
winter wheat,1,45.12888950713343,42.256885712274915
winter wheat,1,45.13508788259386,42.27009094695147
winter wheat,1,45.119457196650174,42.06527506217222
winter wheat,1,45.148832106440885,42.09384148820722
winter wheat,1,45.148832106440885,42.10408228244618
winter wheat,1,45.14532867683282,42.270899430707175
winter wheat,1,45.125925066695835,42.24907036930307
winter wheat,1,45.134279398838146,42.275211344070954
winter wheat,1,45.12754203420725,42.26766549568435
winter wheat,1,45.12835051796296,42.2514958205702
winter wheat,1,45.130775969230086,42.27628932241189
winter wheat,1,45.13535737717909,42.266857011928636
winter wheat,1,45.13508788259386,42.277636795338076
potato,11,45.14182524722475,42.275211344070954
winter wheat,1,45.15152705229325,42.13534365433354
winter wheat,1,45.120265680405886,42.25796369061585
winter wheat,1,45.13751333386098,42.12779780594694
winter wheat,1,45.124038604599185,42.26982145236624
winter wheat,1,45.124038604599185,42.27224690363336
winter wheat,1,45.1151452832864,42.066892029683636
winter wheat,1,45.134548893423386,42.27224690363336
winter wheat,1,45.149101601026125,42.10839419580996
winter wheat,1,45.14964059019659,42.27898426826425
winter wheat,1,45.145059182247586,42.130492751799295
winter wheat,1,45.14613716058853,42.095458455718635
winter wheat,1,45.14344221473617,42.093571993621985
winter wheat,1,45.1437117093214,42.269551957781
winter wheat,1,45.1391303013724,42.269282463195765
winter wheat,1,45.13104546381532,42.281409719531375
winter wheat,1,45.14802362268518,42.08413968313873
winter wheat,1,45.14398120390664,42.08656513440585
winter wheat,1,45.14775412809994,42.09842289615623
winter wheat,1,45.12511658294013,42.27467235490048
winter wheat,1,45.14532867683282,42.10516026078712
winter wheat,1,45.146945644344235,42.08979906942868
winter wheat,1,45.13293192591197,42.27170791446289
winter wheat,1,45.138321817616685,42.285182643724674
winter wheat,1,45.14640665517376,42.27467235490048
winter wheat,1,45.130775969230086,42.08360069396826
winter wheat,1,45.14344221473617,42.2733248819743
potato,11,45.13939979595763,42.12537235467981
potato,11,45.14398120390664,42.095458455718635
winter wheat,1,45.142903225565696,42.10300430410524
winter wheat,1,45.11676225079782,42.06716152426887
winter wheat,1,45.12754203420725,42.2552687447635
winter wheat,1,45.144789687662346,42.095188961133395
winter wheat,1,45.14344221473617,42.10893318498043
winter wheat,1,45.15179654687848,42.10920267956566
winter wheat,1,45.12835051796296,42.281679214116615
winter wheat,1,45.15314401980466,42.09707542323005
winter wheat,1,45.12511658294013,42.270899430707175
winter wheat,1,45.12727253962202,42.085217661479675
winter wheat,1,45.14128625805428,42.13749961101543
winter wheat,1,45.119457196650174,42.25769419603062
winter wheat,1,45.126194561281075,42.256885712274915
winter wheat,1,45.14074726888381,42.08252271562731
winter wheat,1,45.13104546381532,42.08548715606491
winter wheat,1,45.143172720150936,42.10866369039519
winter wheat,1,45.14155575263952,42.13399618140736
winter wheat,1,45.14613716058853,42.10462127161665
winter wheat,1,45.13724383927574,42.08387018855349
winter wheat,1,45.1391303013724,42.08387018855349
winter wheat,1,45.12835051796296,42.08548715606491
winter wheat,1,45.14829311727041,42.27251639821859
winter wheat,1,45.14182524722475,42.089529574843446
potato,11,45.14613716058853,42.08063625353066
winter wheat,1,45.119996185820646,42.06258011631986
winter wheat,1,45.14937109561136,42.10866369039519
winter wheat,1,45.12888950713343,42.26631802275817
winter wheat,1,45.1361658609348,42.277367300752836
winter wheat,1,45.142364236395224,42.26820448485482
winter wheat,1,45.14344221473617,42.273055387389064
winter wheat,1,45.149101601026125,42.101656831179056
winter wheat,1,45.119457196650174,42.066622535098396
winter wheat,1,45.1286200125482,42.2703604415367
winter wheat,1,45.11891820747971,42.068508997195046
winter wheat,1,45.1294284963039,42.27009094695147
potato,11,45.1294284963039,42.273055387389064
winter wheat,1,45.1437117093214,42.28275719245755
winter wheat,1,45.142364236395224,42.12348589258316
winter wheat,1,45.130775969230086,42.2770978061676
winter wheat,1,45.134279398838146,42.26550953900246
winter wheat,1,45.15017957936706,42.10489076620189
winter wheat,1,45.142633730980464,42.079019286019246
winter wheat,1,45.14398120390664,42.2733248819743
winter wheat,1,45.11730123996829,42.07012596470646
winter wheat,1,45.122152142502536,42.252573798911136
winter wheat,1,45.14532867683282,42.130492751799295
winter wheat,1,45.12727253962202,42.267126506513875
winter wheat,1,45.14613716058853,42.27979275201996
winter wheat,1,45.13562687176433,42.27197740904812
winter wheat,1,45.12888950713343,42.25499925017826
winter wheat,1,45.12538607752536,42.269012968610525
winter wheat,1,45.124308099184425,42.269282463195765
winter wheat,1,45.12376911001395,42.271168925292415
winter wheat,1,45.146945644344235,42.101656831179056
winter wheat,1,45.14991008478183,42.10920267956566
winter wheat,1,45.150988063122774,42.10300430410524
winter wheat,1,45.1504490739523,42.08791260733203
winter wheat,1,45.119996185820646,42.06743101885411
winter wheat,1,45.12134365874683,42.0636580946608
winter wheat,1,45.1248470883549,42.2703604415367
winter wheat,1,45.12969799088914,42.27628932241189
winter wheat,1,45.126194561281075,42.26793499026958
winter wheat,1,45.14532867683282,42.138847083941606
winter wheat,1,45.14856261185565,42.09438047737769
winter wheat,1,45.14128625805428,42.07821080226354
winter wheat,1,45.13886080678716,42.2808707303609
winter wheat,1,45.13697434469051,42.27170791446289
winter wheat,1,45.142364236395224,42.283296181628025
winter wheat,1,45.12538607752536,42.26200610939439
winter wheat,1,45.14128625805428,42.08737361816156
winter wheat,1,45.14209474180999,42.266857011928636
winter wheat,1,45.142633730980464,42.09572795030387
winter wheat,1,45.12376911001395,42.06392758924604
winter wheat,1,45.14586766600329,42.09303300445151
potato,11,45.14586766600329,42.10327379869047
winter wheat,1,45.14937109561136,42.281409719531375
winter wheat,1,45.120265680405886,42.25365177725208
winter wheat,1,45.12349961542871,42.269282463195765
winter wheat,1,45.14775412809994,42.09815340157099
winter wheat,1,45.14991008478183,42.09653643405958
winter wheat,1,45.13104546381532,42.08252271562731
winter wheat,1,45.14721513892947,42.28248769787232
winter wheat,1,45.142903225565696,42.10435177703142
winter wheat,1,45.15206604146372,42.13588264350401
winter wheat,1,45.11541477787164,42.06500556758698
winter wheat,1,45.132392936741496,42.26119762563869
winter wheat,1,45.12269113167301,42.25365177725208
winter wheat,1,45.14613716058853,42.09060755318439
winter wheat,1,45.14721513892947,42.28060123577567
winter wheat,1,45.124308099184425,42.27143841987765
winter wheat,1,45.14128625805428,42.08791260733203
winter wheat,1,45.13939979595763,42.13723011643019
winter wheat,1,45.14182524722475,42.10300430410524
winter wheat,1,45.142364236395224,42.270899430707175
winter wheat,1,45.13131495840055,42.277367300752836
potato,11,45.13535737717909,42.28033174119043
winter wheat,1,45.14856261185565,42.10704672288378
winter wheat,1,45.117840229138764,42.064197083831274
winter wheat,1,45.134548893423386,42.0846786723092
potato,11,45.113797810360225,42.06716152426887
winter wheat,1,45.146676149758996,42.27278589280383
winter wheat,1,45.1391303013724,42.12941477345835
potato,11,45.12915900171867,42.08818210191727
winter wheat,1,45.12457759376966,42.252304304325904
winter wheat,1,45.12835051796296,42.28060123577567
winter wheat,1,45.13158445298579,42.25715520686015
winter wheat,1,45.1286200125482,42.273055387389064
winter wheat,1,45.119726691235414,42.2560772285192
winter wheat,1,45.12754203420725,42.250417842229254
winter wheat,1,45.13966929054287,42.26982145236624
winter wheat,1,45.12754203420725,42.27844527909378
winter wheat,1,45.14155575263952,42.09626693947434
winter wheat,1,45.14532867683282,42.08279221021255
winter wheat,1,45.14398120390664,42.10812470122472
winter wheat,1,45.15125755770801,42.093302499036746
winter wheat,1,45.13050647464485,42.27682831158236
winter wheat,1,45.15125755770801,42.10273480952
winter wheat,1,45.115953767042114,42.06770051343934
winter wheat,1,45.130236980059614,42.08144473728637
winter wheat,1,45.132392936741496,42.26766549568435
winter wheat,1,45.11918770206494,42.25769419603062
winter wheat,1,45.1248470883549,42.269551957781
winter wheat,1,45.120265680405886,42.07093444846217
winter wheat,1,45.138591312201925,42.26847397944005
winter wheat,1,45.12646405586631,42.26038914188298
winter wheat,1,45.128081023377725,42.28033174119043
winter wheat,1,45.13562687176433,42.27601982782666
winter wheat,1,45.13535737717909,42.27278589280383
winter wheat,1,45.14020827971334,42.08360069396826
winter wheat,1,45.144250698491874,42.283296181628025
winter wheat,1,45.12349961542871,42.2590416689568
winter wheat,1,45.12269113167301,42.25931116354204
winter wheat,1,45.13320142049721,42.08440917772396
winter wheat,1,45.134279398838146,42.27143841987765
winter wheat,1,45.1399387851281,42.275480838656186
winter wheat,1,45.14398120390664,42.10408228244618
winter wheat,1,45.146945644344235,42.27979275201996
winter wheat,1,45.14155575263952,42.26847397944005
winter wheat,1,45.148832106440885,42.27413336573001
winter wheat,1,45.12646405586631,42.250148347644014
winter wheat,1,45.11676225079782,42.07012596470646
winter wheat,1,45.12727253962202,42.279253762849486
winter wheat,1,45.13589636634956,42.269282463195765
winter wheat,1,45.14398120390664,42.10246531493477
winter wheat,1,45.14074726888381,42.12510286009458
winter wheat,1,45.14182524722475,42.08548715606491
winter wheat,1,45.134279398838146,42.27197740904812
potato,11,45.14074726888381,42.12779780594694
winter wheat,1,45.12511658294013,42.254729755593026
potato,11,45.14344221473617,42.27467235490048
winter wheat,1,45.144250698491874,42.09815340157099
winter wheat,1,45.15179654687848,42.138847083941606
potato,11,45.14964059019659,42.10327379869047
potato,11,45.14020827971334,42.134265675992594
winter wheat,1,45.132662431326736,42.08360069396826
winter wheat,1,45.144789687662346,42.12941477345835
winter wheat,1,45.142903225565696,42.12618083843552
winter wheat,1,45.14155575263952,42.27628932241189
winter wheat,1,45.13293192591197,42.269282463195765
winter wheat,1,45.145059182247586,42.08629563982061
winter wheat,1,45.142364236395224,42.10489076620189
winter wheat,1,45.146945644344235,42.130762246384535
winter wheat,1,45.1286200125482,42.08629563982061
winter wheat,1,45.13481838800862,42.2657790335877
winter wheat,1,45.13293192591197,42.27197740904812
potato,11,45.13939979595763,42.13480466516307
winter wheat,1,45.142364236395224,42.08548715606491
winter wheat,1,45.142903225565696,42.09977036908241
winter wheat,1,45.11864871289447,42.25769419603062
winter wheat,1,45.14020827971334,42.132648708481184
winter wheat,1,45.14344221473617,42.08171423187161
winter wheat,1,45.14937109561136,42.10462127161665
winter wheat,1,45.128081023377725,42.25823318520109
winter wheat,1,45.12107416416159,42.25931116354204
potato,11,45.144789687662346,42.10327379869047
winter wheat,1,45.150718568537535,42.093302499036746
winter wheat,1,45.12349961542871,42.25796369061585
winter wheat,1,45.144250698491874,42.279253762849486
winter wheat,1,45.12134365874683,42.07228192138835
winter wheat,1,45.1437117093214,42.13291820306642
winter wheat,1,45.142633730980464,42.101926325764296
winter wheat,1,45.142903225565696,42.2657790335877
winter wheat,1,45.13805232303145,42.28033174119043
winter wheat,1,45.13320142049721,42.08144473728637
winter wheat,1,45.14559817141806,42.10408228244618
winter wheat,1,45.14856261185565,42.13938607311208
winter wheat,1,45.14937109561136,42.10704672288378
winter wheat,1,45.14182524722475,42.08144473728637
winter wheat,1,45.142903225565696,42.0771328239226
winter wheat,1,45.13589636634956,42.27009094695147
winter wheat,1,45.14398120390664,42.087104123576324
winter wheat,1,45.14856261185565,42.13157073014024
winter wheat,1,45.13104546381532,42.26038914188298
winter wheat,1,45.13508788259386,42.26793499026958
winter wheat,1,45.142903225565696,42.09599744488911
winter wheat,1,45.14182524722475,42.12725881677647
winter wheat,1,45.128081023377725,42.26847397944005
winter wheat,1,45.14398120390664,42.2703604415367
winter wheat,1,45.14182524722475,42.101926325764296
winter wheat,1,45.14182524722475,42.12348589258316
winter wheat,1,45.1256555721106,42.25499925017826
winter wheat,1,45.132662431326736,42.08575665065015
winter wheat,1,45.14020827971334,42.2657790335877
winter wheat,1,45.14586766600329,42.28248769787232
winter wheat,1,45.1361658609348,42.08575665065015
winter wheat,1,45.14964059019659,42.097614412400524
winter wheat,1,45.14748463351471,42.09707542323005
winter wheat,1,45.11891820747971,42.066353040513164
winter wheat,1,45.142903225565696,42.10408228244618
winter wheat,1,45.13158445298579,42.25931116354204
winter wheat,1,45.130775969230086,42.25634672310444
winter wheat,1,45.124038604599185,42.252304304325904
winter wheat,1,45.117840229138764,42.06770051343934
winter wheat,1,45.13374040966768,42.08791260733203
winter wheat,1,45.1399387851281,42.13103174096977
winter wheat,1,45.1286200125482,42.262545098564864
winter wheat,1,45.14559817141806,42.08440917772396
potato,11,45.143172720150936,42.13507415974831
winter wheat,1,45.12296062625824,42.250956831399726
winter wheat,1,45.14613716058853,42.13830809477113
winter wheat,1,45.146945644344235,42.26874347402529
potato,11,45.146676149758996,42.08171423187161
winter wheat,1,45.14182524722475,42.09626693947434
winter wheat,1,45.1256555721106,42.277367300752836
winter wheat,1,45.142364236395224,42.10030935825288
winter wheat,1,45.1504490739523,42.0922245206958
winter wheat,1,45.14209474180999,42.095188961133395
potato,11,45.134548893423386,42.08818210191727
winter wheat,1,45.12053517499112,42.2560772285192
winter wheat,1,45.134279398838146,42.28275719245755
winter wheat,1,45.140477774298574,42.09033805859915
winter wheat,1,45.142633730980464,42.080905748115896
winter wheat,1,45.14937109561136,42.09869239074146
winter wheat,1,45.11837921830924,42.07012596470646
winter wheat,1,45.144250698491874,42.1094721741509
winter wheat,1,45.12107416416159,42.072820910558825
winter wheat,1,45.1256555721106,42.27197740904812
winter wheat,1,45.14937109561136,42.09195502611057
winter wheat,1,45.144789687662346,42.2665875173434
winter wheat,1,45.126194561281075,42.27170791446289
winter wheat,1,45.148832106440885,42.086834628991085
winter wheat,1,45.12888950713343,42.2657790335877
winter wheat,1,45.14748463351471,42.107855206639485
winter wheat,1,45.12915900171867,42.27898426826425
winter wheat,1,45.142633730980464,42.07955827518972
winter wheat,1,45.1391303013724,42.26631802275817
winter wheat,1,45.12107416416159,42.06123264339368
winter wheat,1,45.12511658294013,42.25715520686015
winter wheat,1,45.14398120390664,42.10677722829854
winter wheat,1,45.1294284963039,42.252304304325904
winter wheat,1,45.150718568537535,42.09033805859915
winter wheat,1,45.13481838800862,42.27359437655954
winter wheat,1,45.150718568537535,42.10084834742335
winter wheat,1,45.13697434469051,42.275480838656186
winter wheat,1,45.13724383927574,42.277636795338076
winter wheat,1,45.15206604146372,42.10893318498043
winter wheat,1,45.12242163708777,42.06258011631986
winter wheat,1,45.14802362268518,42.13291820306642
winter wheat,1,45.14182524722475,42.12698932219123
winter wheat,1,45.13778282844621,42.0846786723092
winter wheat,1,45.11864871289447,42.07309040514406
winter wheat,1,45.14586766600329,42.10812470122472
winter wheat,1,45.11649275621258,42.0636580946608
winter wheat,1,45.1437117093214,42.079288780604486
winter wheat,1,45.14074726888381,42.27871477367902
winter wheat,1,45.13508788259386,42.277367300752836
winter wheat,1,45.14829311727041,42.08602614523538
winter wheat,1,45.13966929054287,42.132379213895945
potato,11,45.142903225565696,42.27467235490048
winter wheat,1,45.143172720150936,42.107585712054245
winter wheat,1,45.136704850105275,42.27467235490048
winter wheat,1,45.149101601026125,42.275211344070954
winter wheat,1,45.12969799088914,42.277636795338076
winter wheat,1,45.132392936741496,42.269551957781
winter wheat,1,45.1294284963039,42.08333119938302
winter wheat,1,45.15233553604895,42.10030935825288
winter wheat,1,45.14128625805428,42.08979906942868
winter wheat,1,45.13050647464485,42.256885712274915
winter wheat,1,45.13697434469051,42.269012968610525
winter wheat,1,45.14398120390664,42.13615213808925
winter wheat,1,45.14586766600329,42.2770978061676
winter wheat,1,45.14128625805428,42.13345719223689
winter wheat,1,45.14640665517376,42.13669112725972
winter wheat,1,45.146676149758996,42.09303300445151
winter wheat,1,45.142903225565696,42.103812787860946
potato,11,45.14559817141806,42.13992506228255
winter wheat,1,45.14182524722475,42.09276350986627
winter wheat,1,45.14613716058853,42.08791260733203
winter wheat,1,45.128081023377725,42.08629563982061
winter wheat,1,45.14344221473617,42.091685531525336
potato,11,45.14074726888381,42.08009726436019
winter wheat,1,45.13347091508244,42.266857011928636
winter wheat,1,45.117570734553524,42.06581405134269
winter wheat,1,45.14182524722475,42.27655881699713
winter wheat,1,45.13508788259386,42.275480838656186
winter wheat,1,45.132392936741496,42.2800622466052
winter wheat,1,45.12835051796296,42.248531380132604
winter wheat,1,45.12888950713343,42.27386387114477
potato,11,45.142364236395224,42.26389257149104
winter wheat,1,45.12296062625824,42.27009094695147
winter wheat,1,45.144250698491874,42.12348589258316
winter wheat,1,45.14586766600329,42.267126506513875
winter wheat,1,45.1391303013724,42.08440917772396
winter wheat,1,45.15017957936706,42.09464997196293
winter wheat,1,45.12727253962202,42.25634672310444
winter wheat,1,45.12781152879249,42.28060123577567
winter wheat,1,45.144250698491874,42.26389257149104
winter wheat,1,45.119726691235414,42.2552687447635
winter wheat,1,45.144789687662346,42.07982776977496
winter wheat,1,45.14128625805428,42.12725881677647
potato,11,45.136435355520035,42.080366758945424
winter wheat,1,45.12296062625824,42.2560772285192
winter wheat,1,45.1361658609348,42.275211344070954
winter wheat,1,45.14559817141806,42.27898426826425
winter wheat,1,45.13805232303145,42.13399618140736
winter wheat,1,45.12915900171867,42.269012968610525
winter wheat,1,45.14074726888381,42.093571993621985
winter wheat,1,45.142364236395224,42.09464997196293
winter wheat,1,45.13778282844621,42.26847397944005
winter wheat,1,45.144250698491874,42.10542975537236
winter wheat,1,45.14586766600329,42.10354329327571
winter wheat,1,45.12727253962202,42.26820448485482
winter wheat,1,45.13724383927574,42.08548715606491
winter wheat,1,45.124308099184425,42.25553823934873
winter wheat,1,45.14155575263952,42.13291820306642
winter wheat,1,45.143172720150936,42.27790628992331
winter wheat,1,45.142364236395224,42.26416206607628
winter wheat,1,45.12781152879249,42.26470105524675
winter wheat,1,45.146945644344235,42.13938607311208
winter wheat,1,45.12888950713343,42.25958065812727
winter wheat,1,45.14586766600329,42.27413336573001
winter wheat,1,45.144250698491874,42.08279221021255
winter wheat,1,45.14775412809994,42.09195502611057
potato,11,45.142364236395224,42.12941477345835
winter wheat,1,45.14074726888381,42.27898426826425
winter wheat,1,45.1437117093214,42.27224690363336
winter wheat,1,45.130775969230086,42.25769419603062
winter wheat,1,45.13158445298579,42.258502679786325
winter wheat,1,45.13481838800862,42.264970549831986
winter wheat,1,45.136704850105275,42.27251639821859
winter wheat,1,45.142903225565696,42.285182643724674
winter wheat,1,45.14559817141806,42.10516026078712
winter wheat,1,45.13374040966768,42.270899430707175
potato,11,45.14829311727041,42.13534365433354
winter wheat,1,45.132392936741496,42.26200610939439
winter wheat,1,45.12754203420725,42.25931116354204
winter wheat,1,45.14721513892947,42.27440286031524
winter wheat,1,45.138321817616685,42.269282463195765
winter wheat,1,45.14452019307711,42.08225322104208
winter wheat,1,45.14856261185565,42.090877047769624
winter wheat,1,45.149101601026125,42.277367300752836
winter wheat,1,45.1294284963039,42.27170791446289
winter wheat,1,45.14182524722475,42.09006856401392
winter wheat,1,45.13886080678716,42.266857011928636
winter wheat,1,45.14991008478183,42.28060123577567
winter wheat,1,45.128081023377725,42.26200610939439
winter wheat,1,45.138591312201925,42.13480466516307
winter wheat,1,45.14209474180999,42.081175242701136
winter wheat,1,45.14613716058853,42.26847397944005
winter wheat,1,45.150988063122774,42.09060755318439
winter wheat,1,45.143172720150936,42.2733248819743
winter wheat,1,45.12242163708777,42.064197083831274
winter wheat,1,45.14155575263952,42.09599744488911
winter wheat,1,45.14559817141806,42.269282463195765
winter wheat,1,45.144250698491874,42.09411098279246
winter wheat,1,45.12888950713343,42.2838351707985
winter wheat,1,45.152605030634184,42.09653643405958
winter wheat,1,45.12646405586631,42.24960935847354
winter wheat,1,45.14182524722475,42.126450333020756
winter wheat,1,45.14155575263952,42.28653011665086
winter wheat,1,45.14182524722475,42.08872109108774
winter wheat,1,45.12915900171867,42.0876431127468
winter wheat,1,45.14074726888381,42.26982145236624
winter wheat,1,45.132662431326736,42.269551957781
winter wheat,1,45.14721513892947,42.085217661479675
winter wheat,1,45.14964059019659,42.13561314891878
winter wheat,1,45.1504490739523,42.099231379911934
winter wheat,1,45.12269113167301,42.26200610939439
winter wheat,1,45.14991008478183,42.097614412400524
winter wheat,1,45.14937109561136,42.10489076620189
winter wheat,1,45.125925066695835,42.25553823934873
winter wheat,1,45.14532867683282,42.08979906942868
winter wheat,1,45.124308099184425,42.26173661480916
winter wheat,1,45.119726691235414,42.067970008024574
winter wheat,1,45.1151452832864,42.06581405134269
winter wheat,1,45.13939979595763,42.08252271562731
winter wheat,1,45.14613716058853,42.08144473728637
winter wheat,1,45.13562687176433,42.281409719531375
winter wheat,1,45.124308099184425,42.27197740904812
winter wheat,1,45.14209474180999,42.26820448485482
winter wheat,1,45.1294284963039,42.26739600109911
winter wheat,1,45.15125755770801,42.09411098279246
winter wheat,1,45.14613716058853,42.10354329327571
winter wheat,1,45.138321817616685,42.2703604415367
winter wheat,1,45.138321817616685,42.27467235490048
winter wheat,1,45.15017957936706,42.10704672288378
winter wheat,1,45.13131495840055,42.271168925292415
winter wheat,1,45.142364236395224,42.27197740904812
winter wheat,1,45.142903225565696,42.10893318498043
winter wheat,1,45.12161315333206,42.25499925017826
winter wheat,1,45.14856261185565,42.08629563982061
winter wheat,1,45.140477774298574,42.08360069396826
winter wheat,1,45.11703174538305,42.07228192138835
winter wheat,1,45.14128625805428,42.26550953900246
winter wheat,1,45.14398120390664,42.28114022494614
winter wheat,1,45.134548893423386,42.28275719245755
winter wheat,1,45.15314401980466,42.10812470122472
winter wheat,1,45.14721513892947,42.2808707303609
winter wheat,1,45.136435355520035,42.08387018855349
winter wheat,1,45.12242163708777,42.07362939431453
winter wheat,1,45.146945644344235,42.27386387114477
winter wheat,1,45.142364236395224,42.13345719223689
winter wheat,1,45.13320142049721,42.27143841987765
winter wheat,1,45.12700304503678,42.248261885547365
winter wheat,1,45.13697434469051,42.2770978061676
winter wheat,1,45.14613716058853,42.27628932241189
winter wheat,1,45.14155575263952,42.2800622466052
winter wheat,1,45.129967485474374,42.08063625353066
winter wheat,1,45.13778282844621,42.08252271562731
winter wheat,1,45.12673355045155,42.254729755593026
winter wheat,1,45.12053517499112,42.072820910558825
winter wheat,1,45.130236980059614,42.26416206607628
winter wheat,1,45.140477774298574,42.13588264350401
winter wheat,1,45.14748463351471,42.09276350986627
winter wheat,1,45.12376911001395,42.269551957781
winter wheat,1,45.14856261185565,42.09680592864481
winter wheat,1,45.13939979595763,42.13022325721406
winter wheat,1,45.14020827971334,42.12779780594694
winter wheat,1,45.12915900171867,42.08279221021255
winter wheat,1,45.1256555721106,42.27359437655954
winter wheat,1,45.140477774298574,42.13318769765166
winter wheat,1,45.140477774298574,42.27979275201996
winter wheat,1,45.14532867683282,42.26982145236624
winter wheat,1,45.130775969230086,42.08387018855349
winter wheat,1,45.15152705229325,42.10354329327571
winter wheat,1,45.14775412809994,42.10866369039519
winter wheat,1,45.14209474180999,42.103812787860946
winter wheat,1,45.132392936741496,42.265240044417226
winter wheat,1,45.14020827971334,42.12806730053217
winter wheat,1,45.119996185820646,42.0636580946608
winter wheat,1,45.14452019307711,42.275750333241426
winter wheat,1,45.14155575263952,42.26793499026958
winter wheat,1,45.14344221473617,42.27170791446289
winter wheat,1,45.144250698491874,42.07955827518972
winter wheat,1,45.12781152879249,42.08575665065015
winter wheat,1,45.13886080678716,42.281409719531375
potato,11,45.1391303013724,42.080366758945424
winter wheat,1,45.12673355045155,42.269551957781
winter wheat,1,45.13158445298579,42.084948166894435
winter wheat,1,45.12511658294013,42.25553823934873
winter wheat,1,45.136435355520035,42.085217661479675
winter wheat,1,45.144789687662346,42.27224690363336
winter wheat,1,45.13158445298579,42.26146712022392
winter wheat,1,45.14775412809994,42.09411098279246
winter wheat,1,45.15233553604895,42.093571993621985
winter wheat,1,45.13886080678716,42.2703604415367
winter wheat,1,45.13400990425291,42.08791260733203
winter wheat,1,45.15206604146372,42.101656831179056
winter wheat,1,45.12134365874683,42.060154665052735
winter wheat,1,45.134548893423386,42.08171423187161
winter wheat,1,45.12269113167301,42.0628496109051
winter wheat,1,45.146945644344235,42.2703604415367
winter wheat,1,45.1399387851281,42.13291820306642
winter wheat,1,45.11649275621258,42.06823950260981
winter wheat,1,45.13320142049721,42.28033174119043
winter wheat,1,45.1504490739523,42.132379213895945
winter wheat,1,45.119726691235414,42.07309040514406
winter wheat,1,45.14532867683282,42.28302668704279
winter wheat,1,45.14344221473617,42.26604852817293
winter wheat,1,45.1218826479173,42.25419076642255
winter wheat,1,45.14748463351471,42.09384148820722
winter wheat,1,45.132392936741496,42.27844527909378
winter wheat,1,45.145059182247586,42.10084834742335
winter wheat,1,45.14721513892947,42.105699249957595
winter wheat,1,45.144789687662346,42.10273480952
winter wheat,1,45.1286200125482,42.250148347644014
winter wheat,1,45.1294284963039,42.25446026100779
winter wheat,1,45.13778282844621,42.27467235490048
winter wheat,1,45.12915900171867,42.263084087735336
winter wheat,1,45.129967485474374,42.258502679786325
winter wheat,1,45.12915900171867,42.25446026100779
winter wheat,1,45.11918770206494,42.25365177725208
winter wheat,1,45.14452019307711,42.09249401528104
winter wheat,1,45.13508788259386,42.26766549568435
winter wheat,1,45.13751333386098,42.27467235490048
winter wheat,1,45.12296062625824,42.07497686724071
winter wheat,1,45.13535737717909,42.2733248819743
winter wheat,1,45.14101676346905,42.281679214116615
winter wheat,1,45.142903225565696,42.28491314913944
winter wheat,1,45.14829311727041,42.097614412400524
winter wheat,1,45.1294284963039,42.275750333241426
winter wheat,1,45.13374040966768,42.08656513440585
winter wheat,1,45.13508788259386,42.283565676213264
winter wheat,1,45.13293192591197,42.2665875173434
winter wheat,1,45.14074726888381,42.13022325721406
winter wheat,1,45.12646405586631,42.252573798911136
winter wheat,1,45.12161315333206,42.0598851704675
winter wheat,1,45.126194561281075,42.26604852817293
winter wheat,1,45.15152705229325,42.09977036908241
winter wheat,1,45.13293192591197,42.267126506513875
winter wheat,1,45.138321817616685,42.125911343850284
winter wheat,1,45.14020827971334,42.26739600109911
winter wheat,1,45.12242163708777,42.05934618129703
winter wheat,1,45.12296062625824,42.2590416689568
winter wheat,1,45.12915900171867,42.26874347402529
winter wheat,1,45.122152142502536,42.26766549568435
winter wheat,1,45.117570734553524,42.06770051343934
winter wheat,1,45.15125755770801,42.101117842008584
winter wheat,1,45.12296062625824,42.26092813105345
winter wheat,1,45.138321817616685,42.27682831158236
winter wheat,1,45.13293192591197,42.262545098564864
winter wheat,1,45.11649275621258,42.06338860007557
winter wheat,1,45.12673355045155,42.25796369061585
winter wheat,1,45.1361658609348,42.08791260733203
winter wheat,1,45.1437117093214,42.090877047769624
winter wheat,1,45.14991008478183,42.09384148820722
winter wheat,1,45.136435355520035,42.285991127480386
winter wheat,1,45.140477774298574,42.08602614523538
winter wheat,1,45.14074726888381,42.2665875173434
winter wheat,1,45.14020827971334,42.1275283113617
winter wheat,1,45.12727253962202,42.25176531515543
winter wheat,1,45.14532867683282,42.28114022494614
winter wheat,1,45.14586766600329,42.28302668704279
winter wheat,1,45.146676149758996,42.093571993621985
potato,11,45.12349961542871,42.0598851704675
winter wheat,1,45.12673355045155,42.279253762849486
winter wheat,1,45.129967485474374,42.2800622466052
winter wheat,1,45.14101676346905,42.08818210191727
winter wheat,1,45.1399387851281,42.07955827518972
winter wheat,1,45.125925066695835,42.24933986388831
winter wheat,1,45.13050647464485,42.2800622466052
winter wheat,1,45.144250698491874,42.28275719245755
winter wheat,1,45.1399387851281,42.275211344070954
winter wheat,1,45.15233553604895,42.101117842008584
winter wheat,1,45.140477774298574,42.279253762849486
winter wheat,1,45.1256555721106,42.26011964729774
winter wheat,1,45.14829311727041,42.130492751799295
potato,11,45.14559817141806,42.12510286009458
winter wheat,1,45.13293192591197,42.277367300752836
winter wheat,1,45.136704850105275,42.08279221021255
winter wheat,1,45.142903225565696,42.095188961133395
winter wheat,1,45.146945644344235,42.14019455686779
winter wheat,1,45.14532867683282,42.27655881699713
winter wheat,1,45.1248470883549,42.25419076642255
winter wheat,1,45.12754203420725,42.277367300752836
winter wheat,1,45.12323012084348,42.2514958205702
winter wheat,1,45.12673355045155,42.274941849485714
winter wheat,1,45.130236980059614,42.28060123577567
winter wheat,1,45.14613716058853,42.09842289615623
winter wheat,1,45.12296062625824,42.266857011928636
winter wheat,1,45.14344221473617,42.1094721741509
winter wheat,1,45.134548893423386,42.274941849485714
winter wheat,1,45.14020827971334,42.283565676213264
winter wheat,1,45.125925066695835,42.2703604415367
winter wheat,1,45.12673355045155,42.248531380132604
winter wheat,1,45.1218826479173,42.074168383485
winter wheat,1,45.138591312201925,42.2770978061676
winter wheat,1,45.14964059019659,42.132648708481184
winter wheat,1,45.128081023377725,42.27143841987765
winter wheat,1,45.12835051796296,42.25634672310444
winter wheat,1,45.12538607752536,42.25796369061585
winter wheat,1,45.11487578870117,42.06581405134269
winter wheat,1,45.1256555721106,42.2665875173434
winter wheat,1,45.1151452832864,42.0636580946608
winter wheat,1,45.1286200125482,42.24799239096213
winter wheat,1,45.132123442156264,42.084948166894435
winter wheat,1,45.144250698491874,42.10839419580996
winter wheat,1,45.12781152879249,42.08360069396826
winter wheat,1,45.146676149758996,42.10408228244618
winter wheat,1,45.12107416416159,42.058537697541325
winter wheat,1,45.1286200125482,42.2733248819743
winter wheat,1,45.146945644344235,42.0989618853267
winter wheat,1,45.12646405586631,42.2703604415367
winter wheat,1,45.146945644344235,42.27871477367902
winter wheat,1,45.1294284963039,42.25365177725208
winter wheat,1,45.115953767042114,42.070664953876935
winter wheat,1,45.119457196650174,42.068508997195046
winter wheat,1,45.13805232303145,42.13507415974831
winter wheat,1,45.132123442156264,42.260658636468214
winter wheat,1,45.146676149758996,42.12779780594694
winter wheat,1,45.14775412809994,42.0922245206958
winter wheat,1,45.12511658294013,42.27278589280383
winter wheat,1,45.13939979595763,42.13669112725972
winter wheat,1,45.13347091508244,42.271168925292415
winter wheat,1,45.136704850105275,42.27871477367902
winter wheat,1,45.132392936741496,42.08225322104208
winter wheat,1,45.15179654687848,42.091416036940096
winter wheat,1,45.14802362268518,42.10408228244618
winter wheat,1,45.1286200125482,42.27682831158236
winter wheat,1,45.14155575263952,42.132648708481184
winter wheat,1,45.11730123996829,42.06770051343934
winter wheat,1,45.12754203420725,42.26173661480916
winter wheat,1,45.14128625805428,42.27898426826425
winter wheat,1,45.129967485474374,42.26416206607628
winter wheat,1,45.13508788259386,42.083061704797785
winter wheat,1,45.14155575263952,42.10084834742335
winter wheat,1,45.132392936741496,42.262814593150104
winter wheat,1,45.13400990425291,42.275750333241426
winter wheat,1,45.14344221473617,42.13615213808925
winter wheat,1,45.130236980059614,42.263084087735336
potato,11,45.138591312201925,42.13588264350401
winter wheat,1,45.14721513892947,42.27655881699713
winter wheat,1,45.12915900171867,42.26847397944005
winter wheat,1,45.144250698491874,42.27682831158236
winter wheat,1,45.14721513892947,42.130492751799295
winter wheat,1,45.142633730980464,42.08791260733203
winter wheat,1,45.130775969230086,42.260658636468214
winter wheat,1,45.14344221473617,42.10462127161665
winter wheat,1,45.1437117093214,42.0779413076783
winter wheat,1,45.130236980059614,42.267126506513875
winter wheat,1,45.14155575263952,42.08171423187161
winter wheat,1,45.148832106440885,42.09114654235486
winter wheat,1,45.14991008478183,42.088990585672974
winter wheat,1,45.12915900171867,42.25796369061585
winter wheat,1,45.14020827971334,42.27467235490048
winter wheat,1,45.14640665517376,42.09033805859915
winter wheat,1,45.13104546381532,42.28302668704279
winter wheat,1,45.14182524722475,42.285452138309914
winter wheat,1,45.13939979595763,42.28868607333274
winter wheat,1,45.14452019307711,42.128606289702645
winter wheat,1,45.14559817141806,42.134535170577834
winter wheat,1,45.145059182247586,42.099231379911934
winter wheat,1,45.124308099184425,42.26847397944005
winter wheat,1,45.14640665517376,42.101656831179056
winter wheat,1,45.130236980059614,42.27655881699713
winter wheat,1,45.15233553604895,42.09788390698576
winter wheat,1,45.14101676346905,42.093302499036746
winter wheat,1,45.128081023377725,42.25580773393397
winter wheat,1,45.14829311727041,42.10030935825288
winter wheat,1,45.13589636634956,42.08791260733203
winter wheat,1,45.11730123996829,42.06904798636552
winter wheat,1,45.12296062625824,42.25176531515543
winter wheat,1,45.13293192591197,42.262814593150104
winter wheat,1,45.136704850105275,42.12779780594694
winter wheat,1,45.138321817616685,42.283296181628025
winter wheat,1,45.1361658609348,42.27790628992331
winter wheat,1,45.12107416416159,42.06823950260981
winter wheat,1,45.15152705229325,42.1380386001859
winter wheat,1,45.128081023377725,42.279253762849486
winter wheat,1,45.12269113167301,42.26227560397963
winter wheat,1,45.13886080678716,42.281679214116615
winter wheat,1,45.13293192591197,42.27440286031524
winter wheat,1,45.152605030634184,42.10030935825288
winter wheat,1,45.1391303013724,42.281679214116615
winter wheat,1,45.14209474180999,42.09626693947434
winter wheat,1,45.146676149758996,42.10354329327571
winter wheat,1,45.1294284963039,42.08252271562731
winter wheat,1,45.12269113167301,42.25985015271251
winter wheat,1,45.128081023377725,42.084948166894435
winter wheat,1,45.122152142502536,42.2560772285192
winter wheat,1,45.14532867683282,42.09788390698576
winter wheat,1,45.14613716058853,42.13669112725972
winter wheat,1,45.13697434469051,42.12779780594694
winter wheat,1,45.131853947571024,42.26173661480916
potato,11,45.13805232303145,42.13103174096977
winter wheat,1,45.142364236395224,42.08198372645684
winter wheat,1,45.12457759376966,42.26146712022392
potato,11,45.131853947571024,42.28302668704279
winter wheat,1,45.13374040966768,42.281409719531375
winter wheat,1,45.124308099184425,42.250148347644014
winter wheat,1,45.148832106440885,42.10246531493477
winter wheat,1,45.1399387851281,42.28194870870185
winter wheat,1,45.12511658294013,42.27359437655954
winter wheat,1,45.131853947571024,42.2800622466052
winter wheat,1,45.14991008478183,42.10839419580996
winter wheat,1,45.12700304503678,42.258502679786325
winter wheat,1,45.11864871289447,42.25634672310444
winter wheat,1,45.143172720150936,42.28033174119043
winter wheat,1,45.1218826479173,42.2560772285192
winter wheat,1,45.12161315333206,42.25985015271251
winter wheat,1,45.14128625805428,42.266857011928636
winter wheat,1,45.14452019307711,42.266857011928636
winter wheat,1,45.132123442156264,42.08387018855349
winter wheat,1,45.14020827971334,42.27601982782666
winter wheat,1,45.14452019307711,42.28464365455421
winter wheat,1,45.119726691235414,42.07174293221788
winter wheat,1,45.13158445298579,42.262545098564864
winter wheat,1,45.13050647464485,42.262545098564864
winter wheat,1,45.12727253962202,42.27655881699713
winter wheat,1,45.138321817616685,42.08656513440585
potato,11,45.14344221473617,42.126719827605996
winter wheat,1,45.14640665517376,42.09249401528104
winter wheat,1,45.14721513892947,42.10273480952
winter wheat,1,45.145059182247586,42.09303300445151
winter wheat,1,45.11918770206494,42.06581405134269
winter wheat,1,45.14182524722475,42.28194870870185
potato,11,45.144789687662346,42.0884515965025
winter wheat,1,45.14532867683282,42.27359437655954
winter wheat,1,45.14775412809994,42.28033174119043
winter wheat,1,45.149101601026125,42.10542975537236
winter wheat,1,45.14964059019659,42.10731621746901
winter wheat,1,45.13562687176433,42.27251639821859
potato,11,45.13320142049721,42.08818210191727
winter wheat,1,45.12835051796296,42.279253762849486
winter wheat,1,45.145059182247586,42.28437415996897
winter wheat,1,45.1218826479173,42.25176531515543
winter wheat,1,45.12888950713343,42.26146712022392
winter wheat,1,45.14209474180999,42.269012968610525
winter wheat,1,45.145059182247586,42.27979275201996
winter wheat,1,45.12969799088914,42.26982145236624
winter wheat,1,45.143172720150936,42.26793499026958
winter wheat,1,45.12538607752536,42.27467235490048
winter wheat,1,45.130236980059614,42.27467235490048
winter wheat,1,45.144789687662346,42.08629563982061
winter wheat,1,45.12457759376966,42.2590416689568
winter wheat,1,45.145059182247586,42.264970549831986
winter wheat,1,45.14532867683282,42.101656831179056
winter wheat,1,45.14775412809994,42.281409719531375
winter wheat,1,45.12161315333206,42.262814593150104
winter wheat,1,45.1256555721106,42.25068733681449
winter wheat,1,45.11703174538305,42.068508997195046
winter wheat,1,45.122152142502536,42.25823318520109
winter wheat,1,45.12376911001395,42.072820910558825
winter wheat,1,45.125925066695835,42.274941849485714
winter wheat,1,45.152605030634184,42.10462127161665
winter wheat,1,45.146945644344235,42.27009094695147
winter wheat,1,45.12376911001395,42.266857011928636
winter wheat,1,45.12349961542871,42.263353582320576
winter wheat,1,45.145059182247586,42.12510286009458
winter wheat,1,45.12349961542871,42.254729755593026
winter wheat,1,45.126194561281075,42.262545098564864
winter wheat,1,45.13050647464485,42.27871477367902
winter wheat,1,45.12323012084348,42.062041127149385
winter wheat,1,45.138591312201925,42.13615213808925
winter wheat,1,45.12700304503678,42.264431560661514
winter wheat,1,45.13778282844621,42.28706910582133
winter wheat,1,45.12754203420725,42.27682831158236
winter wheat,1,45.12349961542871,42.25742470144539
winter wheat,1,45.11730123996829,42.07174293221788
winter wheat,1,45.134548893423386,42.08279221021255
winter wheat,1,45.124038604599185,42.26119762563869
winter wheat,1,45.14775412809994,42.09384148820722
winter wheat,1,45.115684272456875,42.06392758924604
winter wheat,1,45.132662431326736,42.087104123576324
winter wheat,1,45.119726691235414,42.25392127183732
winter wheat,1,45.120265680405886,42.06258011631986
winter wheat,1,45.12700304503678,42.07821080226354
winter wheat,1,45.13131495840055,42.275211344070954
winter wheat,1,45.149101601026125,42.10489076620189
winter wheat,1,45.12323012084348,42.06500556758698
winter wheat,1,45.146676149758996,42.08333119938302
winter wheat,1,45.14964059019659,42.093302499036746
winter wheat,1,45.14991008478183,42.091685531525336
winter wheat,1,45.120265680405886,42.07524636182595
winter wheat,1,45.14128625805428,42.28194870870185
winter wheat,1,45.11837921830924,42.06392758924604
winter wheat,1,45.1437117093214,42.09033805859915
winter wheat,1,45.15017957936706,42.10354329327571
winter wheat,1,45.12134365874683,42.2590416689568
winter wheat,1,45.12915900171867,42.27224690363336
winter wheat,1,45.14101676346905,42.12537235467981
winter wheat,1,45.12915900171867,42.28302668704279
winter wheat,1,45.13886080678716,42.283565676213264
potato,11,45.149101601026125,42.08872109108774
winter wheat,1,45.12727253962202,42.26200610939439
winter wheat,1,45.15017957936706,42.08979906942868
winter wheat,1,45.14748463351471,42.13938607311208
winter wheat,1,45.14559817141806,42.103812787860946
potato,11,45.128081023377725,42.080366758945424
winter wheat,1,45.15152705229325,42.0922245206958
winter wheat,1,45.118109723724,42.07362939431453
winter wheat,1,45.1218826479173,42.258502679786325
winter wheat,1,45.13374040966768,42.08602614523538
winter wheat,1,45.14074726888381,42.086834628991085
winter wheat,1,45.14586766600329,42.28221820328708
winter wheat,1,45.14775412809994,42.27224690363336
winter wheat,1,45.122152142502536,42.066892029683636
winter wheat,1,45.13347091508244,42.27790628992331
winter wheat,1,45.144789687662346,42.279523257434725
winter wheat,1,45.14856261185565,42.2800622466052
potato,11,45.1391303013724,42.13534365433354
potato,11,45.15017957936706,42.13857758935637
winter wheat,1,45.1361658609348,42.08198372645684
winter wheat,1,45.13104546381532,42.2800622466052
winter wheat,1,45.149101601026125,42.086834628991085
winter wheat,1,45.146676149758996,42.13291820306642
winter wheat,1,45.1286200125482,42.256616217689675
winter wheat,1,45.13050647464485,42.267126506513875
winter wheat,1,45.136435355520035,42.269282463195765
winter wheat,1,45.119457196650174,42.26011964729774
winter wheat,1,45.145059182247586,42.08333119938302
winter wheat,1,45.1256555721106,42.269012968610525
potato,11,45.144250698491874,42.13534365433354
winter wheat,1,45.132392936741496,42.27170791446289
winter wheat,1,45.11730123996829,42.0703954592917
winter wheat,1,45.12781152879249,42.275480838656186
winter wheat,1,45.14344221473617,42.12321639799793
winter wheat,1,45.14344221473617,42.269282463195765
winter wheat,1,45.14128625805428,42.085217661479675
winter wheat,1,45.132123442156264,42.277636795338076
winter wheat,1,45.12727253962202,42.0779413076783
winter wheat,1,45.13508788259386,42.28275719245755
winter wheat,1,45.12754203420725,42.260658636468214
winter wheat,1,45.13697434469051,42.086834628991085
winter wheat,1,45.144789687662346,42.275750333241426
winter wheat,1,45.1286200125482,42.08548715606491
winter wheat,1,45.1361658609348,42.26874347402529
winter wheat,1,45.12754203420725,42.25338228266685
winter wheat,1,45.125925066695835,42.27062993612194
winter wheat,1,45.140477774298574,42.0876431127468
winter wheat,1,45.14937109561136,42.28114022494614
winter wheat,1,45.149101601026125,42.10030935825288
winter wheat,1,45.12915900171867,42.26604852817293
winter wheat,1,45.126194561281075,42.26820448485482
winter wheat,1,45.14101676346905,42.126719827605996
potato,11,45.132123442156264,42.27143841987765
winter wheat,1,45.13751333386098,42.08252271562731
winter wheat,1,45.14209474180999,42.136421632674484
winter wheat,1,45.14101676346905,42.13372668682213
winter wheat,1,45.13966929054287,42.130492751799295
winter wheat,1,45.14182524722475,42.26470105524675
winter wheat,1,45.14182524722475,42.10516026078712
winter wheat,1,45.115684272456875,42.064466578416514
winter wheat,1,45.12538607752536,42.26362307690581
winter wheat,1,45.14452019307711,42.2770978061676
winter wheat,1,45.13966929054287,42.27655881699713
winter wheat,1,45.142903225565696,42.27601982782666
winter wheat,1,45.14937109561136,42.08656513440585
winter wheat,1,45.12107416416159,42.07012596470646
winter wheat,1,45.132123442156264,42.273055387389064
winter wheat,1,45.142633730980464,42.269282463195765
winter wheat,1,45.142633730980464,42.283296181628025
winter wheat,1,45.1399387851281,42.136421632674484
winter wheat,1,45.14074726888381,42.274941849485714
winter wheat,1,45.1437117093214,42.27197740904812
winter wheat,1,45.142364236395224,42.101387336593824
winter wheat,1,45.129967485474374,42.085217661479675
potato,11,45.14613716058853,42.2665875173434
winter wheat,1,45.1248470883549,42.07524636182595
winter wheat,1,45.12700304503678,42.26146712022392
winter wheat,1,45.120265680405886,42.25742470144539
potato,11,45.14101676346905,42.0771328239226
winter wheat,1,45.14182524722475,42.26631802275817
potato,11,45.150988063122774,42.134535170577834
winter wheat,1,45.12969799088914,42.25796369061585
winter wheat,1,45.12888950713343,42.269551957781
winter wheat,1,45.12269113167301,42.06096314880845
winter wheat,1,45.12457759376966,42.07389888889977
winter wheat,1,45.14613716058853,42.138847083941606
winter wheat,1,45.14640665517376,42.139116578526846
winter wheat,1,45.126194561281075,42.07605484558165
winter wheat,1,45.13320142049721,42.27386387114477
winter wheat,1,45.14829311727041,42.08440917772396
potato,11,45.142903225565696,42.080366758945424
winter wheat,1,45.12080466957636,42.06716152426887
winter wheat,1,45.129967485474374,42.275480838656186
winter wheat,1,45.12457759376966,42.258502679786325
winter wheat,1,45.129967485474374,42.08629563982061
winter wheat,1,45.14748463351471,42.13723011643019
winter wheat,1,45.12134365874683,42.05907668671179
winter wheat,1,45.136435355520035,42.08629563982061
winter wheat,1,45.126194561281075,42.25742470144539
winter wheat,1,45.13724383927574,42.28572163289515
winter wheat,1,45.14559817141806,42.12779780594694
winter wheat,1,45.125925066695835,42.27009094695147
winter wheat,1,45.13778282844621,42.28275719245755
winter wheat,1,45.14640665517376,42.10246531493477
winter wheat,1,45.12080466957636,42.25338228266685
winter wheat,1,45.12376911001395,42.27062993612194
winter wheat,1,45.13697434469051,42.08198372645684
winter wheat,1,45.15179654687848,42.10623823912807
potato,11,45.138591312201925,42.126719827605996
winter wheat,1,45.12080466957636,42.258772174371565
winter wheat,1,45.12646405586631,42.27359437655954
winter wheat,1,45.13562687176433,42.0876431127468
winter wheat,1,45.11837921830924,42.07362939431453
winter wheat,1,45.13724383927574,42.08737361816156
winter wheat,1,45.138591312201925,42.28248769787232
winter wheat,1,45.14209474180999,42.101387336593824
winter wheat,1,45.13347091508244,42.08198372645684
winter wheat,1,45.12269113167301,42.25958065812727
winter wheat,1,45.143172720150936,42.101926325764296
winter wheat,1,45.14074726888381,42.2703604415367
winter wheat,1,45.149101601026125,42.0876431127468
winter wheat,1,45.14640665517376,42.08979906942868
winter wheat,1,45.13724383927574,42.083061704797785
winter wheat,1,45.1399387851281,42.08009726436019
winter wheat,1,45.13535737717909,42.281409719531375
winter wheat,1,45.152605030634184,42.107855206639485
winter wheat,1,45.13562687176433,42.27655881699713
winter wheat,1,45.12323012084348,42.26362307690581
winter wheat,1,45.12107416416159,42.26119762563869
winter wheat,1,45.14128625805428,42.27197740904812
winter wheat,1,45.13131495840055,42.258772174371565
winter wheat,1,45.12835051796296,42.086834628991085
potato,11,45.145059182247586,42.27359437655954
potato,11,45.14640665517376,42.27197740904812
winter wheat,1,45.11891820747971,42.06554455675745
winter wheat,1,45.11837921830924,42.06554455675745
winter wheat,1,45.1248470883549,42.26739600109911
potato,11,45.132662431326736,42.080366758945424
winter wheat,1,45.119457196650174,42.25365177725208
winter wheat,1,45.119996185820646,42.07228192138835
winter wheat,1,45.128081023377725,42.24880087471784
winter wheat,1,45.14182524722475,42.107585712054245
winter wheat,1,45.12754203420725,42.08440917772396
winter wheat,1,45.129967485474374,42.080366758945424
winter wheat,1,45.14155575263952,42.27359437655954
potato,11,45.142633730980464,42.13534365433354
winter wheat,1,45.12161315333206,42.06258011631986
winter wheat,1,45.14748463351471,42.281409719531375
winter wheat,1,45.128081023377725,42.080905748115896
winter wheat,1,45.13589636634956,42.28221820328708
winter wheat,1,45.1399387851281,42.283565676213264
winter wheat,1,45.13724383927574,42.132379213895945
winter wheat,1,45.14074726888381,42.12537235467981
winter wheat,1,45.14101676346905,42.091416036940096
winter wheat,1,45.145059182247586,42.27682831158236
winter wheat,1,45.1294284963039,42.279253762849486
winter wheat,1,45.14344221473617,42.09707542323005
winter wheat,1,45.15179654687848,42.101117842008584
winter wheat,1,45.14775412809994,42.13157073014024
winter wheat,1,45.13966929054287,42.28491314913944
winter wheat,1,45.15017957936706,42.099231379911934
winter wheat,1,45.12080466957636,42.25634672310444
winter wheat,1,45.1286200125482,42.25796369061585
winter wheat,1,45.1294284963039,42.25122632598496
winter wheat,1,45.13562687176433,42.27979275201996
winter wheat,1,45.119996185820646,42.0703954592917
winter wheat,1,45.12161315333206,42.256885712274915
winter wheat,1,45.11891820747971,42.074437878070235
winter wheat,1,45.13589636634956,42.0876431127468
winter wheat,1,45.13805232303145,42.130492751799295
winter wheat,1,45.13508788259386,42.27871477367902
winter wheat,1,45.145059182247586,42.085217661479675
winter wheat,1,45.1504490739523,42.105968744542835
winter wheat,1,45.14802362268518,42.10516026078712
winter wheat,1,45.145059182247586,42.27224690363336
winter wheat,1,45.14802362268518,42.10030935825288
winter wheat,1,45.14559817141806,42.13480466516307
winter wheat,1,45.1248470883549,42.076593834752124
winter wheat,1,45.14182524722475,42.09599744488911
winter wheat,1,45.14586766600329,42.08198372645684
winter wheat,1,45.146676149758996,42.089529574843446
winter wheat,1,45.13562687176433,42.28248769787232
potato,11,45.1391303013724,42.134535170577834
winter wheat,1,45.14586766600329,42.27386387114477
winter wheat,1,45.15152705229325,42.13669112725972
winter wheat,1,45.1391303013724,42.08252271562731
potato,11,45.1437117093214,42.10354329327571
winter wheat,1,45.124038604599185,42.25634672310444
winter wheat,1,45.125925066695835,42.25068733681449
winter wheat,1,45.12080466957636,42.06500556758698
winter wheat,1,45.148832106440885,42.091416036940096
winter wheat,1,45.14532867683282,42.09060755318439
winter wheat,1,45.118109723724,42.07093444846217
winter wheat,1,45.1534135143899,42.10542975537236
winter wheat,1,45.122152142502536,42.072551415973585
winter wheat,1,45.138321817616685,42.13103174096977
potato,11,45.145059182247586,42.12725881677647
winter wheat,1,45.15206604146372,42.134535170577834
winter wheat,1,45.13293192591197,42.27628932241189
winter wheat,1,45.12296062625824,42.25338228266685
winter wheat,1,45.146676149758996,42.10219582034953
winter wheat,1,45.14559817141806,42.09491946654816
winter wheat,1,45.124038604599185,42.27197740904812
winter wheat,1,45.144789687662346,42.13669112725972
winter wheat,1,45.131853947571024,42.27440286031524
winter wheat,1,45.142903225565696,42.09842289615623
winter wheat,1,45.12349961542871,42.26847397944005
winter wheat,1,45.12296062625824,42.25553823934873
winter wheat,1,45.119996185820646,42.06904798636552
winter wheat,1,45.14829311727041,42.09384148820722
winter wheat,1,45.15017957936706,42.28060123577567
winter wheat,1,45.14586766600329,42.101387336593824
potato,11,45.14775412809994,42.12914527887312
winter wheat,1,45.14586766600329,42.10300430410524
winter wheat,1,45.13724383927574,42.27143841987765
potato,11,45.15017957936706,42.09572795030387
winter wheat,1,45.12835051796296,42.27359437655954
potato,11,45.1534135143899,42.10839419580996
winter wheat,1,45.13050647464485,42.085217661479675
winter wheat,1,45.130775969230086,42.270899430707175
winter wheat,1,45.1361658609348,42.279253762849486
winter wheat,1,45.144250698491874,42.08629563982061
winter wheat,1,45.1286200125482,42.26362307690581
winter wheat,1,45.120265680405886,42.25338228266685
winter wheat,1,45.130775969230086,42.263353582320576
winter wheat,1,45.14829311727041,42.09276350986627
winter wheat,1,45.13347091508244,42.26146712022392
winter wheat,1,45.11541477787164,42.06770051343934
winter wheat,1,45.12538607752536,42.2733248819743
winter wheat,1,45.13778282844621,42.13372668682213
winter wheat,1,45.143172720150936,42.08387018855349
winter wheat,1,45.143172720150936,42.1237553871684
winter wheat,1,45.15233553604895,42.099231379911934
potato,11,45.138321817616685,42.12779780594694
winter wheat,1,45.12646405586631,42.26173661480916
winter wheat,1,45.131853947571024,42.274941849485714
winter wheat,1,45.144789687662346,42.12968426804359
winter wheat,1,45.1399387851281,42.09033805859915
winter wheat,1,45.150718568537535,42.13776910560066
winter wheat,1,45.12349961542871,42.05961567588226
winter wheat,1,45.14182524722475,42.28248769787232
winter wheat,1,45.142364236395224,42.2770978061676
winter wheat,1,45.129967485474374,42.08737361816156
winter wheat,1,45.12349961542871,42.26604852817293
winter wheat,1,45.13778282844621,42.2703604415367
winter wheat,1,45.146945644344235,42.10435177703142
winter wheat,1,45.14182524722475,42.273055387389064
winter wheat,1,45.14775412809994,42.13372668682213
winter wheat,1,45.132123442156264,42.28114022494614
winter wheat,1,45.13158445298579,42.28194870870185
winter wheat,1,45.13886080678716,42.287338600406564
winter wheat,1,45.14937109561136,42.101117842008584
winter wheat,1,45.1361658609348,42.27871477367902
winter wheat,1,45.14344221473617,42.08387018855349
winter wheat,1,45.13131495840055,42.25931116354204
potato,11,45.146945644344235,42.08171423187161
winter wheat,1,45.1391303013724,42.128606289702645
winter wheat,1,45.12888950713343,42.08252271562731
winter wheat,1,45.145059182247586,42.089529574843446
winter wheat,1,45.138591312201925,42.12806730053217
winter wheat,1,45.138321817616685,42.26766549568435
winter wheat,1,45.14209474180999,42.07740231850783
winter wheat,1,45.12781152879249,42.264431560661514
winter wheat,1,45.117840229138764,42.07120394304741
winter wheat,1,45.11864871289447,42.070664953876935
winter wheat,1,45.14532867683282,42.27251639821859
winter wheat,1,45.11703174538305,42.06985647012123
winter wheat,1,45.14559817141806,42.09707542323005
winter wheat,1,45.14128625805428,42.128606289702645
potato,11,45.125925066695835,42.248531380132604
winter wheat,1,45.117570734553524,42.067970008024574
winter wheat,1,45.12969799088914,42.08440917772396
winter wheat,1,45.13589636634956,42.271168925292415
winter wheat,1,45.144250698491874,42.078749791434014
winter wheat,1,45.1399387851281,42.08198372645684
potato,11,45.13724383927574,42.13157073014024
winter wheat,1,45.12969799088914,42.08333119938302
winter wheat,1,45.14829311727041,42.086834628991085
winter wheat,1,45.13481838800862,42.273055387389064
winter wheat,1,45.14559817141806,42.28275719245755
winter wheat,1,45.129967485474374,42.08413968313873
winter wheat,1,45.150718568537535,42.13749961101543
winter wheat,1,45.150988063122774,42.097614412400524
winter wheat,1,45.14182524722475,42.12968426804359
winter wheat,1,45.11918770206494,42.25446026100779
winter wheat,1,45.13886080678716,42.28626062206562
winter wheat,1,45.13805232303145,42.27898426826425
winter wheat,1,45.144789687662346,42.27871477367902
winter wheat,1,45.12134365874683,42.25985015271251
winter wheat,1,45.14559817141806,42.267126506513875
winter wheat,1,45.14452019307711,42.10731621746901
winter wheat,1,45.117840229138764,42.07228192138835
winter wheat,1,45.13481838800862,42.2800622466052
winter wheat,1,45.13050647464485,42.273055387389064
winter wheat,1,45.1391303013724,42.2876080949918
winter wheat,1,45.14586766600329,42.27871477367902
winter wheat,1,45.142364236395224,42.091416036940096
winter wheat,1,45.12053517499112,42.25634672310444
winter wheat,1,45.12134365874683,42.26119762563869
winter wheat,1,45.13481838800862,42.08548715606491
winter wheat,1,45.14991008478183,42.09033805859915
winter wheat,1,45.14640665517376,42.081175242701136
winter wheat,1,45.14155575263952,42.2657790335877
winter wheat,1,45.11864871289447,42.06554455675745
winter wheat,1,45.12323012084348,42.25634672310444
winter wheat,1,45.14020827971334,42.085217661479675
potato,11,45.14964059019659,42.08575665065015
winter wheat,1,45.14101676346905,42.084948166894435
winter wheat,1,45.13589636634956,42.27871477367902
winter wheat,1,45.14128625805428,42.09680592864481
winter wheat,1,45.12511658294013,42.25796369061585
winter wheat,1,45.14748463351471,42.13372668682213
potato,11,45.14398120390664,42.125911343850284
winter wheat,1,45.14209474180999,42.099231379911934
winter wheat,1,45.14559817141806,42.28060123577567
winter wheat,1,45.11837921830924,42.06743101885411
winter wheat,1,45.140477774298574,42.08791260733203
winter wheat,1,45.140477774298574,42.132379213895945
winter wheat,1,45.12781152879249,42.25419076642255
winter wheat,1,45.13320142049721,42.087104123576324
winter wheat,1,45.13508788259386,42.283296181628025
winter wheat,1,45.13966929054287,42.277636795338076
winter wheat,1,45.142633730980464,42.10327379869047
winter wheat,1,45.13805232303145,42.28572163289515
winter wheat,1,45.12888950713343,42.2808707303609
winter wheat,1,45.12538607752536,42.26793499026958
winter wheat,1,45.126194561281075,42.264970549831986
winter wheat,1,45.142364236395224,42.0779413076783
winter wheat,1,45.122152142502536,42.26227560397963
winter wheat,1,45.1248470883549,42.256885712274915
winter wheat,1,45.145059182247586,42.101117842008584
winter wheat,1,45.14721513892947,42.10489076620189
winter wheat,1,45.11676225079782,42.07093444846217
winter wheat,1,45.13400990425291,42.08171423187161
winter wheat,1,45.12457759376966,42.07497686724071
winter wheat,1,45.14856261185565,42.27790628992331
winter wheat,1,45.1286200125482,42.275750333241426
winter wheat,1,45.13939979595763,42.287877589577036
winter wheat,1,45.14775412809994,42.277367300752836
winter wheat,1,45.12053517499112,42.25338228266685
winter wheat,1,45.12323012084348,42.07524636182595
winter wheat,1,45.12915900171867,42.274941849485714
winter wheat,1,45.1294284963039,42.087104123576324
winter wheat,1,45.142633730980464,42.267126506513875
potato,11,45.138591312201925,42.27817578450855
winter wheat,1,45.13293192591197,42.26362307690581
winter wheat,1,45.14802362268518,42.27224690363336
winter wheat,1,45.1437117093214,42.10084834742335
winter wheat,1,45.142903225565696,42.281409719531375
winter wheat,1,45.14775412809994,42.10704672288378
winter wheat,1,45.13886080678716,42.13184022472547
winter wheat,1,45.142633730980464,42.275750333241426
winter wheat,1,45.15152705229325,42.095188961133395
winter wheat,1,45.14020827971334,42.28275719245755
winter wheat,1,45.15233553604895,42.099500874497174
winter wheat,1,45.12134365874683,42.06500556758698
winter wheat,1,45.142903225565696,42.27386387114477
winter wheat,1,45.15206604146372,42.13507415974831
winter wheat,1,45.14991008478183,42.10650773371331
winter wheat,1,45.13131495840055,42.28302668704279
winter wheat,1,45.12053517499112,42.07147343763264
winter wheat,1,45.14020827971334,42.279523257434725
winter wheat,1,45.12107416416159,42.07551585641118
winter wheat,1,45.1437117093214,42.27386387114477
winter wheat,1,45.12835051796296,42.25499925017826
winter wheat,1,45.144789687662346,42.124563870924106
winter wheat,1,45.11864871289447,42.06716152426887
winter wheat,1,45.132123442156264,42.08225322104208
winter wheat,1,45.14074726888381,42.126450333020756
winter wheat,1,45.1437117093214,42.10866369039519
winter wheat,1,45.128081023377725,42.26416206607628
winter wheat,1,45.12835051796296,42.26550953900246
winter wheat,1,45.14398120390664,42.132379213895945
potato,11,45.136435355520035,42.27979275201996
winter wheat,1,45.14856261185565,42.138847083941606
winter wheat,1,45.12376911001395,42.265240044417226
winter wheat,1,45.14155575263952,42.093302499036746
winter wheat,1,45.13374040966768,42.28033174119043
winter wheat,1,45.11649275621258,42.06581405134269
winter wheat,1,45.12349961542871,42.25311278808161
winter wheat,1,45.12323012084348,42.26982145236624
winter wheat,1,45.13131495840055,42.25958065812727
winter wheat,1,45.13508788259386,42.27844527909378
winter wheat,1,45.14182524722475,42.09249401528104
winter wheat,1,45.129967485474374,42.2838351707985
winter wheat,1,45.146945644344235,42.084948166894435
winter wheat,1,45.14775412809994,42.138847083941606
winter wheat,1,45.14856261185565,42.28194870870185
winter wheat,1,45.15179654687848,42.10354329327571
winter wheat,1,45.14802362268518,42.10812470122472
winter wheat,1,45.138321817616685,42.08198372645684
winter wheat,1,45.11918770206494,42.25715520686015
winter wheat,1,45.12134365874683,42.26092813105345
winter wheat,1,45.14074726888381,42.27817578450855
winter wheat,1,45.14128625805428,42.09707542323005
winter wheat,1,45.14586766600329,42.26820448485482
potato,11,45.13778282844621,42.130492751799295
winter wheat,1,45.11541477787164,42.06581405134269
winter wheat,1,45.1294284963039,42.27143841987765
winter wheat,1,45.1437117093214,42.28221820328708
winter wheat,1,45.13589636634956,42.08198372645684
winter wheat,1,45.12080466957636,42.068778491780286
winter wheat,1,45.142633730980464,42.10300430410524
winter wheat,1,45.124038604599185,42.062310621734625
winter wheat,1,45.14398120390664,42.09006856401392
winter wheat,1,45.14559817141806,42.1380386001859
winter wheat,1,45.134279398838146,42.08225322104208
winter wheat,1,45.126194561281075,42.25446026100779
winter wheat,1,45.12646405586631,42.26362307690581
winter wheat,1,45.13131495840055,42.26173661480916
winter wheat,1,45.13724383927574,42.27170791446289
winter wheat,1,45.144250698491874,42.262814593150104
winter wheat,1,45.1294284963039,42.084948166894435
winter wheat,1,45.12080466957636,42.263084087735336
winter wheat,1,45.132392936741496,42.08629563982061
winter wheat,1,45.13778282844621,42.275211344070954
winter wheat,1,45.152605030634184,42.105699249957595
winter wheat,1,45.140477774298574,42.131301235555
potato,11,45.14937109561136,42.13534365433354
winter wheat,1,45.119726691235414,42.06392758924604
winter wheat,1,45.12080466957636,42.25446026100779
winter wheat,1,45.128081023377725,42.269282463195765
winter wheat,1,45.142633730980464,42.10408228244618
winter wheat,1,45.11649275621258,42.064197083831274
winter wheat,1,45.13697434469051,42.28679961123609
winter wheat,1,45.1391303013724,42.28706910582133
winter wheat,1,45.14155575263952,42.266857011928636
potato,11,45.11891820747971,42.25365177725208
winter wheat,1,45.12511658294013,42.26416206607628
winter wheat,1,45.14398120390664,42.262814593150104
winter wheat,1,45.12888950713343,42.0846786723092
winter wheat,1,45.150718568537535,42.10030935825288
winter wheat,1,45.14452019307711,42.26820448485482
winter wheat,1,45.15125755770801,42.09653643405958
winter wheat,1,45.13589636634956,42.27655881699713
winter wheat,1,45.13158445298579,42.26550953900246
winter wheat,1,45.149101601026125,42.10893318498043
winter wheat,1,45.13751333386098,42.28653011665086
winter wheat,1,45.14074726888381,42.130492751799295
winter wheat,1,45.136704850105275,42.126719827605996
winter wheat,1,45.14209474180999,42.0876431127468
winter wheat,1,45.13158445298579,42.26227560397963
winter wheat,1,45.1248470883549,42.26389257149104
winter wheat,1,45.13320142049721,42.08171423187161
winter wheat,1,45.12888950713343,42.27790628992331
winter wheat,1,45.13131495840055,42.264431560661514
winter wheat,1,45.13966929054287,42.080905748115896
winter wheat,1,45.143172720150936,42.09977036908241
winter wheat,1,45.12915900171867,42.28437415996897
winter wheat,1,45.14640665517376,42.105699249957595
winter wheat,1,45.13374040966768,42.086834628991085
winter wheat,1,45.142364236395224,42.26847397944005
winter wheat,1,45.142364236395224,42.132379213895945
winter wheat,1,45.13886080678716,42.28464365455421
winter wheat,1,45.14559817141806,42.090877047769624
winter wheat,1,45.13158445298579,42.26874347402529
winter wheat,1,45.13535737717909,42.277367300752836
winter wheat,1,45.142903225565696,42.132648708481184
winter wheat,1,45.124038604599185,42.26173661480916
winter wheat,1,45.12673355045155,42.26550953900246
winter wheat,1,45.142364236395224,42.081175242701136
winter wheat,1,45.1294284963039,42.26119762563869
winter wheat,1,45.130236980059614,42.08575665065015
winter wheat,1,45.13400990425291,42.28060123577567
winter wheat,1,45.14586766600329,42.277636795338076
winter wheat,1,45.132123442156264,42.087104123576324
winter wheat,1,45.138321817616685,42.27359437655954
winter wheat,1,45.134279398838146,42.269282463195765
winter wheat,1,45.14721513892947,42.09195502611057
winter wheat,1,45.14398120390664,42.26847397944005
winter wheat,1,45.13374040966768,42.263353582320576
winter wheat,1,45.13966929054287,42.130762246384535
winter wheat,1,45.142903225565696,42.10273480952
winter wheat,1,45.14802362268518,42.10839419580996
winter wheat,1,45.118109723724,42.06743101885411
winter wheat,1,45.11487578870117,42.066353040513164
winter wheat,1,45.13400990425291,42.081175242701136
winter wheat,1,45.13886080678716,42.28572163289515
winter wheat,1,45.12646405586631,42.265240044417226
winter wheat,1,45.1437117093214,42.263353582320576
winter wheat,1,45.14748463351471,42.09411098279246
winter wheat,1,45.1437117093214,42.093571993621985
winter wheat,1,45.12700304503678,42.250956831399726
winter wheat,1,45.142903225565696,42.08440917772396
winter wheat,1,45.119457196650174,42.070664953876935
winter wheat,1,45.13886080678716,42.267126506513875
winter wheat,1,45.142633730980464,42.27170791446289
winter wheat,1,45.12835051796296,42.269282463195765
winter wheat,1,45.12376911001395,42.26389257149104
winter wheat,1,45.140477774298574,42.27224690363336
winter wheat,1,45.13805232303145,42.274941849485714
winter wheat,1,45.12915900171867,42.08063625353066
winter wheat,1,45.125925066695835,42.27413336573001
winter wheat,1,45.140477774298574,42.27386387114477
winter wheat,1,45.136435355520035,42.27628932241189
winter wheat,1,45.136704850105275,42.27170791446289
winter wheat,1,45.13589636634956,42.28437415996897
winter wheat,1,45.130236980059614,42.2665875173434
winter wheat,1,45.12134365874683,42.06150213797892
winter wheat,1,45.1391303013724,42.13210971931071
winter wheat,1,45.140477774298574,42.13776910560066
winter wheat,1,45.14209474180999,42.2770978061676
potato,11,45.144250698491874,42.128336795117406
winter wheat,1,45.148832106440885,42.107585712054245
winter wheat,1,45.13158445298579,42.26416206607628
winter wheat,1,45.14964059019659,42.10516026078712
winter wheat,1,45.14532867683282,42.13749961101543
winter wheat,1,45.13805232303145,42.271168925292415
winter wheat,1,45.1294284963039,42.266857011928636
winter wheat,1,45.132123442156264,42.08440917772396
potato,11,45.15206604146372,42.13857758935637
winter wheat,1,45.12673355045155,42.25985015271251
winter wheat,1,45.12835051796296,42.263084087735336
winter wheat,1,45.1294284963039,42.263084087735336
winter wheat,1,45.144250698491874,42.10489076620189
winter wheat,1,45.14532867683282,42.26604852817293
potato,11,45.152605030634184,42.09438047737769
winter wheat,1,45.134279398838146,42.275480838656186
winter wheat,1,45.119726691235414,42.064466578416514
winter wheat,1,45.14128625805428,42.269551957781
winter wheat,1,45.15179654687848,42.10084834742335
winter wheat,1,45.14640665517376,42.10300430410524
winter wheat,1,45.12781152879249,42.26092813105345
winter wheat,1,45.12080466957636,42.262814593150104
winter wheat,1,45.12080466957636,42.062041127149385
winter wheat,1,45.14155575263952,42.09303300445151
winter wheat,1,45.14640665517376,42.10219582034953
winter wheat,1,45.14964059019659,42.091685531525336
winter wheat,1,45.13778282844621,42.086834628991085
winter wheat,1,45.14856261185565,42.10812470122472
winter wheat,1,45.15125755770801,42.09006856401392
winter wheat,1,45.12080466957636,42.060154665052735
winter wheat,1,45.140477774298574,42.07821080226354
winter wheat,1,45.12080466957636,42.07389888889977
winter wheat,1,45.13724383927574,42.277367300752836
winter wheat,1,45.1399387851281,42.08818210191727
winter wheat,1,45.14991008478183,42.10677722829854
winter wheat,1,45.13481838800862,42.26766549568435
winter wheat,1,45.12161315333206,42.072820910558825
winter wheat,1,45.14020827971334,42.136421632674484
winter wheat,1,45.115684272456875,42.066353040513164
winter wheat,1,45.14640665517376,42.09195502611057
winter wheat,1,45.12053517499112,42.258772174371565
winter wheat,1,45.14128625805428,42.09195502611057
winter wheat,1,45.12835051796296,42.27871477367902
winter wheat,1,45.12700304503678,42.2560772285192
winter wheat,1,45.142364236395224,42.13318769765166
potato,11,45.148832106440885,42.13534365433354
winter wheat,1,45.143172720150936,42.08737361816156
winter wheat,1,45.136704850105275,42.285991127480386
winter wheat,1,45.126194561281075,42.25931116354204
winter wheat,1,45.11676225079782,42.06581405134269
winter wheat,1,45.12835051796296,42.250417842229254
winter wheat,1,45.1294284963039,42.277636795338076
winter wheat,1,45.131853947571024,42.28194870870185
winter wheat,1,45.14209474180999,42.28248769787232
winter wheat,1,45.13131495840055,42.28221820328708
winter wheat,1,45.1437117093214,42.266857011928636
winter wheat,1,45.146945644344235,42.09599744488911
winter wheat,1,45.14991008478183,42.09788390698576
winter wheat,1,45.13886080678716,42.085217661479675
winter wheat,1,45.14398120390664,42.265240044417226
winter wheat,1,45.14209474180999,42.13345719223689
winter wheat,1,45.140477774298574,42.08198372645684
winter wheat,1,45.1504490739523,42.101117842008584
winter wheat,1,45.124308099184425,42.062310621734625
winter wheat,1,45.14344221473617,42.090877047769624
winter wheat,1,45.1399387851281,42.08737361816156
winter wheat,1,45.142903225565696,42.27655881699713
winter wheat,1,45.146676149758996,42.2808707303609
winter wheat,1,45.12457759376966,42.260658636468214
winter wheat,1,45.1294284963039,42.080366758945424
winter wheat,1,45.14398120390664,42.09303300445151
winter wheat,1,45.15152705229325,42.099231379911934
winter wheat,1,45.1294284963039,42.25931116354204
winter wheat,1,45.12296062625824,42.06069365422321
winter wheat,1,45.12296062625824,42.258772174371565
winter wheat,1,45.132662431326736,42.08629563982061
winter wheat,1,45.12888950713343,42.27413336573001
winter wheat,1,45.12835051796296,42.087104123576324
winter wheat,1,45.132392936741496,42.27601982782666
winter wheat,1,45.130775969230086,42.27143841987765
winter wheat,1,45.126194561281075,42.24933986388831
winter wheat,1,45.146676149758996,42.136960621844956
winter wheat,1,45.14182524722475,42.10084834742335
winter wheat,1,45.1504490739523,42.10354329327571
winter wheat,1,45.15314401980466,42.10731621746901
winter wheat,1,45.124308099184425,42.06311910549033
winter wheat,1,45.12349961542871,42.072551415973585
winter wheat,1,45.13131495840055,42.25985015271251
winter wheat,1,45.12835051796296,42.083061704797785
winter wheat,1,45.12376911001395,42.27170791446289
winter wheat,1,45.12700304503678,42.25715520686015
winter wheat,1,45.1391303013724,42.28841657874751
winter wheat,1,45.13966929054287,42.267126506513875
winter wheat,1,45.122152142502536,42.066622535098396
winter wheat,1,45.15152705229325,42.10327379869047
winter wheat,1,45.125925066695835,42.07632434016689
winter wheat,1,45.13886080678716,42.081175242701136
winter wheat,1,45.14964059019659,42.10273480952
winter wheat,1,45.13966929054287,42.13669112725972
winter wheat,1,45.12269113167301,42.07309040514406
winter wheat,1,45.15152705229325,42.09195502611057
winter wheat,1,45.13374040966768,42.08252271562731
potato,11,45.144789687662346,42.130492751799295
winter wheat,1,45.122152142502536,42.264431560661514
winter wheat,1,45.14802362268518,42.138847083941606
winter wheat,1,45.15152705229325,42.10003986366765
winter wheat,1,45.15125755770801,42.10866369039519
winter wheat,1,45.143172720150936,42.0922245206958
potato,11,45.1256555721106,42.275480838656186
winter wheat,1,45.14182524722475,42.08926008025821
winter wheat,1,45.132123442156264,42.081175242701136
winter wheat,1,45.14775412809994,42.08656513440585
winter wheat,1,45.136704850105275,42.27386387114477
potato,11,45.15314401980466,42.09572795030387
winter wheat,1,45.131853947571024,42.25769419603062
winter wheat,1,45.122152142502536,42.07362939431453
winter wheat,1,45.13939979595763,42.085217661479675
winter wheat,1,45.13131495840055,42.275480838656186
winter wheat,1,45.12673355045155,42.263353582320576
winter wheat,1,45.1399387851281,42.13588264350401
winter wheat,1,45.14748463351471,42.27628932241189
winter wheat,1,45.14209474180999,42.09680592864481
winter wheat,1,45.12835051796296,42.0876431127468
potato,11,45.14128625805428,42.13480466516307
winter wheat,1,45.12754203420725,42.25068733681449
winter wheat,1,45.14775412809994,42.10462127161665
winter wheat,1,45.14182524722475,42.07821080226354
winter wheat,1,45.12134365874683,42.074168383485
winter wheat,1,45.12376911001395,42.07309040514406
winter wheat,1,45.14937109561136,42.13723011643019
winter wheat,1,45.14775412809994,42.10408228244618
winter wheat,1,45.118109723724,42.066353040513164
winter wheat,1,45.13562687176433,42.27224690363336
winter wheat,1,45.13293192591197,42.2808707303609
winter wheat,1,45.124038604599185,42.27009094695147
winter wheat,1,45.1437117093214,42.103812787860946
winter wheat,1,45.12754203420725,42.264970549831986
winter wheat,1,45.13535737717909,42.08548715606491
winter wheat,1,45.14128625805428,42.097344917815285
winter wheat,1,45.13778282844621,42.28572163289515
winter wheat,1,45.1437117093214,42.10435177703142
winter wheat,1,45.134279398838146,42.2800622466052
winter wheat,1,45.14452019307711,42.095188961133395
winter wheat,1,45.13966929054287,42.08629563982061
winter wheat,1,45.1399387851281,42.085217661479675
winter wheat,1,45.13589636634956,42.27413336573001
winter wheat,1,45.146676149758996,42.27817578450855
winter wheat,1,45.119996185820646,42.06392758924604
winter wheat,1,45.149101601026125,42.091685531525336
winter wheat,1,45.14802362268518,42.28194870870185
winter wheat,1,45.14182524722475,42.2733248819743
winter wheat,1,45.1437117093214,42.274941849485714
winter wheat,1,45.14640665517376,42.28194870870185
winter wheat,1,45.150718568537535,42.09249401528104
winter wheat,1,45.13562687176433,42.08575665065015
winter wheat,1,45.14398120390664,42.099500874497174
winter wheat,1,45.14074726888381,42.088990585672974
winter wheat,1,45.14182524722475,42.07605484558165
winter wheat,1,45.134548893423386,42.27655881699713
winter wheat,1,45.14101676346905,42.281409719531375
winter wheat,1,45.14452019307711,42.28410466538374
winter wheat,1,45.13805232303145,42.28114022494614
winter wheat,1,45.143172720150936,42.10435177703142
winter wheat,1,45.11837921830924,42.07120394304741
winter wheat,1,45.14829311727041,42.28033174119043
winter wheat,1,45.14155575263952,42.07740231850783
winter wheat,1,45.12915900171867,42.27979275201996
winter wheat,1,45.14613716058853,42.26793499026958
winter wheat,1,45.14398120390664,42.0989618853267
winter wheat,1,45.13400990425291,42.08360069396826
winter wheat,1,45.124308099184425,42.267126506513875
winter wheat,1,45.13104546381532,42.27009094695147
winter wheat,1,45.144250698491874,42.087104123576324
potato,11,45.13939979595763,42.13561314891878
winter wheat,1,45.12754203420725,42.26011964729774
winter wheat,1,45.130236980059614,42.08252271562731
winter wheat,1,45.12511658294013,42.26470105524675
winter wheat,1,45.128081023377725,42.25742470144539
winter wheat,1,45.130775969230086,42.27170791446289
winter wheat,1,45.12053517499112,42.07120394304741
winter wheat,1,45.14937109561136,42.27844527909378
winter wheat,1,45.13374040966768,42.08225322104208
winter wheat,1,45.150988063122774,42.10084834742335
winter wheat,1,45.132662431326736,42.26146712022392
potato,11,45.14532867683282,42.095458455718635
winter wheat,1,45.13481838800862,42.27143841987765
winter wheat,1,45.12888950713343,42.250956831399726
winter wheat,1,45.14020827971334,42.136960621844956
winter wheat,1,45.136435355520035,42.283296181628025
winter wheat,1,45.138321817616685,42.28114022494614
winter wheat,1,45.14398120390664,42.27979275201996
winter wheat,1,45.14398120390664,42.28410466538374
winter wheat,1,45.1534135143899,42.10516026078712
winter wheat,1,45.136704850105275,42.08387018855349
winter wheat,1,45.130236980059614,42.260658636468214
winter wheat,1,45.143172720150936,42.10516026078712
winter wheat,1,45.14721513892947,42.275750333241426
winter wheat,1,45.1391303013724,42.08737361816156
winter wheat,1,45.12080466957636,42.2552687447635
winter wheat,1,45.12323012084348,42.06527506217222
winter wheat,1,45.12673355045155,42.26416206607628
winter wheat,1,45.14640665517376,42.09491946654816
winter wheat,1,45.15206604146372,42.093571993621985
winter wheat,1,45.150718568537535,42.090877047769624
winter wheat,1,45.134279398838146,42.27979275201996
winter wheat,1,45.1294284963039,42.28114022494614
winter wheat,1,45.124308099184425,42.06177163256415
winter wheat,1,45.132392936741496,42.2770978061676
winter wheat,1,45.13805232303145,42.08791260733203
winter wheat,1,45.119996185820646,42.074707372655475
winter wheat,1,45.11460629411593,42.06743101885411
winter wheat,1,45.130775969230086,42.26847397944005
winter wheat,1,45.130236980059614,42.264970549831986
winter wheat,1,45.14586766600329,42.09464997196293
winter wheat,1,45.12969799088914,42.252573798911136
winter wheat,1,45.136435355520035,42.285182643724674
winter wheat,1,45.12754203420725,42.26227560397963
winter wheat,1,45.13481838800862,42.28114022494614
winter wheat,1,45.142633730980464,42.09411098279246
winter wheat,1,45.13104546381532,42.27655881699713
winter wheat,1,45.12053517499112,42.25580773393397
winter wheat,1,45.14856261185565,42.10057885283812
winter wheat,1,45.1437117093214,42.08629563982061
winter wheat,1,45.1218826479173,42.26200610939439
winter wheat,1,45.14101676346905,42.28572163289515
winter wheat,1,45.14802362268518,42.08791260733203
winter wheat,1,45.14613716058853,42.091685531525336
winter wheat,1,45.134548893423386,42.281679214116615
winter wheat,1,45.13562687176433,42.279523257434725
winter wheat,1,45.142364236395224,42.28626062206562
winter wheat,1,45.13886080678716,42.27224690363336
winter wheat,1,45.14074726888381,42.089529574843446
winter wheat,1,45.14209474180999,42.27143841987765
winter wheat,1,45.14937109561136,42.132648708481184
winter wheat,1,45.152605030634184,42.097344917815285
winter wheat,1,45.14101676346905,42.12914527887312
winter wheat,1,45.14721513892947,42.27009094695147
winter wheat,1,45.152874525219424,42.10542975537236
winter wheat,1,45.1248470883549,42.27062993612194
winter wheat,1,45.12888950713343,42.252573798911136
winter wheat,1,45.1286200125482,42.269551957781
winter wheat,1,45.12080466957636,42.25715520686015
potato,11,45.14532867683282,42.12537235467981
winter wheat,1,45.11460629411593,42.06770051343934
winter wheat,1,45.12080466957636,42.07551585641118
winter wheat,1,45.15152705229325,42.10542975537236
winter wheat,1,45.12053517499112,42.262545098564864
winter wheat,1,45.14775412809994,42.13938607311208
winter wheat,1,45.12376911001395,42.263084087735336
winter wheat,1,45.14586766600329,42.097614412400524
winter wheat,1,45.12538607752536,42.07605484558165
potato,11,45.138321817616685,42.12618083843552
winter wheat,1,45.136435355520035,42.08063625353066
winter wheat,1,45.12349961542871,42.26011964729774
winter wheat,1,45.13751333386098,42.27682831158236
winter wheat,1,45.146676149758996,42.27790628992331
winter wheat,1,45.15125755770801,42.13345719223689
winter wheat,1,45.13320142049721,42.26146712022392
winter wheat,1,45.130775969230086,42.26550953900246
winter wheat,1,45.1437117093214,42.27467235490048
winter wheat,1,45.11864871289447,42.07120394304741
winter wheat,1,45.12781152879249,42.24718390720642
winter wheat,1,45.14775412809994,42.101926325764296
winter wheat,1,45.150718568537535,42.0989618853267
winter wheat,1,45.14209474180999,42.09006856401392
winter wheat,1,45.117570734553524,42.07147343763264
winter wheat,1,45.14748463351471,42.13345719223689
winter wheat,1,45.13400990425291,42.28221820328708
winter wheat,1,45.12242163708777,42.074437878070235
winter wheat,1,45.1504490739523,42.279523257434725
winter wheat,1,45.15152705229325,42.10866369039519
winter wheat,1,45.1218826479173,42.07309040514406
winter wheat,1,45.13778282844621,42.08387018855349
winter wheat,1,45.119457196650174,42.06177163256415
winter wheat,1,45.146945644344235,42.09114654235486
winter wheat,1,45.14559817141806,42.0922245206958
winter wheat,1,45.130775969230086,42.27898426826425
winter wheat,1,45.140477774298574,42.08144473728637
winter wheat,1,45.14802362268518,42.27197740904812
winter wheat,1,45.12646405586631,42.266857011928636
winter wheat,1,45.125925066695835,42.275750333241426
winter wheat,1,45.143172720150936,42.0846786723092
winter wheat,1,45.14155575263952,42.09276350986627
winter wheat,1,45.119457196650174,42.258502679786325
winter wheat,1,45.14586766600329,42.13857758935637
winter wheat,1,45.143172720150936,42.28194870870185
winter wheat,1,45.14991008478183,42.13345719223689
winter wheat,1,45.12269113167301,42.06258011631986
winter wheat,1,45.14937109561136,42.10246531493477
winter wheat,1,45.15152705229325,42.13938607311208
winter wheat,1,45.1504490739523,42.13534365433354
winter wheat,1,45.12296062625824,42.26766549568435
winter wheat,1,45.13535737717909,42.2838351707985
winter wheat,1,45.138591312201925,42.130492751799295
winter wheat,1,45.12781152879249,42.08548715606491
winter wheat,1,45.145059182247586,42.28302668704279
winter wheat,1,45.150718568537535,42.2800622466052
winter wheat,1,45.14964059019659,42.09249401528104
winter wheat,1,45.13104546381532,42.279253762849486
winter wheat,1,45.15206604146372,42.10866369039519
winter wheat,1,45.150988063122774,42.09384148820722
winter wheat,1,45.11864871289447,42.072551415973585
winter wheat,1,45.14209474180999,42.27844527909378
winter wheat,1,45.13589636634956,42.27062993612194
winter wheat,1,45.13400990425291,42.270899430707175
winter wheat,1,45.14209474180999,42.09438047737769
winter wheat,1,45.142903225565696,42.26389257149104
winter wheat,1,45.14937109561136,42.27979275201996
winter wheat,1,45.14128625805428,42.27655881699713
winter wheat,1,45.14586766600329,42.281409719531375
winter wheat,1,45.12134365874683,42.062310621734625
winter wheat,1,45.14721513892947,42.28194870870185
winter wheat,1,45.138591312201925,42.28706910582133
winter wheat,1,45.14829311727041,42.27790628992331
winter wheat,1,45.122152142502536,42.064197083831274
winter wheat,1,45.12781152879249,42.085217661479675
winter wheat,1,45.1361658609348,42.081175242701136
winter wheat,1,45.12376911001395,42.07389888889977
winter wheat,1,45.13293192591197,42.0846786723092
winter wheat,1,45.140477774298574,42.08252271562731
winter wheat,1,45.14964059019659,42.10812470122472
winter wheat,1,45.128081023377725,42.263353582320576
winter wheat,1,45.1504490739523,42.27979275201996
winter wheat,1,45.12538607752536,42.274941849485714
winter wheat,1,45.12242163708777,42.26200610939439
winter wheat,1,45.14128625805428,42.285991127480386
winter wheat,1,45.120265680405886,42.26173661480916
potato,11,45.14128625805428,42.13507415974831
winter wheat,1,45.14775412809994,42.275750333241426
winter wheat,1,45.14532867683282,42.08413968313873
winter wheat,1,45.11622326162735,42.066622535098396
potato,11,45.134279398838146,42.281409719531375
winter wheat,1,45.12673355045155,42.27467235490048
winter wheat,1,45.142633730980464,42.090877047769624
winter wheat,1,45.14532867683282,42.08387018855349
winter wheat,1,45.13104546381532,42.087104123576324
winter wheat,1,45.144250698491874,42.124563870924106
winter wheat,1,45.14532867683282,42.093571993621985
winter wheat,1,45.128081023377725,42.26982145236624
potato,11,45.15125755770801,42.13830809477113
winter wheat,1,45.14074726888381,42.279253762849486
winter wheat,1,45.13508788259386,42.2733248819743
winter wheat,1,45.14559817141806,42.10435177703142
winter wheat,1,45.13104546381532,42.08144473728637
winter wheat,1,45.142903225565696,42.128606289702645
winter wheat,1,45.138591312201925,42.2838351707985
winter wheat,1,45.13966929054287,42.28653011665086
winter wheat,1,45.118109723724,42.066083545927924
winter wheat,1,45.14182524722475,42.12941477345835
winter wheat,1,45.13131495840055,42.27224690363336
winter wheat,1,45.15017957936706,42.09626693947434
winter wheat,1,45.132123442156264,42.27386387114477
winter wheat,1,45.144250698491874,42.2733248819743
winter wheat,1,45.1248470883549,42.062041127149385
winter wheat,1,45.119457196650174,42.06958697553599
winter wheat,1,45.13778282844621,42.274941849485714
winter wheat,1,45.14775412809994,42.091416036940096
winter wheat,1,45.14559817141806,42.26982145236624
winter wheat,1,45.13805232303145,42.126719827605996
winter wheat,1,45.12781152879249,42.265240044417226
winter wheat,1,45.15017957936706,42.10408228244618
winter wheat,1,45.134279398838146,42.27062993612194
winter wheat,1,45.128081023377725,42.270899430707175
winter wheat,1,45.12969799088914,42.28437415996897
winter wheat,1,45.130775969230086,42.27009094695147
winter wheat,1,45.142364236395224,42.09707542323005
winter wheat,1,45.12161315333206,42.06069365422321
winter wheat,1,45.131853947571024,42.08548715606491
winter wheat,1,45.143172720150936,42.08791260733203
winter wheat,1,45.13050647464485,42.27386387114477
winter wheat,1,45.15125755770801,42.136960621844956
winter wheat,1,45.14640665517376,42.09411098279246
winter wheat,1,45.12053517499112,42.066892029683636
winter wheat,1,45.13293192591197,42.083061704797785
winter wheat,1,45.12538607752536,42.27062993612194
winter wheat,1,45.12107416416159,42.068778491780286
winter wheat,1,45.1504490739523,42.09626693947434
winter wheat,1,45.1391303013724,42.0876431127468
winter wheat,1,45.144789687662346,42.2703604415367
winter wheat,1,45.12349961542871,42.266857011928636
winter wheat,1,45.14802362268518,42.27251639821859
winter wheat,1,45.125925066695835,42.26146712022392
winter wheat,1,45.145059182247586,42.08818210191727
winter wheat,1,45.124308099184425,42.26011964729774
winter wheat,1,45.14613716058853,42.105968744542835
winter wheat,1,45.120265680405886,42.068778491780286
winter wheat,1,45.14586766600329,42.27062993612194
winter wheat,1,45.143172720150936,42.27682831158236
winter wheat,1,45.128081023377725,42.26739600109911
winter wheat,1,45.14074726888381,42.091416036940096
winter wheat,1,45.14586766600329,42.26982145236624
winter wheat,1,45.145059182247586,42.09411098279246
winter wheat,1,45.12700304503678,42.078480296848774
winter wheat,1,45.14452019307711,42.10516026078712
winter wheat,1,45.1218826479173,42.05880719212656
winter wheat,1,45.14775412809994,42.13965556769732
winter wheat,1,45.1399387851281,42.267126506513875
winter wheat,1,45.118109723724,42.06985647012123
winter wheat,1,45.13805232303145,42.281409719531375
winter wheat,1,45.142364236395224,42.107585712054245
winter wheat,1,45.130775969230086,42.08171423187161
winter wheat,1,45.13104546381532,42.08333119938302
winter wheat,1,45.136704850105275,42.28275719245755
winter wheat,1,45.14748463351471,42.08872109108774
winter wheat,1,45.12511658294013,42.26011964729774
winter wheat,1,45.13104546381532,42.08656513440585
winter wheat,1,45.15017957936706,42.10084834742335
winter wheat,1,45.122152142502536,42.26631802275817
winter wheat,1,45.12511658294013,42.07524636182595
winter wheat,1,45.146676149758996,42.10462127161665
winter wheat,1,45.11864871289447,42.06904798636552
winter wheat,1,45.129967485474374,42.2733248819743
winter wheat,1,45.14182524722475,42.1275283113617
winter wheat,1,45.14559817141806,42.13507415974831
winter wheat,1,45.14101676346905,42.125911343850284
winter wheat,1,45.12134365874683,42.258502679786325
winter wheat,1,45.122152142502536,42.074168383485
winter wheat,1,45.142633730980464,42.093302499036746
winter wheat,1,45.132392936741496,42.08602614523538
winter wheat,1,45.12915900171867,42.27197740904812
winter wheat,1,45.12969799088914,42.264970549831986
winter wheat,1,45.1391303013724,42.283565676213264
winter wheat,1,45.118109723724,42.07012596470646
winter wheat,1,45.138321817616685,42.2808707303609
winter wheat,1,45.11837921830924,42.07201242680311
winter wheat,1,45.14559817141806,42.095188961133395
winter wheat,1,45.14721513892947,42.2733248819743
winter wheat,1,45.132662431326736,42.274941849485714
winter wheat,1,45.13320142049721,42.275480838656186
winter wheat,1,45.119726691235414,42.06770051343934
winter wheat,1,45.13481838800862,42.27009094695147
winter wheat,1,45.136435355520035,42.27413336573001
winter wheat,1,45.146676149758996,42.275750333241426
winter wheat,1,45.12376911001395,42.267126506513875
winter wheat,1,45.143172720150936,42.09411098279246
winter wheat,1,45.13805232303145,42.277636795338076
winter wheat,1,45.14775412809994,42.27413336573001
winter wheat,1,45.12727253962202,42.2514958205702
winter wheat,1,45.13131495840055,42.27359437655954
winter wheat,1,45.14074726888381,42.13345719223689
winter wheat,1,45.14802362268518,42.09842289615623
winter wheat,1,45.12161315333206,42.066083545927924
winter wheat,1,45.14398120390664,42.10354329327571
potato,11,45.142903225565696,42.12806730053217
winter wheat,1,45.12457759376966,42.25365177725208
winter wheat,1,45.15314401980466,42.09788390698576
winter wheat,1,45.117570734553524,42.0703954592917
winter wheat,1,45.14559817141806,42.0876431127468
winter wheat,1,45.146945644344235,42.128336795117406
winter wheat,1,45.142903225565696,42.088990585672974
winter wheat,1,45.134548893423386,42.27197740904812
winter wheat,1,45.14829311727041,42.273055387389064
winter wheat,1,45.14155575263952,42.279523257434725
winter wheat,1,45.13966929054287,42.28302668704279
winter wheat,1,45.11676225079782,42.06554455675745
winter wheat,1,45.14074726888381,42.08279221021255
winter wheat,1,45.14398120390664,42.10273480952
winter wheat,1,45.1437117093214,42.08791260733203
winter wheat,1,45.13320142049721,42.08225322104208
winter wheat,1,45.12349961542871,42.25499925017826
winter wheat,1,45.14074726888381,42.08198372645684
winter wheat,1,45.14829311727041,42.2800622466052
winter wheat,1,45.13724383927574,42.26847397944005
winter wheat,1,45.13374040966768,42.269012968610525
winter wheat,1,45.13724383927574,42.26793499026958
winter wheat,1,45.13158445298579,42.2703604415367
winter wheat,1,45.12754203420725,42.25769419603062
winter wheat,1,45.12161315333206,42.07093444846217
winter wheat,1,45.11837921830924,42.0703954592917
winter wheat,1,45.12511658294013,42.26631802275817
winter wheat,1,45.14748463351471,42.13318769765166
winter wheat,1,45.12376911001395,42.25419076642255
winter wheat,1,45.13751333386098,42.285452138309914
winter wheat,1,45.14586766600329,42.27009094695147
winter wheat,1,45.142903225565696,42.10839419580996
winter wheat,1,45.14721513892947,42.095188961133395
winter wheat,1,45.14640665517376,42.08144473728637
winter wheat,1,45.1286200125482,42.08144473728637
potato,11,45.12835051796296,42.080366758945424
potato,11,45.14775412809994,42.10327379869047
winter wheat,1,45.13481838800862,42.281679214116615
potato,11,45.14964059019659,42.27655881699713
winter wheat,1,45.14344221473617,42.085217661479675
winter wheat,1,45.120265680405886,42.258502679786325
winter wheat,1,45.13347091508244,42.26874347402529
winter wheat,1,45.12349961542871,42.074168383485
winter wheat,1,45.14128625805428,42.093302499036746
winter wheat,1,45.14559817141806,42.101387336593824
winter wheat,1,45.14991008478183,42.093302499036746
potato,11,45.14829311727041,42.13399618140736
winter wheat,1,45.14182524722475,42.132648708481184
winter wheat,1,45.1399387851281,42.136960621844956
winter wheat,1,45.14074726888381,42.269282463195765
winter wheat,1,45.12242163708777,42.2552687447635
winter wheat,1,45.143172720150936,42.10273480952
potato,11,45.150718568537535,42.08737361816156
winter wheat,1,45.145059182247586,42.136421632674484
winter wheat,1,45.12161315333206,42.05772921378561
winter wheat,1,45.150988063122774,42.10893318498043
winter wheat,1,45.13320142049721,42.27009094695147
winter wheat,1,45.12053517499112,42.258502679786325
winter wheat,1,45.143172720150936,42.09114654235486
winter wheat,1,45.1391303013724,42.08333119938302
winter wheat,1,45.12969799088914,42.27790628992331
winter wheat,1,45.1256555721106,42.27655881699713
winter wheat,1,45.14532867683282,42.10650773371331
winter wheat,1,45.12754203420725,42.25985015271251
winter wheat,1,45.14020827971334,42.13776910560066
winter wheat,1,45.13697434469051,42.27440286031524
winter wheat,1,45.13481838800862,42.08171423187161
winter wheat,1,45.142903225565696,42.26416206607628
winter wheat,1,45.1437117093214,42.101387336593824
winter wheat,1,45.14559817141806,42.08602614523538
winter wheat,1,45.14559817141806,42.28410466538374
winter wheat,1,45.12296062625824,42.0733598997293
winter wheat,1,45.13724383927574,42.08279221021255
winter wheat,1,45.13104546381532,42.28033174119043
winter wheat,1,45.146945644344235,42.09788390698576
winter wheat,1,45.119996185820646,42.25499925017826
winter wheat,1,45.14829311727041,42.09060755318439
winter wheat,1,45.1294284963039,42.264431560661514
winter wheat,1,45.124038604599185,42.265240044417226
winter wheat,1,45.131853947571024,42.08279221021255
winter wheat,1,45.142364236395224,42.09842289615623
winter wheat,1,45.125925066695835,42.076863329337364
winter wheat,1,45.13589636634956,42.27467235490048
winter wheat,1,45.13374040966768,42.269282463195765
winter wheat,1,45.143172720150936,42.07767181309307
winter wheat,1,45.11891820747971,42.25419076642255
winter wheat,1,45.136704850105275,42.28437415996897
winter wheat,1,45.132123442156264,42.265240044417226
winter wheat,1,45.115684272456875,42.067970008024574
winter wheat,1,45.119457196650174,42.25823318520109
winter wheat,1,45.1286200125482,42.26173661480916
winter wheat,1,45.14640665517376,42.138847083941606
winter wheat,1,45.1534135143899,42.10084834742335
winter wheat,1,45.143172720150936,42.09815340157099
winter wheat,1,45.143172720150936,42.26416206607628
winter wheat,1,45.143172720150936,42.080905748115896
winter wheat,1,45.14829311727041,42.09114654235486
winter wheat,1,45.12269113167301,42.26092813105345
winter wheat,1,45.14748463351471,42.27386387114477
winter wheat,1,45.142364236395224,42.279253762849486
winter wheat,1,45.14182524722475,42.27979275201996
winter wheat,1,45.12134365874683,42.260658636468214
winter wheat,1,45.14748463351471,42.09464997196293
winter wheat,1,45.14829311727041,42.132648708481184
winter wheat,1,45.132662431326736,42.27655881699713
winter wheat,1,45.14640665517376,42.275211344070954
winter wheat,1,45.119726691235414,42.06581405134269
winter wheat,1,45.12646405586631,42.25958065812727
winter wheat,1,45.14074726888381,42.078749791434014
winter wheat,1,45.12781152879249,42.269012968610525
winter wheat,1,45.12781152879249,42.2733248819743
winter wheat,1,45.14532867683282,42.0922245206958
winter wheat,1,45.14344221473617,42.125911343850284
winter wheat,1,45.128081023377725,42.275211344070954
winter wheat,1,45.14182524722475,42.078749791434014
winter wheat,1,45.15152705229325,42.09249401528104
winter wheat,1,45.13778282844621,42.26982145236624
winter wheat,1,45.14964059019659,42.09653643405958
potato,11,45.14640665517376,42.132648708481184
winter wheat,1,45.14802362268518,42.27440286031524
winter wheat,1,45.14398120390664,42.27817578450855
potato,11,45.14020827971334,42.080366758945424
winter wheat,1,45.130236980059614,42.25338228266685
winter wheat,1,45.1391303013724,42.131301235555
winter wheat,1,45.12888950713343,42.270899430707175
winter wheat,1,45.1248470883549,42.24987885305878
winter wheat,1,45.14613716058853,42.10920267956566
winter wheat,1,45.142903225565696,42.08198372645684
winter wheat,1,45.1256555721106,42.25931116354204
winter wheat,1,45.145059182247586,42.27197740904812
winter wheat,1,45.14937109561136,42.105968744542835
winter wheat,1,45.146945644344235,42.10516026078712
winter wheat,1,45.1248470883549,42.25338228266685
winter wheat,1,45.119996185820646,42.07201242680311
winter wheat,1,45.143172720150936,42.10623823912807
winter wheat,1,45.13293192591197,42.275211344070954
winter wheat,1,45.14209474180999,42.07821080226354
potato,11,45.14991008478183,42.0884515965025
winter wheat,1,45.134279398838146,42.27844527909378
winter wheat,1,45.12969799088914,42.27682831158236
winter wheat,1,45.13805232303145,42.0846786723092
winter wheat,1,45.1399387851281,42.285182643724674
winter wheat,1,45.150988063122774,42.09033805859915
winter wheat,1,45.136704850105275,42.27655881699713
winter wheat,1,45.120265680405886,42.06554455675745
winter wheat,1,45.130775969230086,42.25796369061585
winter wheat,1,45.152605030634184,42.10246531493477
winter wheat,1,45.12835051796296,42.25446026100779
winter wheat,1,45.14559817141806,42.275480838656186
winter wheat,1,45.15233553604895,42.10650773371331
winter wheat,1,45.145059182247586,42.08926008025821
winter wheat,1,45.143172720150936,42.099500874497174
winter wheat,1,45.14128625805428,42.0846786723092
winter wheat,1,45.15125755770801,42.10462127161665
winter wheat,1,45.12376911001395,42.26038914188298
winter wheat,1,45.11918770206494,42.06743101885411
winter wheat,1,45.14748463351471,42.105968744542835
winter wheat,1,45.1256555721106,42.277636795338076
winter wheat,1,45.12107416416159,42.05880719212656
winter wheat,1,45.140477774298574,42.13022325721406
winter wheat,1,45.126194561281075,42.25392127183732
winter wheat,1,45.12915900171867,42.27601982782666
winter wheat,1,45.14964059019659,42.10893318498043
winter wheat,1,45.12323012084348,42.26092813105345
winter wheat,1,45.13966929054287,42.08575665065015
winter wheat,1,45.14613716058853,42.0922245206958
winter wheat,1,45.14559817141806,42.26766549568435
winter wheat,1,45.1218826479173,42.26362307690581
winter wheat,1,45.122152142502536,42.2590416689568
winter wheat,1,45.115953767042114,42.06581405134269
potato,11,45.13374040966768,42.2703604415367
potato,11,45.13751333386098,42.080366758945424
winter wheat,1,45.144250698491874,42.09384148820722
winter wheat,1,45.149101601026125,42.13157073014024
winter wheat,1,45.12754203420725,42.26119762563869
winter wheat,1,45.14155575263952,42.28033174119043
winter wheat,1,45.138591312201925,42.087104123576324
winter wheat,1,45.142364236395224,42.1237553871684
winter wheat,1,45.14344221473617,42.086834628991085
winter wheat,1,45.152605030634184,42.101117842008584
winter wheat,1,45.13562687176433,42.2838351707985
potato,11,45.138321817616685,42.27844527909378
winter wheat,1,45.12107416416159,42.072551415973585
winter wheat,1,45.132392936741496,42.27197740904812
winter wheat,1,45.146676149758996,42.27898426826425
winter wheat,1,45.132123442156264,42.2733248819743
winter wheat,1,45.12538607752536,42.26604852817293
winter wheat,1,45.13886080678716,42.08360069396826
winter wheat,1,45.14452019307711,42.26847397944005
winter wheat,1,45.15017957936706,42.09006856401392
winter wheat,1,45.14182524722475,42.0846786723092
winter wheat,1,45.12646405586631,42.2770978061676
winter wheat,1,45.145059182247586,42.26820448485482
winter wheat,1,45.13751333386098,42.269282463195765
winter wheat,1,45.14155575263952,42.28572163289515
winter wheat,1,45.14775412809994,42.10731621746901
winter wheat,1,45.13320142049721,42.27359437655954
winter wheat,1,45.13374040966768,42.27790628992331
winter wheat,1,45.13131495840055,42.08737361816156
winter wheat,1,45.14155575263952,42.12941477345835
winter wheat,1,45.1391303013724,42.2838351707985
winter wheat,1,45.142633730980464,42.28033174119043
winter wheat,1,45.11487578870117,42.066622535098396
winter wheat,1,45.1256555721106,42.24987885305878
winter wheat,1,45.13050647464485,42.25365177725208
winter wheat,1,45.13158445298579,42.266857011928636
winter wheat,1,45.14155575263952,42.269012968610525
winter wheat,1,45.14074726888381,42.28437415996897
winter wheat,1,45.132392936741496,42.27682831158236
winter wheat,1,45.13697434469051,42.08333119938302
winter wheat,1,45.12323012084348,42.25553823934873
winter wheat,1,45.13939979595763,42.26874347402529
winter wheat,1,45.140477774298574,42.086834628991085
winter wheat,1,45.14775412809994,42.10057885283812
winter wheat,1,45.132392936741496,42.27224690363336
winter wheat,1,45.146945644344235,42.08656513440585
potato,11,45.145059182247586,42.124024881753634
winter wheat,1,45.12053517499112,42.06392758924604
winter wheat,1,45.12700304503678,42.265240044417226
winter wheat,1,45.12754203420725,42.250956831399726
winter wheat,1,45.119996185820646,42.07309040514406
winter wheat,1,45.138321817616685,42.275480838656186
winter wheat,1,45.14640665517376,42.0989618853267
winter wheat,1,45.14802362268518,42.277367300752836
winter wheat,1,45.134279398838146,42.27467235490048
winter wheat,1,45.1286200125482,42.248261885547365
potato,11,45.14586766600329,42.27278589280383
winter wheat,1,45.14452019307711,42.10812470122472
winter wheat,1,45.148832106440885,42.101117842008584
winter wheat,1,45.12242163708777,42.07389888889977
winter wheat,1,45.13050647464485,42.275750333241426
winter wheat,1,45.145059182247586,42.09384148820722
winter wheat,1,45.14586766600329,42.277367300752836
winter wheat,1,45.12457759376966,42.262814593150104
winter wheat,1,45.1437117093214,42.08225322104208
winter wheat,1,45.1286200125482,42.28275719245755
potato,11,45.1361658609348,42.2800622466052
winter wheat,1,45.14209474180999,42.097614412400524
winter wheat,1,45.14128625805428,42.126450333020756
winter wheat,1,45.14182524722475,42.08387018855349
winter wheat,1,45.131853947571024,42.27844527909378
winter wheat,1,45.12323012084348,42.25715520686015
potato,11,45.150988063122774,42.13857758935637
winter wheat,1,45.136435355520035,42.2808707303609
winter wheat,1,45.118109723724,42.06554455675745
winter wheat,1,45.13050647464485,42.26766549568435
winter wheat,1,45.1294284963039,42.26820448485482
winter wheat,1,45.143172720150936,42.27251639821859
winter wheat,1,45.12781152879249,42.2560772285192
winter wheat,1,45.12781152879249,42.256616217689675
winter wheat,1,45.142633730980464,42.078480296848774
winter wheat,1,45.14344221473617,42.12510286009458
winter wheat,1,45.145059182247586,42.09599744488911
winter wheat,1,45.142364236395224,42.2800622466052
winter wheat,1,45.14209474180999,42.27817578450855
winter wheat,1,45.120265680405886,42.256616217689675
winter wheat,1,45.14344221473617,42.079019286019246
winter wheat,1,45.14532867683282,42.27979275201996
winter wheat,1,45.142364236395224,42.09977036908241
winter wheat,1,45.142633730980464,42.281679214116615
winter wheat,1,45.1391303013724,42.2665875173434
winter wheat,1,45.124308099184425,42.25742470144539
winter wheat,1,45.14532867683282,42.097344917815285
winter wheat,1,45.129967485474374,42.283296181628025
potato,11,45.15125755770801,42.095458455718635
potato,11,45.142633730980464,42.26389257149104
winter wheat,1,45.14020827971334,42.28706910582133
winter wheat,1,45.142903225565696,42.099231379911934
winter wheat,1,45.13104546381532,42.08225322104208
potato,11,45.14074726888381,42.13507415974831
winter wheat,1,45.14398120390664,42.27655881699713
winter wheat,1,45.119457196650174,42.06716152426887
winter wheat,1,45.14775412809994,42.27278589280383
winter wheat,1,45.1504490739523,42.095188961133395
winter wheat,1,45.12161315333206,42.05961567588226
winter wheat,1,45.13966929054287,42.28060123577567
winter wheat,1,45.15179654687848,42.134535170577834
winter wheat,1,45.14586766600329,42.09626693947434
potato,11,45.144250698491874,42.12806730053217
winter wheat,1,45.144789687662346,42.09599744488911
winter wheat,1,45.1399387851281,42.08926008025821
winter wheat,1,45.136435355520035,42.27386387114477
potato,11,45.14182524722475,42.13480466516307
winter wheat,1,45.12835051796296,42.26389257149104
winter wheat,1,45.12376911001395,42.25823318520109
winter wheat,1,45.138591312201925,42.275480838656186
winter wheat,1,45.13778282844621,42.08656513440585
winter wheat,1,45.12457759376966,42.074168383485
winter wheat,1,45.13158445298579,42.27224690363336
winter wheat,1,45.129967485474374,42.27143841987765
winter wheat,1,45.119996185820646,42.256885712274915
winter wheat,1,45.12700304503678,42.260658636468214
winter wheat,1,45.12080466957636,42.0636580946608
potato,11,45.14074726888381,42.27628932241189
winter wheat,1,45.142633730980464,42.28114022494614
winter wheat,1,45.13104546381532,42.28114022494614
winter wheat,1,45.119726691235414,42.06311910549033
winter wheat,1,45.1248470883549,42.25958065812727
winter wheat,1,45.1218826479173,42.07578535099642
winter wheat,1,45.13158445298579,42.269012968610525
winter wheat,1,45.14452019307711,42.0922245206958
winter wheat,1,45.144789687662346,42.086834628991085
winter wheat,1,45.15206604146372,42.10327379869047
winter wheat,1,45.143172720150936,42.2808707303609
winter wheat,1,45.122152142502536,42.05907668671179
winter wheat,1,45.146676149758996,42.086834628991085
winter wheat,1,45.14640665517376,42.09707542323005
winter wheat,1,45.149101601026125,42.09977036908241
winter wheat,1,45.13131495840055,42.27655881699713
potato,11,45.14020827971334,42.12698932219123
winter wheat,1,45.128081023377725,42.25365177725208
winter wheat,1,45.1391303013724,42.0846786723092
winter wheat,1,45.13939979595763,42.2808707303609
winter wheat,1,45.14155575263952,42.08656513440585
winter wheat,1,45.118109723724,42.06770051343934
winter wheat,1,45.14209474180999,42.10300430410524
winter wheat,1,45.14613716058853,42.12941477345835
winter wheat,1,45.15233553604895,42.09599744488911
winter wheat,1,45.11891820747971,42.066083545927924
winter wheat,1,45.12969799088914,42.27170791446289
winter wheat,1,45.14856261185565,42.275750333241426
winter wheat,1,45.1218826479173,42.05961567588226
winter wheat,1,45.14182524722475,42.10273480952
winter wheat,1,45.12161315333206,42.260658636468214
winter wheat,1,45.13508788259386,42.28221820328708
winter wheat,1,45.13320142049721,42.08575665065015
winter wheat,1,45.146676149758996,42.13210971931071
winter wheat,1,45.12727253962202,42.25392127183732
winter wheat,1,45.11918770206494,42.06258011631986
winter wheat,1,45.13347091508244,42.27143841987765
winter wheat,1,45.140477774298574,42.270899430707175
winter wheat,1,45.14721513892947,42.130762246384535
winter wheat,1,45.14182524722475,42.26550953900246
winter wheat,1,45.14398120390664,42.08252271562731
winter wheat,1,45.145059182247586,42.10030935825288
winter wheat,1,45.14155575263952,42.132379213895945
winter wheat,1,45.14775412809994,42.130492751799295
winter wheat,1,45.12080466957636,42.06338860007557
winter wheat,1,45.132392936741496,42.2808707303609
winter wheat,1,45.14856261185565,42.10030935825288
winter wheat,1,45.11649275621258,42.06500556758698
winter wheat,1,45.12107416416159,42.06392758924604
winter wheat,1,45.149101601026125,42.13992506228255
winter wheat,1,45.1437117093214,42.283565676213264
winter wheat,1,45.12915900171867,42.269551957781
winter wheat,1,45.1286200125482,42.25769419603062
winter wheat,1,45.12754203420725,42.279253762849486
winter wheat,1,45.12511658294013,42.262814593150104
winter wheat,1,45.14128625805428,42.0922245206958
winter wheat,1,45.144250698491874,42.27278589280383
winter wheat,1,45.14452019307711,42.10246531493477
winter wheat,1,45.146945644344235,42.08548715606491
winter wheat,1,45.12969799088914,42.263084087735336
winter wheat,1,45.14856261185565,42.095188961133395
winter wheat,1,45.14964059019659,42.13669112725972
winter wheat,1,45.12323012084348,42.07362939431453
winter wheat,1,45.15314401980466,42.10704672288378
winter wheat,1,45.13778282844621,42.27170791446289
winter wheat,1,45.14721513892947,42.136960621844956
winter wheat,1,45.12969799088914,42.27251639821859
winter wheat,1,45.13158445298579,42.28060123577567
winter wheat,1,45.14937109561136,42.10731621746901
winter wheat,1,45.13104546381532,42.264970549831986
winter wheat,1,45.1399387851281,42.26631802275817
potato,11,45.125925066695835,42.27601982782666
winter wheat,1,45.12242163708777,42.260658636468214
winter wheat,1,45.13939979595763,42.27790628992331
winter wheat,1,45.15125755770801,42.101387336593824
winter wheat,1,45.1286200125482,42.254729755593026
winter wheat,1,45.14128625805428,42.12806730053217
winter wheat,1,45.14856261185565,42.28114022494614
winter wheat,1,45.14586766600329,42.08548715606491
winter wheat,1,45.14721513892947,42.13022325721406
winter wheat,1,45.138321817616685,42.274941849485714
potato,11,45.142633730980464,42.13480466516307
winter wheat,1,45.13535737717909,42.0876431127468
winter wheat,1,45.119726691235414,42.072820910558825
winter wheat,1,45.12781152879249,42.08737361816156
winter wheat,1,45.14452019307711,42.08387018855349
winter wheat,1,45.12727253962202,42.277636795338076
winter wheat,1,45.1256555721106,42.2590416689568
potato,11,45.142633730980464,42.128336795117406
winter wheat,1,45.15179654687848,42.095188961133395
winter wheat,1,45.1294284963039,42.08198372645684
winter wheat,1,45.13724383927574,42.27790628992331
winter wheat,1,45.13104546381532,42.26847397944005
winter wheat,1,45.145059182247586,42.08440917772396
winter wheat,1,45.13158445298579,42.08737361816156
winter wheat,1,45.12969799088914,42.25122632598496
winter wheat,1,45.14559817141806,42.101656831179056
winter wheat,1,45.12969799088914,42.08737361816156
winter wheat,1,45.13158445298579,42.08413968313873
winter wheat,1,45.136704850105275,42.08413968313873
winter wheat,1,45.12053517499112,42.06177163256415
winter wheat,1,45.15125755770801,42.099500874497174
winter wheat,1,45.117570734553524,42.06958697553599
winter wheat,1,45.13320142049721,42.26200610939439
winter wheat,1,45.12646405586631,42.260658636468214
winter wheat,1,45.14937109561136,42.0876431127468
winter wheat,1,45.142364236395224,42.08656513440585
winter wheat,1,45.142633730980464,42.28194870870185
winter wheat,1,45.14128625805428,42.28275719245755
winter wheat,1,45.13589636634956,42.285182643724674
winter wheat,1,45.12727253962202,42.27251639821859
winter wheat,1,45.13535737717909,42.27844527909378
winter wheat,1,45.131853947571024,42.25796369061585
winter wheat,1,45.14398120390664,42.275211344070954
winter wheat,1,45.12349961542871,42.07524636182595
winter wheat,1,45.1286200125482,42.2770978061676
winter wheat,1,45.13293192591197,42.27278589280383
winter wheat,1,45.146945644344235,42.090877047769624
winter wheat,1,45.14856261185565,42.13345719223689
winter wheat,1,45.14991008478183,42.10003986366765
winter wheat,1,45.1248470883549,42.26766549568435
winter wheat,1,45.14640665517376,42.08413968313873
winter wheat,1,45.1361658609348,42.28221820328708
winter wheat,1,45.14586766600329,42.09653643405958
winter wheat,1,45.13104546381532,42.26011964729774
winter wheat,1,45.146676149758996,42.084948166894435
winter wheat,1,45.13724383927574,42.132648708481184
winter wheat,1,45.13347091508244,42.2800622466052
winter wheat,1,45.15206604146372,42.09599744488911
winter wheat,1,45.13886080678716,42.27467235490048
winter wheat,1,45.117570734553524,42.06527506217222
winter wheat,1,45.1286200125482,42.25176531515543
winter wheat,1,45.150988063122774,42.08872109108774
winter wheat,1,45.12349961542871,42.26200610939439
winter wheat,1,45.13751333386098,42.275750333241426
winter wheat,1,45.14074726888381,42.124024881753634
winter wheat,1,45.1294284963039,42.26146712022392
winter wheat,1,45.14586766600329,42.13749961101543
potato,11,45.1437117093214,42.12806730053217
winter wheat,1,45.1437117093214,42.10704672288378
winter wheat,1,45.14613716058853,42.277636795338076
winter wheat,1,45.12700304503678,42.277367300752836
winter wheat,1,45.14964059019659,42.09006856401392
potato,11,45.149101601026125,42.136421632674484
winter wheat,1,45.142364236395224,42.279523257434725
winter wheat,1,45.1399387851281,42.27143841987765
winter wheat,1,45.12296062625824,42.260658636468214
winter wheat,1,45.12915900171867,42.250956831399726
winter wheat,1,45.13131495840055,42.26092813105345
winter wheat,1,45.126194561281075,42.26173661480916
winter wheat,1,45.12700304503678,42.26550953900246
winter wheat,1,45.14829311727041,42.13857758935637
winter wheat,1,45.13697434469051,42.28060123577567
winter wheat,1,45.12835051796296,42.2770978061676
winter wheat,1,45.138591312201925,42.2808707303609
potato,11,45.142364236395224,42.13507415974831
winter wheat,1,45.145059182247586,42.10300430410524
winter wheat,1,45.14344221473617,42.10704672288378
winter wheat,1,45.14452019307711,42.09707542323005
potato,11,45.14020827971334,42.12725881677647
winter wheat,1,45.128081023377725,42.25985015271251
winter wheat,1,45.130775969230086,42.08413968313873
winter wheat,1,45.12969799088914,42.269551957781
winter wheat,1,45.125925066695835,42.26793499026958
winter wheat,1,45.12080466957636,42.06931748095076
winter wheat,1,45.12969799088914,42.083061704797785
winter wheat,1,45.13535737717909,42.27170791446289
winter wheat,1,45.142903225565696,42.084948166894435
winter wheat,1,45.13751333386098,42.28626062206562
winter wheat,1,45.14182524722475,42.12887578428788
winter wheat,1,45.12323012084348,42.26011964729774
winter wheat,1,45.132662431326736,42.25958065812727
winter wheat,1,45.142903225565696,42.08063625353066
winter wheat,1,45.11864871289447,42.06958697553599
winter wheat,1,45.12781152879249,42.27467235490048
winter wheat,1,45.148832106440885,42.105699249957595
winter wheat,1,45.140477774298574,42.27197740904812
winter wheat,1,45.14074726888381,42.091685531525336
winter wheat,1,45.14802362268518,42.10057885283812
winter wheat,1,45.1504490739523,42.09276350986627
winter wheat,1,45.11649275621258,42.06931748095076
winter wheat,1,45.13508788259386,42.27170791446289
winter wheat,1,45.138591312201925,42.267126506513875
winter wheat,1,45.1391303013724,42.26739600109911
winter wheat,1,45.124038604599185,42.25580773393397
winter wheat,1,45.14452019307711,42.28248769787232
winter wheat,1,45.14559817141806,42.10462127161665
potato,11,45.14721513892947,42.27170791446289
winter wheat,1,45.14182524722475,42.10650773371331
winter wheat,1,45.1248470883549,42.252843293496376
winter wheat,1,45.14964059019659,42.08791260733203
winter wheat,1,45.12781152879249,42.24745340179166
winter wheat,1,45.13508788259386,42.271168925292415
winter wheat,1,45.13508788259386,42.08333119938302
winter wheat,1,45.119996185820646,42.25931116354204
winter wheat,1,45.1248470883549,42.264970549831986
winter wheat,1,45.142903225565696,42.07955827518972
winter wheat,1,45.14128625805428,42.275750333241426
winter wheat,1,45.146676149758996,42.27682831158236
winter wheat,1,45.143172720150936,42.09788390698576
winter wheat,1,45.14748463351471,42.09626693947434
winter wheat,1,45.12700304503678,42.27413336573001
winter wheat,1,45.11864871289447,42.068508997195046
winter wheat,1,45.12915900171867,42.08198372645684
winter wheat,1,45.14991008478183,42.13372668682213
winter wheat,1,45.12269113167301,42.252843293496376
winter wheat,1,45.132662431326736,42.085217661479675
winter wheat,1,45.14640665517376,42.08252271562731
winter wheat,1,45.15017957936706,42.13507415974831
winter wheat,1,45.12107416416159,42.06581405134269
winter wheat,1,45.1218826479173,42.07174293221788
winter wheat,1,45.13751333386098,42.27009094695147
potato,11,45.1399387851281,42.126719827605996
winter wheat,1,45.142903225565696,42.27224690363336
winter wheat,1,45.15152705229325,42.134535170577834
winter wheat,1,45.14182524722475,42.076593834752124
winter wheat,1,45.142903225565696,42.273055387389064
winter wheat,1,45.14802362268518,42.13372668682213
winter wheat,1,45.11703174538305,42.07120394304741
winter wheat,1,45.12754203420725,42.26416206607628
winter wheat,1,45.13939979595763,42.08737361816156
winter wheat,1,45.14640665517376,42.095188961133395
winter wheat,1,45.13778282844621,42.134535170577834
winter wheat,1,45.14074726888381,42.08548715606491
potato,11,45.13886080678716,42.136960621844956
winter wheat,1,45.13481838800862,42.277367300752836
winter wheat,1,45.142364236395224,42.10300430410524
winter wheat,1,45.12053517499112,42.066622535098396
potato,11,45.148832106440885,42.134535170577834
winter wheat,1,45.136704850105275,42.28033174119043
winter wheat,1,45.14452019307711,42.27440286031524
winter wheat,1,45.14748463351471,42.12914527887312
winter wheat,1,45.1391303013724,42.28464365455421
winter wheat,1,45.1248470883549,42.07497686724071
winter wheat,1,45.130236980059614,42.269551957781
winter wheat,1,45.13589636634956,42.08252271562731
winter wheat,1,45.15233553604895,42.09815340157099
winter wheat,1,45.152874525219424,42.10623823912807
winter wheat,1,45.138321817616685,42.28437415996897
winter wheat,1,45.1256555721106,42.263084087735336
winter wheat,1,45.1286200125482,42.2665875173434
potato,11,45.15368300897513,42.10893318498043
winter wheat,1,45.12053517499112,42.252573798911136
winter wheat,1,45.125925066695835,42.269282463195765
winter wheat,1,45.12161315333206,42.26227560397963
winter wheat,1,45.13886080678716,42.27871477367902
winter wheat,1,45.146676149758996,42.09815340157099
winter wheat,1,45.14182524722475,42.27440286031524
winter wheat,1,45.14398120390664,42.08413968313873
winter wheat,1,45.13535737717909,42.08791260733203
winter wheat,1,45.14128625805428,42.12941477345835
winter wheat,1,45.15179654687848,42.13965556769732
winter wheat,1,45.1256555721106,42.25742470144539
winter wheat,1,45.145059182247586,42.26982145236624
winter wheat,1,45.1248470883549,42.2514958205702
winter wheat,1,45.12457759376966,42.26550953900246
winter wheat,1,45.1399387851281,42.2733248819743
winter wheat,1,45.142633730980464,42.10704672288378
winter wheat,1,45.1248470883549,42.25446026100779
winter wheat,1,45.132662431326736,42.275750333241426
potato,11,45.142364236395224,42.12914527887312
winter wheat,1,45.14209474180999,42.28033174119043
potato,11,45.14991008478183,42.27655881699713
winter wheat,1,45.14128625805428,42.2665875173434
winter wheat,1,45.14964059019659,42.0989618853267
winter wheat,1,45.14964059019659,42.10084834742335
winter wheat,1,45.14209474180999,42.076593834752124
winter wheat,1,45.14398120390664,42.27359437655954
winter wheat,1,45.13104546381532,42.25823318520109
winter wheat,1,45.14964059019659,42.27682831158236
winter wheat,1,45.13697434469051,42.08387018855349
winter wheat,1,45.15125755770801,42.10731621746901
winter wheat,1,45.12835051796296,42.08413968313873
winter wheat,1,45.13293192591197,42.26847397944005
winter wheat,1,45.14128625805428,42.28248769787232
winter wheat,1,45.12727253962202,42.25931116354204
winter wheat,1,45.128081023377725,42.08144473728637
winter wheat,1,45.14856261185565,42.13399618140736
winter wheat,1,45.119457196650174,42.06931748095076
winter wheat,1,45.134279398838146,42.08063625353066
winter wheat,1,45.1286200125482,42.25742470144539
winter wheat,1,45.140477774298574,42.27062993612194
winter wheat,1,45.138321817616685,42.27655881699713
winter wheat,1,45.13939979595763,42.08171423187161
winter wheat,1,45.14802362268518,42.27601982782666
potato,11,45.13535737717909,42.26604852817293
winter wheat,1,45.13778282844621,42.08171423187161
winter wheat,1,45.13805232303145,42.085217661479675
winter wheat,1,45.144789687662346,42.27655881699713
potato,11,45.12242163708777,42.05799870837085
winter wheat,1,45.12646405586631,42.27682831158236
winter wheat,1,45.144789687662346,42.126719827605996
winter wheat,1,45.14532867683282,42.130762246384535
winter wheat,1,45.11622326162735,42.06392758924604
winter wheat,1,45.142903225565696,42.275211344070954
winter wheat,1,45.14991008478183,42.0989618853267
potato,11,45.14344221473617,42.080366758945424
winter wheat,1,45.136435355520035,42.279253762849486
winter wheat,1,45.1286200125482,42.279253762849486
winter wheat,1,45.12296062625824,42.264431560661514
winter wheat,1,45.143172720150936,42.08198372645684
winter wheat,1,45.1437117093214,42.10246531493477
winter wheat,1,45.14991008478183,42.09303300445151
winter wheat,1,45.12754203420725,42.0779413076783
winter wheat,1,45.130775969230086,42.263084087735336
potato,11,45.138591312201925,42.13507415974831
winter wheat,1,45.15179654687848,42.09276350986627
winter wheat,1,45.152874525219424,42.09842289615623
winter wheat,1,45.11918770206494,42.07093444846217
winter wheat,1,45.130775969230086,42.26820448485482
winter wheat,1,45.11891820747971,42.06931748095076
winter wheat,1,45.130236980059614,42.26604852817293
potato,11,45.1391303013724,42.12564184926505
winter wheat,1,45.1218826479173,42.25823318520109
winter wheat,1,45.14128625805428,42.28302668704279
winter wheat,1,45.14398120390664,42.269551957781
winter wheat,1,45.13293192591197,42.08198372645684
winter wheat,1,45.12915900171867,42.25742470144539
winter wheat,1,45.13751333386098,42.2838351707985
winter wheat,1,45.14182524722475,42.12321639799793
winter wheat,1,45.140477774298574,42.078480296848774
winter wheat,1,45.12323012084348,42.267126506513875
winter wheat,1,45.132392936741496,42.279523257434725
potato,11,45.145059182247586,42.124833365509346
winter wheat,1,45.14829311727041,42.105699249957595
winter wheat,1,45.11730123996829,42.066083545927924
winter wheat,1,45.134548893423386,42.08333119938302
winter wheat,1,45.149101601026125,42.097344917815285
winter wheat,1,45.14721513892947,42.09114654235486
winter wheat,1,45.1437117093214,42.09384148820722
winter wheat,1,45.13104546381532,42.27628932241189
winter wheat,1,45.1151452832864,42.06500556758698
winter wheat,1,45.138591312201925,42.28922506250321
winter wheat,1,45.14452019307711,42.093571993621985
winter wheat,1,45.15152705229325,42.101387336593824
winter wheat,1,45.15233553604895,42.09491946654816
winter wheat,1,45.13374040966768,42.081175242701136
winter wheat,1,45.1286200125482,42.260658636468214
potato,11,45.12538607752536,42.275211344070954
winter wheat,1,45.14128625805428,42.2838351707985
winter wheat,1,45.14937109561136,42.09815340157099
winter wheat,1,45.13131495840055,42.27871477367902
winter wheat,1,45.14155575263952,42.27682831158236
winter wheat,1,45.12969799088914,42.27143841987765
winter wheat,1,45.13724383927574,42.27440286031524
winter wheat,1,45.1399387851281,42.26793499026958
winter wheat,1,45.130236980059614,42.25580773393397
winter wheat,1,45.14586766600329,42.08737361816156
winter wheat,1,45.13805232303145,42.08818210191727
winter wheat,1,45.13751333386098,42.28464365455421
winter wheat,1,45.14452019307711,42.28221820328708
winter wheat,1,45.12511658294013,42.26847397944005
winter wheat,1,45.130775969230086,42.26470105524675
winter wheat,1,45.14155575263952,42.10057885283812
winter wheat,1,45.14748463351471,42.091416036940096
winter wheat,1,45.13562687176433,42.283296181628025
winter wheat,1,45.13778282844621,42.2838351707985
winter wheat,1,45.14155575263952,42.091685531525336
winter wheat,1,45.1437117093214,42.10300430410524
winter wheat,1,45.142633730980464,42.089529574843446
winter wheat,1,45.14452019307711,42.27170791446289
winter wheat,1,45.13293192591197,42.27413336573001
winter wheat,1,45.13805232303145,42.08063625353066
winter wheat,1,45.1294284963039,42.08279221021255
winter wheat,1,45.12269113167301,42.258772174371565
winter wheat,1,45.14344221473617,42.13210971931071
winter wheat,1,45.14640665517376,42.08737361816156
winter wheat,1,45.134279398838146,42.27278589280383
winter wheat,1,45.11864871289447,42.06392758924604
winter wheat,1,45.142633730980464,42.08629563982061
winter wheat,1,45.13562687176433,42.08252271562731
winter wheat,1,45.1391303013724,42.27601982782666
winter wheat,1,45.15179654687848,42.13938607311208
winter wheat,1,45.12107416416159,42.2552687447635
winter wheat,1,45.138321817616685,42.1275283113617
winter wheat,1,45.130775969230086,42.274941849485714
winter wheat,1,45.119996185820646,42.2552687447635
winter wheat,1,45.12700304503678,42.26470105524675
winter wheat,1,45.138591312201925,42.281409719531375
winter wheat,1,45.14586766600329,42.13561314891878
potato,11,45.13131495840055,42.2560772285192
winter wheat,1,45.130236980059614,42.2590416689568
winter wheat,1,45.14074726888381,42.28302668704279
winter wheat,1,45.12673355045155,42.25715520686015
potato,11,45.150718568537535,42.13480466516307
winter wheat,1,45.13050647464485,42.087104123576324
winter wheat,1,45.13293192591197,42.277636795338076
winter wheat,1,45.14128625805428,42.091685531525336
winter wheat,1,45.12349961542871,42.264970549831986
winter wheat,1,45.142364236395224,42.097344917815285
winter wheat,1,45.12969799088914,42.08791260733203
winter wheat,1,45.1437117093214,42.13507415974831
winter wheat,1,45.14559817141806,42.08872109108774
winter wheat,1,45.14775412809994,42.101387336593824
winter wheat,1,45.146945644344235,42.08926008025821
winter wheat,1,45.140477774298574,42.13103174096977
winter wheat,1,45.12646405586631,42.262814593150104
winter wheat,1,45.1504490739523,42.08979906942868
winter wheat,1,45.14209474180999,42.08872109108774
winter wheat,1,45.138321817616685,42.2838351707985
potato,11,45.15179654687848,42.134265675992594
winter wheat,1,45.146676149758996,42.107855206639485
winter wheat,1,45.15314401980466,42.107855206639485
winter wheat,1,45.13104546381532,42.26739600109911
winter wheat,1,45.128081023377725,42.2552687447635
winter wheat,1,45.13939979595763,42.08818210191727
winter wheat,1,45.12053517499112,42.26119762563869
winter wheat,1,45.14640665517376,42.10731621746901
winter wheat,1,45.13751333386098,42.08440917772396
winter wheat,1,45.1248470883549,42.25176531515543
winter wheat,1,45.129967485474374,42.08225322104208
winter wheat,1,45.148832106440885,42.13157073014024
winter wheat,1,45.12646405586631,42.277367300752836
winter wheat,1,45.130236980059614,42.256885712274915
winter wheat,1,45.130236980059614,42.27197740904812
winter wheat,1,45.131853947571024,42.08360069396826
winter wheat,1,45.134279398838146,42.08360069396826
winter wheat,1,45.1286200125482,42.264431560661514
winter wheat,1,45.129967485474374,42.264431560661514
winter wheat,1,45.136435355520035,42.275480838656186
winter wheat,1,45.11837921830924,42.25580773393397
winter wheat,1,45.136704850105275,42.2703604415367
winter wheat,1,45.1504490739523,42.09006856401392
winter wheat,1,45.144789687662346,42.091416036940096
winter wheat,1,45.13562687176433,42.28464365455421
winter wheat,1,45.14128625805428,42.12968426804359
winter wheat,1,45.1399387851281,42.26982145236624
winter wheat,1,45.136704850105275,42.08360069396826
winter wheat,1,45.144250698491874,42.08548715606491
winter wheat,1,45.142633730980464,42.283565676213264
winter wheat,1,45.143172720150936,42.08548715606491
winter wheat,1,45.14398120390664,42.264970549831986
winter wheat,1,45.145059182247586,42.091685531525336
winter wheat,1,45.122152142502536,42.252843293496376
winter wheat,1,45.14964059019659,42.09411098279246
winter wheat,1,45.13562687176433,42.26847397944005
winter wheat,1,45.14640665517376,42.095458455718635
winter wheat,1,45.142903225565696,42.28464365455421
winter wheat,1,45.13104546381532,42.25958065812727
winter wheat,1,45.122152142502536,42.263084087735336
winter wheat,1,45.14613716058853,42.09303300445151
winter wheat,1,45.12457759376966,42.0771328239226
winter wheat,1,45.12969799088914,42.2560772285192
winter wheat,1,45.14398120390664,42.08575665065015
winter wheat,1,45.12511658294013,42.26820448485482
winter wheat,1,45.138321817616685,42.269012968610525
winter wheat,1,45.144250698491874,42.091416036940096
winter wheat,1,45.14559817141806,42.27467235490048
winter wheat,1,45.13508788259386,42.27682831158236
winter wheat,1,45.145059182247586,42.08360069396826
winter wheat,1,45.144250698491874,42.09707542323005
winter wheat,1,45.142903225565696,42.089529574843446
winter wheat,1,45.12053517499112,42.06069365422321
winter wheat,1,45.14398120390664,42.107585712054245
winter wheat,1,45.13347091508244,42.26631802275817
winter wheat,1,45.14344221473617,42.26550953900246
winter wheat,1,45.14559817141806,42.27413336573001
winter wheat,1,45.13293192591197,42.279523257434725
winter wheat,1,45.11676225079782,42.064197083831274
winter wheat,1,45.14344221473617,42.2808707303609
winter wheat,1,45.12349961542871,42.0733598997293
winter wheat,1,45.12754203420725,42.27143841987765
winter wheat,1,45.140477774298574,42.136421632674484
winter wheat,1,45.132662431326736,42.26119762563869
winter wheat,1,45.13939979595763,42.136960621844956
winter wheat,1,45.148832106440885,42.10003986366765
potato,11,45.13347091508244,42.26119762563869
winter wheat,1,45.12080466957636,42.0598851704675
winter wheat,1,45.1437117093214,42.28114022494614
winter wheat,1,45.130236980059614,42.25365177725208
winter wheat,1,45.12754203420725,42.2800622466052
winter wheat,1,45.132123442156264,42.26739600109911
winter wheat,1,45.1391303013724,42.27817578450855
winter wheat,1,45.149101601026125,42.27467235490048
winter wheat,1,45.12080466957636,42.074437878070235
winter wheat,1,45.11918770206494,42.254729755593026
winter wheat,1,45.12161315333206,42.2590416689568
winter wheat,1,45.117840229138764,42.06931748095076
winter wheat,1,45.11864871289447,42.25715520686015
winter wheat,1,45.12080466957636,42.06581405134269
winter wheat,1,45.12107416416159,42.066892029683636
winter wheat,1,45.14344221473617,42.12537235467981
winter wheat,1,45.145059182247586,42.13588264350401
winter wheat,1,45.1504490739523,42.27898426826425
winter wheat,1,45.124308099184425,42.25958065812727
winter wheat,1,45.124038604599185,42.254729755593026
winter wheat,1,45.129967485474374,42.08575665065015
winter wheat,1,45.14128625805428,42.13588264350401
winter wheat,1,45.14344221473617,42.10866369039519
winter wheat,1,45.13374040966768,42.26874347402529
winter wheat,1,45.117570734553524,42.066622535098396
winter wheat,1,45.145059182247586,42.264431560661514
winter wheat,1,45.14991008478183,42.27898426826425
winter wheat,1,45.12242163708777,42.07524636182595
winter wheat,1,45.1399387851281,42.13669112725972
winter wheat,1,45.12376911001395,42.074168383485
winter wheat,1,45.14559817141806,42.26604852817293
winter wheat,1,45.11649275621258,42.06958697553599
winter wheat,1,45.1248470883549,42.26038914188298
winter wheat,1,45.146676149758996,42.097344917815285
winter wheat,1,45.146676149758996,42.10893318498043
winter wheat,1,45.14020827971334,42.128606289702645
winter wheat,1,45.14559817141806,42.265240044417226
winter wheat,1,45.12969799088914,42.2590416689568
potato,11,45.13374040966768,42.26173661480916
winter wheat,1,45.14101676346905,42.28464365455421
winter wheat,1,45.14802362268518,42.105968744542835
potato,11,45.12053517499112,42.263084087735336
winter wheat,1,45.11837921830924,42.067970008024574
winter wheat,1,45.11837921830924,42.2552687447635
winter wheat,1,45.12915900171867,42.27871477367902
winter wheat,1,45.11622326162735,42.070664953876935
winter wheat,1,45.12457759376966,42.24960935847354
winter wheat,1,45.1399387851281,42.28033174119043
winter wheat,1,45.12323012084348,42.25311278808161
winter wheat,1,45.14748463351471,42.10731621746901
winter wheat,1,45.149101601026125,42.130762246384535
winter wheat,1,45.14856261185565,42.09195502611057
winter wheat,1,45.14748463351471,42.27440286031524
winter wheat,1,45.14721513892947,42.08252271562731
winter wheat,1,45.13400990425291,42.27655881699713
winter wheat,1,45.140477774298574,42.130492751799295
winter wheat,1,45.1437117093214,42.270899430707175
winter wheat,1,45.119457196650174,42.254729755593026
winter wheat,1,45.13320142049721,42.26550953900246
winter wheat,1,45.14128625805428,42.09599744488911
winter wheat,1,45.124308099184425,42.26389257149104
winter wheat,1,45.14344221473617,42.105699249957595
winter wheat,1,45.14398120390664,42.10839419580996
potato,11,45.140477774298574,42.080366758945424
winter wheat,1,45.146676149758996,42.283296181628025
winter wheat,1,45.130236980059614,42.08333119938302
winter wheat,1,45.14586766600329,42.099500874497174
winter wheat,1,45.1294284963039,42.27898426826425
winter wheat,1,45.1437117093214,42.27817578450855
winter wheat,1,45.12323012084348,42.07578535099642
winter wheat,1,45.146676149758996,42.09411098279246
potato,11,45.14964059019659,42.095458455718635
winter wheat,1,45.1437117093214,42.08198372645684
winter wheat,1,45.14532867683282,42.101387336593824
winter wheat,1,45.14398120390664,42.097344917815285
winter wheat,1,45.12134365874683,42.26038914188298
winter wheat,1,45.14856261185565,42.107585712054245
winter wheat,1,45.138321817616685,42.13615213808925
potato,11,45.152874525219424,42.10327379869047
winter wheat,1,45.14613716058853,42.0846786723092
winter wheat,1,45.12134365874683,42.06096314880845
winter wheat,1,45.152605030634184,42.09707542323005
winter wheat,1,45.11918770206494,42.06716152426887
winter wheat,1,45.13347091508244,42.08548715606491
winter wheat,1,45.14398120390664,42.263353582320576
winter wheat,1,45.14398120390664,42.124024881753634
potato,11,45.14991008478183,42.10300430410524
potato,11,45.14452019307711,42.27386387114477
winter wheat,1,45.12646405586631,42.25365177725208
winter wheat,1,45.14640665517376,42.09114654235486
winter wheat,1,45.14344221473617,42.13291820306642
winter wheat,1,45.14802362268518,42.274941849485714
winter wheat,1,45.11864871289447,42.256885712274915
winter wheat,1,45.14586766600329,42.088990585672974
winter wheat,1,45.149101601026125,42.27817578450855
winter wheat,1,45.14344221473617,42.09572795030387
winter wheat,1,45.14344221473617,42.10516026078712
winter wheat,1,45.14532867683282,42.09680592864481
winter wheat,1,45.15179654687848,42.13480466516307
winter wheat,1,45.1399387851281,42.12968426804359
winter wheat,1,45.132123442156264,42.27278589280383
winter wheat,1,45.14128625805428,42.090877047769624
winter wheat,1,45.124038604599185,42.25769419603062
winter wheat,1,45.146945644344235,42.13318769765166
winter wheat,1,45.13966929054287,42.27898426826425
winter wheat,1,45.144789687662346,42.2808707303609
winter wheat,1,45.12969799088914,42.256616217689675
winter wheat,1,45.14640665517376,42.08629563982061
winter wheat,1,45.14586766600329,42.128606289702645
winter wheat,1,45.14721513892947,42.281679214116615
winter wheat,1,45.14991008478183,42.136421632674484
winter wheat,1,45.15179654687848,42.097344917815285
winter wheat,1,45.13374040966768,42.26766549568435
winter wheat,1,45.144789687662346,42.08413968313873
winter wheat,1,45.12727253962202,42.248531380132604
winter wheat,1,45.14101676346905,42.28491314913944
potato,11,45.14020827971334,42.26550953900246
winter wheat,1,45.14209474180999,42.126450333020756
winter wheat,1,45.14155575263952,42.097344917815285
winter wheat,1,45.13104546381532,42.26200610939439
winter wheat,1,45.13374040966768,42.26982145236624
winter wheat,1,45.13481838800862,42.083061704797785
winter wheat,1,45.12835051796296,42.24880087471784
winter wheat,1,45.12161315333206,42.06123264339368
winter wheat,1,45.12511658294013,42.27197740904812
winter wheat,1,45.14452019307711,42.101926325764296
winter wheat,1,45.11837921830924,42.25553823934873
winter wheat,1,45.142903225565696,42.07767181309307
winter wheat,1,45.136704850105275,42.08629563982061
potato,11,45.1504490739523,42.087104123576324
winter wheat,1,45.1248470883549,42.06150213797892
winter wheat,1,45.12727253962202,42.25553823934873
winter wheat,1,45.126194561281075,42.24880087471784
winter wheat,1,45.1437117093214,42.09276350986627
potato,11,45.149101601026125,42.09572795030387
winter wheat,1,45.13697434469051,42.083061704797785
winter wheat,1,45.140477774298574,42.26766549568435
winter wheat,1,45.130236980059614,42.25553823934873
winter wheat,1,45.136704850105275,42.08737361816156
potato,11,45.13508788259386,42.080366758945424
winter wheat,1,45.14937109561136,42.27601982782666
winter wheat,1,45.14991008478183,42.28033174119043
winter wheat,1,45.12349961542871,42.25958065812727
winter wheat,1,45.144250698491874,42.0989618853267
winter wheat,1,45.144789687662346,42.26470105524675
winter wheat,1,45.13778282844621,42.12698932219123
winter wheat,1,45.12511658294013,42.260658636468214
winter wheat,1,45.14128625805428,42.08413968313873
winter wheat,1,45.1391303013724,42.28194870870185
winter wheat,1,45.13400990425291,42.27790628992331
winter wheat,1,45.130775969230086,42.258772174371565
winter wheat,1,45.140477774298574,42.283565676213264
winter wheat,1,45.15125755770801,42.091416036940096
winter wheat,1,45.14802362268518,42.13318769765166
winter wheat,1,45.12673355045155,42.262545098564864
winter wheat,1,45.12107416416159,42.070664953876935
potato,11,45.14398120390664,42.134535170577834
winter wheat,1,45.13535737717909,42.08198372645684
winter wheat,1,45.12781152879249,42.269282463195765
winter wheat,1,45.12700304503678,42.26038914188298
winter wheat,1,45.138321817616685,42.287877589577036
winter wheat,1,45.12134365874683,42.06823950260981
winter wheat,1,45.122152142502536,42.254729755593026
winter wheat,1,45.13966929054287,42.07955827518972
winter wheat,1,45.14775412809994,42.131301235555
winter wheat,1,45.14344221473617,42.27009094695147
winter wheat,1,45.144789687662346,42.27898426826425
winter wheat,1,45.124308099184425,42.074437878070235
winter wheat,1,45.13050647464485,42.274941849485714
winter wheat,1,45.13508788259386,42.26874347402529
winter wheat,1,45.12835051796296,42.264431560661514
winter wheat,1,45.13374040966768,42.27224690363336
winter wheat,1,45.14802362268518,42.107585712054245
winter wheat,1,45.14586766600329,42.08333119938302
winter wheat,1,45.120265680405886,42.074707372655475
winter wheat,1,45.13320142049721,42.263084087735336
winter wheat,1,45.13805232303145,42.08413968313873
winter wheat,1,45.14775412809994,42.13345719223689
winter wheat,1,45.12323012084348,42.06554455675745
potato,11,45.14586766600329,42.12887578428788
winter wheat,1,45.1286200125482,42.262814593150104
winter wheat,1,45.146945644344235,42.27251639821859
winter wheat,1,45.15017957936706,42.2800622466052
winter wheat,1,45.14586766600329,42.13103174096977
winter wheat,1,45.14964059019659,42.136421632674484
winter wheat,1,45.14101676346905,42.28626062206562
winter wheat,1,45.13158445298579,42.25742470144539
winter wheat,1,45.12538607752536,42.25823318520109
winter wheat,1,45.12080466957636,42.260658636468214
winter wheat,1,45.143172720150936,42.27170791446289
winter wheat,1,45.120265680405886,42.066083545927924
winter wheat,1,45.15179654687848,42.103812787860946
winter wheat,1,45.15017957936706,42.09599744488911
winter wheat,1,45.142903225565696,42.091416036940096
winter wheat,1,45.12969799088914,42.08656513440585
winter wheat,1,45.130236980059614,42.270899430707175
winter wheat,1,45.138591312201925,42.13103174096977
potato,11,45.14721513892947,42.08225322104208
winter wheat,1,45.12457759376966,42.2703604415367
winter wheat,1,45.138321817616685,42.134535170577834
winter wheat,1,45.12511658294013,42.25122632598496
winter wheat,1,45.14128625805428,42.08360069396826
winter wheat,1,45.14452019307711,42.27009094695147
winter wheat,1,45.12969799088914,42.2838351707985
winter wheat,1,45.14856261185565,42.105699249957595
winter wheat,1,45.11541477787164,42.066083545927924
winter wheat,1,45.12835051796296,42.27143841987765
winter wheat,1,45.125925066695835,42.25985015271251
winter wheat,1,45.12727253962202,42.252843293496376
winter wheat,1,45.15206604146372,42.10219582034953
winter wheat,1,45.11676225079782,42.06958697553599
potato,11,45.132123442156264,42.271168925292415
winter wheat,1,45.13131495840055,42.087104123576324
winter wheat,1,45.14020827971334,42.27170791446289
winter wheat,1,45.12080466957636,42.06554455675745
winter wheat,1,45.1437117093214,42.0922245206958
winter wheat,1,45.128081023377725,42.25931116354204
winter wheat,1,45.134548893423386,42.27170791446289
winter wheat,1,45.12107416416159,42.25580773393397
winter wheat,1,45.142633730980464,42.26604852817293
winter wheat,1,45.14586766600329,42.09815340157099
winter wheat,1,45.145059182247586,42.265240044417226
winter wheat,1,45.12915900171867,42.25958065812727
winter wheat,1,45.117570734553524,42.06823950260981
winter wheat,1,45.124308099184425,42.25176531515543
winter wheat,1,45.13481838800862,42.27440286031524
winter wheat,1,45.14344221473617,42.08413968313873
winter wheat,1,45.13158445298579,42.27359437655954
winter wheat,1,45.144250698491874,42.10623823912807
winter wheat,1,45.12888950713343,42.28033174119043
winter wheat,1,45.13724383927574,42.275480838656186
winter wheat,1,45.122152142502536,42.07605484558165
winter wheat,1,45.12888950713343,42.25338228266685
winter wheat,1,45.12781152879249,42.26038914188298
winter wheat,1,45.124308099184425,42.07497686724071
winter wheat,1,45.142903225565696,42.269012968610525
winter wheat,1,45.14748463351471,42.128606289702645
winter wheat,1,45.13939979595763,42.279253762849486
winter wheat,1,45.124308099184425,42.07524636182595
winter wheat,1,45.12700304503678,42.271168925292415
winter wheat,1,45.12915900171867,42.25365177725208
winter wheat,1,45.146945644344235,42.273055387389064
winter wheat,1,45.13751333386098,42.28679961123609
winter wheat,1,45.118109723724,42.06392758924604
winter wheat,1,45.142633730980464,42.09006856401392
winter wheat,1,45.15125755770801,42.13723011643019
winter wheat,1,45.14344221473617,42.095188961133395
winter wheat,1,45.13724383927574,42.27979275201996
winter wheat,1,45.14182524722475,42.126719827605996
winter wheat,1,45.14613716058853,42.28114022494614
winter wheat,1,45.1361658609348,42.085217661479675
winter wheat,1,45.15179654687848,42.107855206639485
winter wheat,1,45.1399387851281,42.087104123576324
winter wheat,1,45.14532867683282,42.08926008025821
winter wheat,1,45.12242163708777,42.25122632598496
winter wheat,1,45.142903225565696,42.08413968313873
winter wheat,1,45.12888950713343,42.2560772285192
winter wheat,1,45.13158445298579,42.08656513440585
potato,11,45.1361658609348,42.080366758945424
winter wheat,1,45.12646405586631,42.248261885547365
winter wheat,1,45.138591312201925,42.2703604415367
potato,11,45.14937109561136,42.085217661479675
winter wheat,1,45.14802362268518,42.09869239074146
winter wheat,1,45.14964059019659,42.10030935825288
winter wheat,1,45.120265680405886,42.26011964729774
winter wheat,1,45.1399387851281,42.08575665065015
winter wheat,1,45.14802362268518,42.101387336593824
winter wheat,1,45.14155575263952,42.0846786723092
potato,11,45.142903225565696,42.12698932219123
winter wheat,1,45.14532867683282,42.131301235555
winter wheat,1,45.152874525219424,42.09653643405958
winter wheat,1,45.15152705229325,42.13723011643019
winter wheat,1,45.148832106440885,42.10057885283812
winter wheat,1,45.13697434469051,42.08629563982061
winter wheat,1,45.148832106440885,42.08629563982061
winter wheat,1,45.142633730980464,42.2838351707985
winter wheat,1,45.150718568537535,42.10542975537236
winter wheat,1,45.14964059019659,42.09842289615623
winter wheat,1,45.122152142502536,42.072820910558825
winter wheat,1,45.12781152879249,42.26011964729774
winter wheat,1,45.138321817616685,42.283565676213264
winter wheat,1,45.125925066695835,42.27143841987765
winter wheat,1,45.12673355045155,42.273055387389064
winter wheat,1,45.136704850105275,42.0846786723092
winter wheat,1,45.14532867683282,42.12995376262882
winter wheat,1,45.14559817141806,42.13669112725972
winter wheat,1,45.14452019307711,42.10489076620189
winter wheat,1,45.146676149758996,42.10084834742335
winter wheat,1,45.125925066695835,42.252034809740664
winter wheat,1,45.14559817141806,42.08333119938302
winter wheat,1,45.1218826479173,42.25553823934873
winter wheat,1,45.14398120390664,42.2770978061676
winter wheat,1,45.119457196650174,42.25796369061585
winter wheat,1,45.14640665517376,42.10650773371331
winter wheat,1,45.12700304503678,42.269282463195765
winter wheat,1,45.15017957936706,42.13749961101543
winter wheat,1,45.12781152879249,42.08629563982061
winter wheat,1,45.1286200125482,42.2514958205702
winter wheat,1,45.13805232303145,42.27062993612194
potato,11,45.14155575263952,42.13561314891878
winter wheat,1,45.14532867683282,42.27844527909378
winter wheat,1,45.14856261185565,42.09869239074146
winter wheat,1,45.15125755770801,42.0922245206958
winter wheat,1,45.1256555721106,42.273055387389064
winter wheat,1,45.1248470883549,42.27197740904812
winter wheat,1,45.142903225565696,42.09114654235486
winter wheat,1,45.13158445298579,42.256616217689675
winter wheat,1,45.119996185820646,42.072820910558825
winter wheat,1,45.130236980059614,42.27359437655954
potato,11,45.14209474180999,42.08818210191727
winter wheat,1,45.14748463351471,42.13992506228255
winter wheat,1,45.14586766600329,42.13184022472547
winter wheat,1,45.13374040966768,42.275480838656186
winter wheat,1,45.14586766600329,42.13723011643019
winter wheat,1,45.12269113167301,42.06338860007557
winter wheat,1,45.14020827971334,42.13669112725972
winter wheat,1,45.1294284963039,42.28248769787232
winter wheat,1,45.14937109561136,42.08791260733203
winter wheat,1,45.14991008478183,42.08791260733203
winter wheat,1,45.11891820747971,42.06581405134269
winter wheat,1,45.12376911001395,42.06177163256415
winter wheat,1,45.142364236395224,42.10273480952
winter wheat,1,45.14802362268518,42.13830809477113
winter wheat,1,45.130236980059614,42.26119762563869
winter wheat,1,45.14748463351471,42.090877047769624
winter wheat,1,45.14532867683282,42.126450333020756
winter wheat,1,45.15125755770801,42.107855206639485
winter wheat,1,45.15179654687848,42.10273480952
winter wheat,1,45.14452019307711,42.10030935825288
winter wheat,1,45.14613716058853,42.27062993612194
winter wheat,1,45.122152142502536,42.2514958205702
winter wheat,1,45.12727253962202,42.258772174371565
winter wheat,1,45.12134365874683,42.05880719212656
winter wheat,1,45.12727253962202,42.250148347644014
winter wheat,1,45.142364236395224,42.076863329337364
winter wheat,1,45.148832106440885,42.27898426826425
winter wheat,1,45.12161315333206,42.2657790335877
winter wheat,1,45.12161315333206,42.2552687447635
winter wheat,1,45.14559817141806,42.08656513440585
winter wheat,1,45.13805232303145,42.28679961123609
winter wheat,1,45.13158445298579,42.26982145236624
winter wheat,1,45.14398120390664,42.28194870870185
winter wheat,1,45.12646405586631,42.25176531515543
winter wheat,1,45.14748463351471,42.13830809477113
winter wheat,1,45.113797810360225,42.06770051343934
winter wheat,1,45.130775969230086,42.27871477367902
winter wheat,1,45.130775969230086,42.265240044417226
winter wheat,1,45.14128625805428,42.09411098279246
winter wheat,1,45.128081023377725,42.27197740904812
winter wheat,1,45.12969799088914,42.252843293496376
winter wheat,1,45.12969799088914,42.08252271562731
winter wheat,1,45.124038604599185,42.25068733681449
winter wheat,1,45.13724383927574,42.285991127480386
winter wheat,1,45.13724383927574,42.28626062206562
winter wheat,1,45.129967485474374,42.265240044417226
winter wheat,1,45.13508788259386,42.26631802275817
winter wheat,1,45.14532867683282,42.27467235490048
winter wheat,1,45.13589636634956,42.086834628991085
winter wheat,1,45.14101676346905,42.27790628992331
winter wheat,1,45.138591312201925,42.08413968313873
winter wheat,1,45.12080466957636,42.06177163256415
winter wheat,1,45.13508788259386,42.27467235490048
winter wheat,1,45.119996185820646,42.260658636468214
winter wheat,1,45.13886080678716,42.27655881699713
winter wheat,1,45.132123442156264,42.27682831158236
winter wheat,1,45.132662431326736,42.25985015271251
winter wheat,1,45.12376911001395,42.26820448485482
winter wheat,1,45.13050647464485,42.263353582320576
winter wheat,1,45.14991008478183,42.09276350986627
winter wheat,1,45.14532867683282,42.27197740904812
winter wheat,1,45.12107416416159,42.06069365422321
winter wheat,1,45.14937109561136,42.097344917815285
winter wheat,1,45.142633730980464,42.2800622466052
winter wheat,1,45.12969799088914,42.256885712274915
winter wheat,1,45.136704850105275,42.28114022494614
winter wheat,1,45.138591312201925,42.269012968610525
winter wheat,1,45.13966929054287,42.087104123576324
winter wheat,1,45.144789687662346,42.27440286031524
winter wheat,1,45.14613716058853,42.10435177703142
winter wheat,1,45.124038604599185,42.06069365422321
potato,11,45.14991008478183,42.27682831158236
winter wheat,1,45.13778282844621,42.08602614523538
winter wheat,1,45.150718568537535,42.09842289615623
winter wheat,1,45.117570734553524,42.066892029683636
winter wheat,1,45.12915900171867,42.28114022494614
winter wheat,1,45.13374040966768,42.084948166894435
winter wheat,1,45.15017957936706,42.08791260733203
winter wheat,1,45.12511658294013,42.25392127183732
winter wheat,1,45.144789687662346,42.27979275201996
winter wheat,1,45.14748463351471,42.13210971931071
winter wheat,1,45.132123442156264,42.08737361816156
winter wheat,1,45.1361658609348,42.27197740904812
winter wheat,1,45.13050647464485,42.08737361816156
winter wheat,1,45.13805232303145,42.27440286031524
winter wheat,1,45.14155575263952,42.285182643724674
winter wheat,1,45.14209474180999,42.2733248819743
winter wheat,1,45.14586766600329,42.13588264350401
potato,11,45.1534135143899,42.10219582034953
winter wheat,1,45.12915900171867,42.26982145236624
winter wheat,1,45.12727253962202,42.269551957781
winter wheat,1,45.125925066695835,42.25419076642255
winter wheat,1,45.12781152879249,42.08413968313873
winter wheat,1,45.14532867683282,42.28437415996897
winter wheat,1,45.146676149758996,42.13157073014024
winter wheat,1,45.120265680405886,42.07389888889977
winter wheat,1,45.125925066695835,42.2770978061676
winter wheat,1,45.12134365874683,42.25931116354204
winter wheat,1,45.14802362268518,42.08387018855349
winter wheat,1,45.12700304503678,42.27844527909378
winter wheat,1,45.149101601026125,42.10003986366765
winter wheat,1,45.12835051796296,42.267126506513875
winter wheat,1,45.15017957936706,42.088990585672974
winter wheat,1,45.12673355045155,42.26389257149104
winter wheat,1,45.12727253962202,42.28033174119043
winter wheat,1,45.14613716058853,42.09033805859915
winter wheat,1,45.14155575263952,42.079019286019246
winter wheat,1,45.12673355045155,42.264970549831986
winter wheat,1,45.150988063122774,42.10273480952
winter wheat,1,45.14559817141806,42.09195502611057
winter wheat,1,45.145059182247586,42.13022325721406
winter wheat,1,45.14586766600329,42.27170791446289
winter wheat,1,45.14559817141806,42.09060755318439
winter wheat,1,45.14209474180999,42.1275283113617
winter wheat,1,45.12835051796296,42.28248769787232
potato,11,45.1399387851281,42.13480466516307
winter wheat,1,45.146945644344235,42.09411098279246
winter wheat,1,45.11918770206494,42.062041127149385
winter wheat,1,45.131853947571024,42.08198372645684
winter wheat,1,45.14829311727041,42.10084834742335
winter wheat,1,45.15017957936706,42.138847083941606
winter wheat,1,45.134279398838146,42.08548715606491
winter wheat,1,45.12969799088914,42.2514958205702
winter wheat,1,45.1286200125482,42.27817578450855
winter wheat,1,45.14182524722475,42.095188961133395
winter wheat,1,45.130236980059614,42.26820448485482
winter wheat,1,45.11918770206494,42.066083545927924
winter wheat,1,45.11864871289447,42.254729755593026
winter wheat,1,45.13320142049721,42.26739600109911
winter wheat,1,45.14344221473617,42.103812787860946
winter wheat,1,45.13374040966768,42.267126506513875
potato,11,45.138321817616685,42.12806730053217
winter wheat,1,45.14182524722475,42.12564184926505
winter wheat,1,45.14209474180999,42.08252271562731
winter wheat,1,45.13724383927574,42.08440917772396
potato,11,45.143172720150936,42.080366758945424
potato,11,45.138321817616685,42.130492751799295
winter wheat,1,45.142364236395224,42.10893318498043
winter wheat,1,45.12269113167301,42.26820448485482
winter wheat,1,45.125925066695835,42.25769419603062
potato,11,45.14344221473617,42.0884515965025
winter wheat,1,45.119996185820646,42.06500556758698
winter wheat,1,45.145059182247586,42.095188961133395
winter wheat,1,45.12161315333206,42.252304304325904
potato,11,45.13374040966768,42.080366758945424
winter wheat,1,45.12700304503678,42.275750333241426
winter wheat,1,45.12727253962202,42.27413336573001
winter wheat,1,45.14856261185565,42.09384148820722
winter wheat,1,45.15233553604895,42.10489076620189
winter wheat,1,45.143172720150936,42.07821080226354
winter wheat,1,45.15017957936706,42.279253762849486
winter wheat,1,45.14344221473617,42.26470105524675
winter wheat,1,45.12754203420725,42.258502679786325
winter wheat,1,45.1248470883549,42.26200610939439
winter wheat,1,45.15206604146372,42.13776910560066
winter wheat,1,45.138591312201925,42.27143841987765
winter wheat,1,45.142364236395224,42.08413968313873
winter wheat,1,45.15206604146372,42.09464997196293
winter wheat,1,45.119996185820646,42.25392127183732
winter wheat,1,45.14613716058853,42.093571993621985
winter wheat,1,45.120265680405886,42.06311910549033
winter wheat,1,45.12888950713343,42.08279221021255
potato,11,45.13508788259386,42.2808707303609
winter wheat,1,45.14613716058853,42.08629563982061
winter wheat,1,45.13886080678716,42.087104123576324
winter wheat,1,45.1361658609348,42.2770978061676
winter wheat,1,45.14991008478183,42.10623823912807
potato,11,45.144250698491874,42.12725881677647
winter wheat,1,45.14613716058853,42.08548715606491
winter wheat,1,45.126194561281075,42.26146712022392
winter wheat,1,45.13320142049721,42.264970549831986
winter wheat,1,45.13751333386098,42.0846786723092
winter wheat,1,45.13778282844621,42.27224690363336
winter wheat,1,45.13886080678716,42.27170791446289
winter wheat,1,45.144789687662346,42.097344917815285
winter wheat,1,45.14020827971334,42.078749791434014
winter wheat,1,45.150718568537535,42.09006856401392
winter wheat,1,45.144789687662346,42.13534365433354
winter wheat,1,45.14074726888381,42.08575665065015
winter wheat,1,45.14802362268518,42.10273480952
winter wheat,1,45.119996185820646,42.06554455675745
winter wheat,1,45.1391303013724,42.27413336573001
winter wheat,1,45.14937109561136,42.28060123577567
winter wheat,1,45.146676149758996,42.10300430410524
winter wheat,1,45.13751333386098,42.08279221021255
winter wheat,1,45.142903225565696,42.09303300445151
winter wheat,1,45.12080466957636,42.05907668671179
winter wheat,1,45.145059182247586,42.083061704797785
winter wheat,1,45.14991008478183,42.08737361816156
winter wheat,1,45.134279398838146,42.08198372645684
winter wheat,1,45.138321817616685,42.26874347402529
winter wheat,1,45.1248470883549,42.2590416689568
winter wheat,1,45.142903225565696,42.079019286019246
potato,11,45.13589636634956,42.26847397944005
winter wheat,1,45.14128625805428,42.134265675992594
winter wheat,1,45.14802362268518,42.10435177703142
winter wheat,1,45.13778282844621,42.279523257434725
winter wheat,1,45.148832106440885,42.099231379911934
winter wheat,1,45.14613716058853,42.13157073014024
winter wheat,1,45.13347091508244,42.273055387389064
winter wheat,1,45.14209474180999,42.08440917772396
winter wheat,1,45.145059182247586,42.28248769787232
winter wheat,1,45.13104546381532,42.26173661480916
winter wheat,1,45.136704850105275,42.281679214116615
winter wheat,1,45.146676149758996,42.275480838656186
winter wheat,1,45.1248470883549,42.258502679786325
winter wheat,1,45.13939979595763,42.26820448485482
winter wheat,1,45.1437117093214,42.10003986366765
winter wheat,1,45.12727253962202,42.25580773393397
winter wheat,1,45.14937109561136,42.10057885283812
winter wheat,1,45.134548893423386,42.27601982782666
winter wheat,1,45.119457196650174,42.25931116354204
winter wheat,1,45.13400990425291,42.08575665065015
winter wheat,1,45.12323012084348,42.074437878070235
winter wheat,1,45.14748463351471,42.09680592864481
winter wheat,1,45.150988063122774,42.089529574843446
winter wheat,1,45.14128625805428,42.27224690363336
winter wheat,1,45.14452019307711,42.28194870870185
winter wheat,1,45.12269113167301,42.25715520686015
winter wheat,1,45.14182524722475,42.08252271562731
winter wheat,1,45.143172720150936,42.271168925292415
winter wheat,1,45.14344221473617,42.28060123577567
winter wheat,1,45.1437117093214,42.09788390698576
winter wheat,1,45.11622326162735,42.06473607300175
winter wheat,1,45.13104546381532,42.2590416689568
winter wheat,1,45.13805232303145,42.080905748115896
potato,11,45.14074726888381,42.13480466516307
winter wheat,1,45.14559817141806,42.09869239074146
winter wheat,1,45.126194561281075,42.25068733681449
winter wheat,1,45.142364236395224,42.27898426826425
potato,11,45.142903225565696,42.13561314891878
winter wheat,1,45.14748463351471,42.095188961133395
potato,11,45.143172720150936,42.12887578428788
winter wheat,1,45.148832106440885,42.09464997196293
winter wheat,1,45.12242163708777,42.264431560661514
winter wheat,1,45.15017957936706,42.279523257434725
winter wheat,1,45.1294284963039,42.28464365455421
winter wheat,1,45.13293192591197,42.26982145236624
winter wheat,1,45.128081023377725,42.2703604415367
winter wheat,1,45.138321817616685,42.12725881677647
winter wheat,1,45.145059182247586,42.27655881699713
winter wheat,1,45.12457759376966,42.27224690363336
winter wheat,1,45.13347091508244,42.08791260733203
winter wheat,1,45.14182524722475,42.10435177703142
winter wheat,1,45.14182524722475,42.0779413076783
winter wheat,1,45.142633730980464,42.08979906942868
winter wheat,1,45.12888950713343,42.08629563982061
winter wheat,1,45.131853947571024,42.266857011928636
winter wheat,1,45.1218826479173,42.263084087735336
winter wheat,1,45.13697434469051,42.28572163289515
potato,11,45.14559817141806,42.2733248819743
winter wheat,1,45.117840229138764,42.064466578416514
winter wheat,1,45.130775969230086,42.25985015271251
winter wheat,1,45.14586766600329,42.0922245206958
winter wheat,1,45.144789687662346,42.08279221021255
winter wheat,1,45.12754203420725,42.25176531515543
potato,11,45.13966929054287,42.13507415974831
winter wheat,1,45.14344221473617,42.08548715606491
winter wheat,1,45.142364236395224,42.09060755318439
winter wheat,1,45.13320142049721,42.27682831158236
winter wheat,1,45.1218826479173,42.26227560397963
winter wheat,1,45.14532867683282,42.267126506513875
winter wheat,1,45.1437117093214,42.275211344070954
winter wheat,1,45.14640665517376,42.13588264350401
winter wheat,1,45.146945644344235,42.27467235490048
winter wheat,1,45.14721513892947,42.1380386001859
potato,11,45.15125755770801,42.13776910560066
winter wheat,1,45.12242163708777,42.26847397944005
winter wheat,1,45.1286200125482,42.28033174119043
winter wheat,1,45.124308099184425,42.26416206607628
winter wheat,1,45.146676149758996,42.087104123576324
winter wheat,1,45.13481838800862,42.085217661479675
winter wheat,1,45.14964059019659,42.09869239074146
winter wheat,1,45.15017957936706,42.10623823912807
winter wheat,1,45.128081023377725,42.266857011928636
winter wheat,1,45.1437117093214,42.086834628991085
winter wheat,1,45.13697434469051,42.28410466538374
winter wheat,1,45.14101676346905,42.2703604415367
winter wheat,1,45.144789687662346,42.26604852817293
potato,11,45.12323012084348,42.25068733681449
winter wheat,1,45.143172720150936,42.13345719223689
winter wheat,1,45.150718568537535,42.09195502611057
winter wheat,1,45.13751333386098,42.27817578450855
winter wheat,1,45.14101676346905,42.269012968610525
winter wheat,1,45.12727253962202,42.07740231850783
winter wheat,1,45.13751333386098,42.28114022494614
winter wheat,1,45.1218826479173,42.0733598997293
winter wheat,1,45.144250698491874,42.083061704797785
winter wheat,1,45.142633730980464,42.105699249957595
winter wheat,1,45.1286200125482,42.28248769787232
winter wheat,1,45.12781152879249,42.25392127183732
winter wheat,1,45.12888950713343,42.08413968313873
winter wheat,1,45.136704850105275,42.084948166894435
winter wheat,1,45.12969799088914,42.08063625353066
potato,11,45.15017957936706,42.277636795338076
winter wheat,1,45.12053517499112,42.25985015271251
winter wheat,1,45.142903225565696,42.26982145236624
winter wheat,1,45.13886080678716,42.27062993612194
winter wheat,1,45.14182524722475,42.10462127161665
winter wheat,1,45.144250698491874,42.26847397944005
potato,11,45.142633730980464,42.080366758945424
winter wheat,1,45.152605030634184,42.10003986366765
winter wheat,1,45.131853947571024,42.27790628992331
winter wheat,1,45.13697434469051,42.28491314913944
winter wheat,1,45.143172720150936,42.101117842008584
winter wheat,1,45.144789687662346,42.269551957781
winter wheat,1,45.1218826479173,42.26389257149104
winter wheat,1,45.14128625805428,42.27413336573001
winter wheat,1,45.14775412809994,42.27682831158236
winter wheat,1,45.14074726888381,42.124563870924106
winter wheat,1,45.12296062625824,42.25823318520109
winter wheat,1,45.14101676346905,42.12968426804359
winter wheat,1,45.144250698491874,42.093302499036746
winter wheat,1,45.14532867683282,42.091416036940096
winter wheat,1,45.13158445298579,42.28302668704279
winter wheat,1,45.14452019307711,42.09626693947434
winter wheat,1,45.12781152879249,42.26362307690581
winter wheat,1,45.13374040966768,42.264431560661514
winter wheat,1,45.12161315333206,42.254729755593026
winter wheat,1,45.14209474180999,42.2703604415367
winter wheat,1,45.13320142049721,42.26092813105345
potato,11,45.13805232303145,42.13291820306642
winter wheat,1,45.13886080678716,42.08225322104208
winter wheat,1,45.11837921830924,42.06338860007557
winter wheat,1,45.150988063122774,42.101117842008584
winter wheat,1,45.126194561281075,42.260658636468214
winter wheat,1,45.14559817141806,42.27440286031524
winter wheat,1,45.124038604599185,42.074707372655475
winter wheat,1,45.13939979595763,42.27682831158236
winter wheat,1,45.1399387851281,42.130492751799295
winter wheat,1,45.12296062625824,42.25365177725208
winter wheat,1,45.13131495840055,42.25553823934873
winter wheat,1,45.1504490739523,42.101387336593824
winter wheat,1,45.1504490739523,42.099500874497174
winter wheat,1,45.14856261185565,42.27278589280383
winter wheat,1,45.132392936741496,42.08737361816156
winter wheat,1,45.142364236395224,42.124833365509346
winter wheat,1,45.12323012084348,42.2665875173434
winter wheat,1,45.14991008478183,42.13210971931071
winter wheat,1,45.13320142049721,42.262545098564864
winter wheat,1,45.14775412809994,42.27440286031524
winter wheat,1,45.1294284963039,42.25311278808161
winter wheat,1,45.132123442156264,42.267126506513875
winter wheat,1,45.12269113167301,42.26362307690581
winter wheat,1,45.12754203420725,42.275480838656186
winter wheat,1,45.145059182247586,42.10408228244618
potato,11,45.14856261185565,42.13480466516307
potato,11,45.143172720150936,42.126450333020756
potato,11,45.13966929054287,42.08009726436019
winter wheat,1,45.126194561281075,42.26470105524675
winter wheat,1,45.14991008478183,42.101656831179056
winter wheat,1,45.120265680405886,42.25715520686015
potato,11,45.1534135143899,42.10273480952
winter wheat,1,45.1248470883549,42.26847397944005
winter wheat,1,45.11622326162735,42.06338860007557
winter wheat,1,45.14721513892947,42.0989618853267
winter wheat,1,45.14128625805428,42.09114654235486
winter wheat,1,45.150988063122774,42.13318769765166
winter wheat,1,45.12457759376966,42.2665875173434
winter wheat,1,45.13374040966768,42.26550953900246
winter wheat,1,45.144250698491874,42.089529574843446
winter wheat,1,45.13939979595763,42.2838351707985
winter wheat,1,45.142633730980464,42.2657790335877
winter wheat,1,45.130775969230086,42.26793499026958
winter wheat,1,45.11864871289447,42.06931748095076
winter wheat,1,45.143172720150936,42.279523257434725
winter wheat,1,45.142364236395224,42.08737361816156
winter wheat,1,45.14209474180999,42.1094721741509
winter wheat,1,45.1248470883549,42.25068733681449
winter wheat,1,45.138591312201925,42.131301235555
winter wheat,1,45.14020827971334,42.2770978061676
winter wheat,1,45.15017957936706,42.13480466516307
winter wheat,1,45.14155575263952,42.136421632674484
winter wheat,1,45.13320142049721,42.26604852817293
winter wheat,1,45.15017957936706,42.107585712054245
winter wheat,1,45.142364236395224,42.132648708481184
winter wheat,1,45.15206604146372,42.1380386001859
winter wheat,1,45.128081023377725,42.27359437655954
winter wheat,1,45.132123442156264,42.281679214116615
winter wheat,1,45.14640665517376,42.281679214116615
winter wheat,1,45.144250698491874,42.10650773371331
winter wheat,1,45.131853947571024,42.27413336573001
winter wheat,1,45.14748463351471,42.10893318498043
winter wheat,1,45.13805232303145,42.28464365455421
winter wheat,1,45.146945644344235,42.269012968610525
winter wheat,1,45.14398120390664,42.269282463195765
winter wheat,1,45.142633730980464,42.27143841987765
winter wheat,1,45.12242163708777,42.07578535099642
winter wheat,1,45.14182524722475,42.27224690363336
winter wheat,1,45.132662431326736,42.0876431127468
winter wheat,1,45.126194561281075,42.25499925017826
winter wheat,1,45.13374040966768,42.26847397944005
winter wheat,1,45.13724383927574,42.270899430707175
winter wheat,1,45.129967485474374,42.267126506513875
winter wheat,1,45.131853947571024,42.275480838656186
winter wheat,1,45.14640665517376,42.27413336573001
winter wheat,1,45.13320142049721,42.260658636468214
potato,11,45.1504490739523,42.13857758935637
winter wheat,1,45.12727253962202,42.078480296848774
potato,11,45.13697434469051,42.27898426826425
winter wheat,1,45.132123442156264,42.2590416689568
winter wheat,1,45.13158445298579,42.26631802275817
winter wheat,1,45.12323012084348,42.0628496109051
winter wheat,1,45.14101676346905,42.09114654235486
winter wheat,1,45.13778282844621,42.27655881699713
winter wheat,1,45.13158445298579,42.28114022494614
winter wheat,1,45.12457759376966,42.267126506513875
potato,11,45.14856261185565,42.13561314891878
winter wheat,1,45.14937109561136,42.27817578450855
winter wheat,1,45.12538607752536,42.25742470144539
winter wheat,1,45.12053517499112,42.07201242680311
winter wheat,1,45.14209474180999,42.13615213808925
winter wheat,1,45.13778282844621,42.08575665065015
winter wheat,1,45.14613716058853,42.08225322104208
winter wheat,1,45.12969799088914,42.087104123576324
winter wheat,1,45.12700304503678,42.25122632598496
winter wheat,1,45.13562687176433,42.271168925292415
winter wheat,1,45.14586766600329,42.2800622466052
winter wheat,1,45.12242163708777,42.06311910549033
winter wheat,1,45.138591312201925,42.08198372645684
winter wheat,1,45.12835051796296,42.275750333241426
winter wheat,1,45.132392936741496,42.08063625353066
winter wheat,1,45.15125755770801,42.09977036908241
potato,11,45.150988063122774,42.09572795030387
winter wheat,1,45.11460629411593,42.066892029683636
winter wheat,1,45.132123442156264,42.26793499026958
winter wheat,1,45.14559817141806,42.27224690363336
winter wheat,1,45.146945644344235,42.12887578428788
winter wheat,1,45.14128625805428,42.28114022494614
winter wheat,1,45.13966929054287,42.26766549568435
winter wheat,1,45.11918770206494,42.06823950260981
winter wheat,1,45.14586766600329,42.095188961133395
winter wheat,1,45.14937109561136,42.087104123576324
winter wheat,1,45.1151452832864,42.06554455675745
winter wheat,1,45.138321817616685,42.28410466538374
winter wheat,1,45.13966929054287,42.0846786723092
winter wheat,1,45.14209474180999,42.27009094695147
winter wheat,1,45.12835051796296,42.254729755593026
winter wheat,1,45.1248470883549,42.263353582320576
winter wheat,1,45.14640665517376,42.14019455686779
winter wheat,1,45.144789687662346,42.08225322104208
winter wheat,1,45.136435355520035,42.27143841987765
winter wheat,1,45.14398120390664,42.091685531525336
winter wheat,1,45.144250698491874,42.078480296848774
winter wheat,1,45.14775412809994,42.10677722829854
winter wheat,1,45.14074726888381,42.28572163289515
winter wheat,1,45.14128625805428,42.27682831158236
winter wheat,1,45.119726691235414,42.06554455675745
winter wheat,1,45.14748463351471,42.13184022472547
winter wheat,1,45.12242163708777,42.26119762563869
winter wheat,1,45.142903225565696,42.08602614523538
winter wheat,1,45.142633730980464,42.10812470122472
winter wheat,1,45.1504490739523,42.10542975537236
winter wheat,1,45.14155575263952,42.12887578428788
potato,11,45.132123442156264,42.080366758945424
winter wheat,1,45.124038604599185,42.250148347644014
winter wheat,1,45.14532867683282,42.12887578428788
potato,11,45.142633730980464,42.275211344070954
winter wheat,1,45.14182524722475,42.091416036940096
winter wheat,1,45.12969799088914,42.269012968610525
winter wheat,1,45.13400990425291,42.26766549568435
winter wheat,1,45.14182524722475,42.08656513440585
winter wheat,1,45.134548893423386,42.084948166894435
winter wheat,1,45.126194561281075,42.25311278808161
winter wheat,1,45.14640665517376,42.128606289702645
winter wheat,1,45.14802362268518,42.28060123577567
winter wheat,1,45.14452019307711,42.099231379911934
winter wheat,1,45.14829311727041,42.281679214116615
winter wheat,1,45.152874525219424,42.10057885283812
winter wheat,1,45.126194561281075,42.26362307690581
winter wheat,1,45.132662431326736,42.27467235490048
winter wheat,1,45.14559817141806,42.27009094695147
winter wheat,1,45.12754203420725,42.27898426826425
winter wheat,1,45.14074726888381,42.27251639821859
winter wheat,1,45.1218826479173,42.2590416689568
winter wheat,1,45.1437117093214,42.083061704797785
potato,11,45.150988063122774,42.095458455718635
winter wheat,1,45.128081023377725,42.2800622466052
winter wheat,1,45.14101676346905,42.126450333020756
potato,11,45.146676149758996,42.09572795030387
winter wheat,1,45.13751333386098,42.273055387389064
winter wheat,1,45.12376911001395,42.26011964729774
winter wheat,1,45.12727253962202,42.26766549568435
winter wheat,1,45.12296062625824,42.265240044417226
winter wheat,1,45.13320142049721,42.28060123577567
winter wheat,1,45.142364236395224,42.08818210191727
winter wheat,1,45.140477774298574,42.2657790335877
winter wheat,1,45.13886080678716,42.287877589577036
winter wheat,1,45.14586766600329,42.27440286031524
winter wheat,1,45.15152705229325,42.10246531493477
winter wheat,1,45.128081023377725,42.27871477367902
winter wheat,1,45.14991008478183,42.10489076620189
winter wheat,1,45.14613716058853,42.27359437655954
winter wheat,1,45.12053517499112,42.064466578416514
winter wheat,1,45.138591312201925,42.1275283113617
winter wheat,1,45.1437117093214,42.08252271562731
winter wheat,1,45.132662431326736,42.08063625353066
winter wheat,1,45.12888950713343,42.24933986388831
winter wheat,1,45.1391303013724,42.269012968610525
winter wheat,1,45.14613716058853,42.09599744488911
winter wheat,1,45.12835051796296,42.274941849485714
winter wheat,1,45.14613716058853,42.08440917772396
winter wheat,1,45.1286200125482,42.28114022494614
winter wheat,1,45.142364236395224,42.28194870870185
winter wheat,1,45.142903225565696,42.265240044417226
winter wheat,1,45.134548893423386,42.27413336573001
winter wheat,1,45.12700304503678,42.25985015271251
winter wheat,1,45.12646405586631,42.24880087471784
winter wheat,1,45.129967485474374,42.26847397944005
winter wheat,1,45.12538607752536,42.26092813105345
winter wheat,1,45.12161315333206,42.066353040513164
winter wheat,1,45.14344221473617,42.08252271562731
winter wheat,1,45.142633730980464,42.26470105524675
potato,11,45.148832106440885,42.09572795030387
winter wheat,1,45.13104546381532,42.28060123577567
winter wheat,1,45.12700304503678,42.279253762849486
winter wheat,1,45.13966929054287,42.269282463195765
winter wheat,1,45.12915900171867,42.27009094695147
winter wheat,1,45.12242163708777,42.066083545927924
winter wheat,1,45.12376911001395,42.26173661480916
winter wheat,1,45.138321817616685,42.08252271562731
winter wheat,1,45.126194561281075,42.25580773393397
winter wheat,1,45.1286200125482,42.26011964729774
winter wheat,1,45.12835051796296,42.27278589280383
winter wheat,1,45.134279398838146,42.27628932241189
winter wheat,1,45.14721513892947,42.270899430707175
winter wheat,1,45.11864871289447,42.06581405134269
winter wheat,1,45.15125755770801,42.09788390698576
winter wheat,1,45.145059182247586,42.26874347402529
winter wheat,1,45.118109723724,42.25446026100779
winter wheat,1,45.15152705229325,42.10057885283812
winter wheat,1,45.144789687662346,42.13615213808925
winter wheat,1,45.14532867683282,42.10057885283812
winter wheat,1,45.1294284963039,42.08413968313873
winter wheat,1,45.14209474180999,42.07632434016689
winter wheat,1,45.14748463351471,42.130762246384535
winter wheat,1,45.12107416416159,42.06958697553599
winter wheat,1,45.148832106440885,42.275211344070954
winter wheat,1,45.11460629411593,42.06716152426887
winter wheat,1,45.12323012084348,42.263353582320576
winter wheat,1,45.13050647464485,42.25553823934873
potato,11,45.134279398838146,42.263353582320576
winter wheat,1,45.12754203420725,42.24799239096213
winter wheat,1,45.1286200125482,42.269012968610525
winter wheat,1,45.12080466957636,42.06958697553599
winter wheat,1,45.143172720150936,42.27197740904812
winter wheat,1,45.12511658294013,42.264431560661514
winter wheat,1,45.14398120390664,42.08979906942868
winter wheat,1,45.142903225565696,42.08791260733203
winter wheat,1,45.146945644344235,42.13857758935637
winter wheat,1,45.13104546381532,42.085217661479675
winter wheat,1,45.1437117093214,42.264431560661514
winter wheat,1,45.144250698491874,42.27844527909378
winter wheat,1,45.14613716058853,42.277367300752836
winter wheat,1,45.14640665517376,42.12725881677647
winter wheat,1,45.13697434469051,42.28248769787232
winter wheat,1,45.14586766600329,42.09788390698576
winter wheat,1,45.12242163708777,42.25931116354204
winter wheat,1,45.142364236395224,42.26470105524675
winter wheat,1,45.14155575263952,42.27413336573001
winter wheat,1,45.14640665517376,42.12995376262882
winter wheat,1,45.1437117093214,42.28302668704279
potato,11,45.14802362268518,42.10327379869047
winter wheat,1,45.13805232303145,42.086834628991085
winter wheat,1,45.14856261185565,42.09006856401392
winter wheat,1,45.12107416416159,42.06096314880845
winter wheat,1,45.12134365874683,42.06177163256415
winter wheat,1,45.12296062625824,42.269551957781
winter wheat,1,45.132662431326736,42.269012968610525
winter wheat,1,45.1286200125482,42.26416206607628
winter wheat,1,45.12296062625824,42.26173661480916
winter wheat,1,45.12080466957636,42.07228192138835
winter wheat,1,45.152605030634184,42.10839419580996
winter wheat,1,45.132392936741496,42.08656513440585
winter wheat,1,45.12727253962202,42.27898426826425
winter wheat,1,45.14613716058853,42.136421632674484
winter wheat,1,45.132123442156264,42.27467235490048
winter wheat,1,45.140477774298574,42.277636795338076
winter wheat,1,45.12053517499112,42.07228192138835
winter wheat,1,45.12646405586631,42.275750333241426
winter wheat,1,45.149101601026125,42.275480838656186
winter wheat,1,45.14775412809994,42.101117842008584
winter wheat,1,45.12376911001395,42.07362939431453
winter wheat,1,45.13158445298579,42.264970549831986
winter wheat,1,45.12296062625824,42.25931116354204
winter wheat,1,45.1437117093214,42.10650773371331
winter wheat,1,45.144789687662346,42.12914527887312
winter wheat,1,45.12915900171867,42.2590416689568
winter wheat,1,45.12754203420725,42.271168925292415
winter wheat,1,45.12888950713343,42.25553823934873
winter wheat,1,45.11676225079782,42.066892029683636
winter wheat,1,45.15179654687848,42.13615213808925
winter wheat,1,45.128081023377725,42.08333119938302
winter wheat,1,45.1248470883549,42.273055387389064
winter wheat,1,45.14775412809994,42.105699249957595
winter wheat,1,45.15314401980466,42.10623823912807
winter wheat,1,45.13697434469051,42.28033174119043
winter wheat,1,45.15179654687848,42.107585712054245
winter wheat,1,45.14937109561136,42.093571993621985
winter wheat,1,45.11730123996829,42.064466578416514
winter wheat,1,45.143172720150936,42.09384148820722
winter wheat,1,45.14613716058853,42.266857011928636
winter wheat,1,45.13939979595763,42.28437415996897
winter wheat,1,45.1437117093214,42.10057885283812
winter wheat,1,45.12673355045155,42.27844527909378
winter wheat,1,45.12323012084348,42.25769419603062
winter wheat,1,45.1294284963039,42.262814593150104
winter wheat,1,45.13131495840055,42.26200610939439
potato,11,45.12781152879249,42.28194870870185
winter wheat,1,45.128081023377725,42.279523257434725
winter wheat,1,45.15206604146372,42.10462127161665
winter wheat,1,45.14344221473617,42.09599744488911
winter wheat,1,45.136704850105275,42.27898426826425
winter wheat,1,45.149101601026125,42.09006856401392
winter wheat,1,45.12242163708777,42.256885712274915
winter wheat,1,45.136704850105275,42.08602614523538
winter wheat,1,45.14209474180999,42.12537235467981
winter wheat,1,45.12053517499112,42.06904798636552
winter wheat,1,45.1361658609348,42.27359437655954
winter wheat,1,45.130236980059614,42.26389257149104
winter wheat,1,45.13562687176433,42.27817578450855
winter wheat,1,45.150718568537535,42.10812470122472
winter wheat,1,45.12538607752536,42.258772174371565
winter wheat,1,45.119457196650174,42.2590416689568
winter wheat,1,45.128081023377725,42.27682831158236
winter wheat,1,45.13320142049721,42.08656513440585
winter wheat,1,45.142364236395224,42.08279221021255
winter wheat,1,45.12700304503678,42.25068733681449
potato,11,45.14398120390664,42.126719827605996
winter wheat,1,45.11676225079782,42.067970008024574
winter wheat,1,45.13697434469051,42.084948166894435
winter wheat,1,45.150988063122774,42.13723011643019
winter wheat,1,45.13697434469051,42.0846786723092
winter wheat,1,45.14532867683282,42.09869239074146
winter wheat,1,45.1286200125482,42.26227560397963
winter wheat,1,45.1504490739523,42.105699249957595
potato,11,45.15206604146372,42.138847083941606
winter wheat,1,45.150718568537535,42.10462127161665
winter wheat,1,45.14802362268518,42.13776910560066
winter wheat,1,45.130236980059614,42.258772174371565
winter wheat,1,45.14344221473617,42.269012968610525
winter wheat,1,45.130775969230086,42.256885712274915
winter wheat,1,45.15179654687848,42.10489076620189
winter wheat,1,45.12080466957636,42.06392758924604
winter wheat,1,45.117840229138764,42.06581405134269
potato,11,45.149101601026125,42.084948166894435
winter wheat,1,45.12242163708777,42.066622535098396
winter wheat,1,45.13589636634956,42.08818210191727
winter wheat,1,45.148832106440885,42.09438047737769
winter wheat,1,45.14721513892947,42.128606289702645
potato,11,45.14856261185565,42.13507415974831
winter wheat,1,45.13697434469051,42.28464365455421
winter wheat,1,45.146676149758996,42.12806730053217
winter wheat,1,45.13697434469051,42.28302668704279
winter wheat,1,45.144250698491874,42.273055387389064
winter wheat,1,45.144789687662346,42.08791260733203
winter wheat,1,45.142633730980464,42.12348589258316
winter wheat,1,45.1286200125482,42.25122632598496
winter wheat,1,45.14721513892947,42.2703604415367
potato,11,45.152874525219424,42.10354329327571
winter wheat,1,45.132123442156264,42.26874347402529
winter wheat,1,45.11891820747971,42.06985647012123
winter wheat,1,45.152874525219424,42.10704672288378
winter wheat,1,45.14398120390664,42.124833365509346
winter wheat,1,45.124038604599185,42.060424159637975
winter wheat,1,45.132123442156264,42.28248769787232
winter wheat,1,45.14182524722475,42.2808707303609
winter wheat,1,45.144789687662346,42.080905748115896
winter wheat,1,45.14209474180999,42.105699249957595
winter wheat,1,45.138321817616685,42.086834628991085
winter wheat,1,45.14829311727041,42.09599744488911
winter wheat,1,45.130236980059614,42.2657790335877
winter wheat,1,45.131853947571024,42.26200610939439
winter wheat,1,45.132392936741496,42.27278589280383
winter wheat,1,45.1399387851281,42.0846786723092
winter wheat,1,45.12673355045155,42.279523257434725
winter wheat,1,45.138591312201925,42.08225322104208
winter wheat,1,45.14559817141806,42.101926325764296
winter wheat,1,45.146676149758996,42.08252271562731
potato,11,45.14937109561136,42.10327379869047
winter wheat,1,45.14856261185565,42.09653643405958
winter wheat,1,45.12781152879249,42.087104123576324
winter wheat,1,45.148832106440885,42.09033805859915
winter wheat,1,45.15314401980466,42.10893318498043
winter wheat,1,45.142633730980464,42.08548715606491
winter wheat,1,45.14559817141806,42.09303300445151
winter wheat,1,45.1437117093214,42.13480466516307
winter wheat,1,45.14775412809994,42.10219582034953
winter wheat,1,45.14937109561136,42.08926008025821
winter wheat,1,45.13939979595763,42.27871477367902
winter wheat,1,45.126194561281075,42.277367300752836
winter wheat,1,45.14101676346905,42.07955827518972
winter wheat,1,45.14398120390664,42.08171423187161
winter wheat,1,45.14344221473617,42.27655881699713
potato,11,45.13886080678716,42.080366758945424
winter wheat,1,45.117570734553524,42.07174293221788
winter wheat,1,45.14613716058853,42.12914527887312
winter wheat,1,45.134279398838146,42.2657790335877
winter wheat,1,45.12727253962202,42.25985015271251
winter wheat,1,45.142633730980464,42.1237553871684
winter wheat,1,45.14991008478183,42.0922245206958
winter wheat,1,45.14155575263952,42.28706910582133
winter wheat,1,45.150718568537535,42.103812787860946
winter wheat,1,45.142633730980464,42.26739600109911
winter wheat,1,45.14182524722475,42.26793499026958
winter wheat,1,45.142633730980464,42.09680592864481
winter wheat,1,45.12915900171867,42.25715520686015
potato,11,45.14452019307711,42.126719827605996
winter wheat,1,45.144789687662346,42.12995376262882
winter wheat,1,45.14586766600329,42.27143841987765
winter wheat,1,45.14721513892947,42.0922245206958
winter wheat,1,45.138591312201925,42.08791260733203
winter wheat,1,45.13966929054287,42.28033174119043
winter wheat,1,45.15314401980466,42.10677722829854
winter wheat,1,45.12754203420725,42.250148347644014
winter wheat,1,45.12915900171867,42.25419076642255
winter wheat,1,45.13400990425291,42.27278589280383
winter wheat,1,45.14829311727041,42.101117842008584
winter wheat,1,45.142633730980464,42.128606289702645
winter wheat,1,45.1248470883549,42.07551585641118
winter wheat,1,45.13751333386098,42.277367300752836
winter wheat,1,45.145059182247586,42.26739600109911
winter wheat,1,45.14640665517376,42.08656513440585
winter wheat,1,45.14640665517376,42.10812470122472
winter wheat,1,45.14586766600329,42.10462127161665
winter wheat,1,45.14020827971334,42.13210971931071
winter wheat,1,45.134279398838146,42.27871477367902
winter wheat,1,45.1248470883549,42.24960935847354
winter wheat,1,45.11918770206494,42.07201242680311
winter wheat,1,45.144250698491874,42.08171423187161
winter wheat,1,45.13535737717909,42.269551957781
winter wheat,1,45.14128625805428,42.275480838656186
winter wheat,1,45.12323012084348,42.062310621734625
potato,11,45.15017957936706,42.08818210191727
winter wheat,1,45.12242163708777,42.05880719212656
winter wheat,1,45.14856261185565,42.086834628991085
winter wheat,1,45.14074726888381,42.12618083843552
winter wheat,1,45.13320142049721,42.27197740904812
winter wheat,1,45.146676149758996,42.09114654235486
winter wheat,1,45.150718568537535,42.09491946654816
winter wheat,1,45.12134365874683,42.06311910549033
winter wheat,1,45.12323012084348,42.06096314880845
winter wheat,1,45.130236980059614,42.274941849485714
potato,11,45.150988063122774,42.0884515965025
potato,11,45.15179654687848,42.09060755318439
winter wheat,1,45.144250698491874,42.13588264350401
winter wheat,1,45.14398120390664,42.26820448485482
winter wheat,1,45.12538607752536,42.27413336573001
winter wheat,1,45.122152142502536,42.06554455675745
winter wheat,1,45.138321817616685,42.275211344070954
winter wheat,1,45.15314401980466,42.10650773371331
winter wheat,1,45.14748463351471,42.27251639821859
winter wheat,1,45.13724383927574,42.12887578428788
winter wheat,1,45.14344221473617,42.27628932241189
winter wheat,1,45.145059182247586,42.13857758935637
winter wheat,1,45.12161315333206,42.26604852817293
winter wheat,1,45.146676149758996,42.10812470122472
winter wheat,1,45.149101601026125,42.10677722829854
winter wheat,1,45.12754203420725,42.25958065812727
winter wheat,1,45.14128625805428,42.13291820306642
winter wheat,1,45.14532867683282,42.281409719531375
winter wheat,1,45.13131495840055,42.262814593150104
winter wheat,1,45.146945644344235,42.101117842008584
winter wheat,1,45.13050647464485,42.080366758945424
winter wheat,1,45.146676149758996,42.101117842008584
winter wheat,1,45.140477774298574,42.27413336573001
winter wheat,1,45.14802362268518,42.09114654235486
winter wheat,1,45.13050647464485,42.26550953900246
winter wheat,1,45.12969799088914,42.26227560397963
winter wheat,1,45.144250698491874,42.08872109108774
winter wheat,1,45.129967485474374,42.25176531515543
winter wheat,1,45.144250698491874,42.105968744542835
winter wheat,1,45.14640665517376,42.091685531525336
winter wheat,1,45.12700304503678,42.256616217689675
winter wheat,1,45.142903225565696,42.08548715606491
winter wheat,1,45.12754203420725,42.27790628992331
winter wheat,1,45.12323012084348,42.269012968610525
potato,11,45.14532867683282,42.09572795030387
winter wheat,1,45.1504490739523,42.101926325764296
potato,11,45.15152705229325,42.13992506228255
winter wheat,1,45.13320142049721,42.26820448485482
winter wheat,1,45.14964059019659,42.093571993621985
winter wheat,1,45.1437117093214,42.27278589280383
winter wheat,1,45.145059182247586,42.12968426804359
winter wheat,1,45.14856261185565,42.101926325764296
winter wheat,1,45.152874525219424,42.10435177703142
winter wheat,1,45.14209474180999,42.27278589280383
winter wheat,1,45.14613716058853,42.13857758935637
winter wheat,1,45.1391303013724,42.26793499026958
winter wheat,1,45.12835051796296,42.26739600109911
winter wheat,1,45.142364236395224,42.27143841987765
winter wheat,1,45.130236980059614,42.08818210191727
winter wheat,1,45.146945644344235,42.27359437655954
winter wheat,1,45.14613716058853,42.10084834742335
winter wheat,1,45.14856261185565,42.088990585672974
winter wheat,1,45.132662431326736,42.27143841987765
winter wheat,1,45.15017957936706,42.093571993621985
winter wheat,1,45.12754203420725,42.27440286031524
winter wheat,1,45.124308099184425,42.25419076642255
winter wheat,1,45.14856261185565,42.09572795030387
potato,11,45.13751333386098,42.27871477367902
winter wheat,1,45.13589636634956,42.28464365455421
winter wheat,1,45.150718568537535,42.091416036940096
winter wheat,1,45.119726691235414,42.06150213797892
winter wheat,1,45.144789687662346,42.08602614523538
winter wheat,1,45.14344221473617,42.27979275201996
winter wheat,1,45.148832106440885,42.08656513440585
winter wheat,1,45.130236980059614,42.084948166894435
winter wheat,1,45.13805232303145,42.28221820328708
winter wheat,1,45.1286200125482,42.283565676213264
winter wheat,1,45.142633730980464,42.27224690363336
winter wheat,1,45.140477774298574,42.08548715606491
winter wheat,1,45.14074726888381,42.265240044417226
winter wheat,1,45.120265680405886,42.26119762563869
winter wheat,1,45.124038604599185,42.26200610939439
winter wheat,1,45.1248470883549,42.25796369061585
winter wheat,1,45.142364236395224,42.27601982782666
winter wheat,1,45.12269113167301,42.256616217689675
winter wheat,1,45.132123442156264,42.274941849485714
winter wheat,1,45.136435355520035,42.283565676213264
winter wheat,1,45.12107416416159,42.064197083831274
winter wheat,1,45.14344221473617,42.27898426826425
winter wheat,1,45.144789687662346,42.079288780604486
winter wheat,1,45.13697434469051,42.2733248819743
winter wheat,1,45.1391303013724,42.2703604415367
winter wheat,1,45.12457759376966,42.27197740904812
winter wheat,1,45.13886080678716,42.277367300752836
winter wheat,1,45.14559817141806,42.2808707303609
winter wheat,1,45.14775412809994,42.08575665065015
potato,11,45.14829311727041,42.13480466516307
winter wheat,1,45.1218826479173,42.25742470144539
winter wheat,1,45.13562687176433,42.273055387389064
winter wheat,1,45.14398120390664,42.28275719245755
winter wheat,1,45.15179654687848,42.093302499036746
winter wheat,1,45.12646405586631,42.271168925292415
winter wheat,1,45.13535737717909,42.27009094695147
winter wheat,1,45.144250698491874,42.08387018855349
winter wheat,1,45.14748463351471,42.101926325764296
winter wheat,1,45.12080466957636,42.06069365422321
winter wheat,1,45.14640665517376,42.10084834742335
winter wheat,1,45.12538607752536,42.254729755593026
winter wheat,1,45.12835051796296,42.08333119938302
winter wheat,1,45.14128625805428,42.12537235467981
winter wheat,1,45.12080466957636,42.0733598997293
winter wheat,1,45.12323012084348,42.256885712274915
winter wheat,1,45.126194561281075,42.27628932241189
winter wheat,1,45.143172720150936,42.08979906942868
winter wheat,1,45.119457196650174,42.07309040514406
winter wheat,1,45.148832106440885,42.10866369039519
winter wheat,1,45.138321817616685,42.27790628992331
potato,11,45.150718568537535,42.13992506228255
winter wheat,1,45.126194561281075,42.26038914188298
winter wheat,1,45.119996185820646,42.06311910549033
winter wheat,1,45.129967485474374,42.25553823934873
winter wheat,1,45.13050647464485,42.08171423187161
winter wheat,1,45.13778282844621,42.2733248819743
winter wheat,1,45.145059182247586,42.1094721741509
winter wheat,1,45.14829311727041,42.13992506228255
winter wheat,1,45.1294284963039,42.269551957781
winter wheat,1,45.1256555721106,42.26847397944005
winter wheat,1,45.14452019307711,42.134535170577834
winter wheat,1,45.14991008478183,42.2808707303609
winter wheat,1,45.132123442156264,42.27251639821859
winter wheat,1,45.1248470883549,42.258772174371565
winter wheat,1,45.117840229138764,42.25499925017826
winter wheat,1,45.125925066695835,42.27655881699713
winter wheat,1,45.130775969230086,42.25553823934873
winter wheat,1,45.14452019307711,42.13534365433354
winter wheat,1,45.144789687662346,42.09680592864481
winter wheat,1,45.125925066695835,42.26820448485482
winter wheat,1,45.14101676346905,42.08063625353066
winter wheat,1,45.146676149758996,42.10435177703142
winter wheat,1,45.149101601026125,42.28033174119043
winter wheat,1,45.15017957936706,42.099500874497174
winter wheat,1,45.14452019307711,42.12779780594694
winter wheat,1,45.15017957936706,42.27979275201996
winter wheat,1,45.14155575263952,42.078749791434014
winter wheat,1,45.11541477787164,42.06985647012123
winter wheat,1,45.142364236395224,42.126450333020756
winter wheat,1,45.11676225079782,42.070664953876935
winter wheat,1,45.12511658294013,42.250417842229254
winter wheat,1,45.138591312201925,42.2800622466052
winter wheat,1,45.14586766600329,42.27844527909378
winter wheat,1,45.12349961542871,42.270899430707175
winter wheat,1,45.119996185820646,42.25823318520109
winter wheat,1,45.144789687662346,42.27601982782666
winter wheat,1,45.132123442156264,42.26038914188298
winter wheat,1,45.142903225565696,42.132379213895945
winter wheat,1,45.11918770206494,42.0636580946608
winter wheat,1,45.12646405586631,42.0771328239226
winter wheat,1,45.13131495840055,42.27898426826425
winter wheat,1,45.130236980059614,42.25796369061585
winter wheat,1,45.131853947571024,42.26847397944005
winter wheat,1,45.15206604146372,42.10408228244618
winter wheat,1,45.15152705229325,42.099500874497174
winter wheat,1,45.14748463351471,42.130492751799295
winter wheat,1,45.1391303013724,42.274941849485714
winter wheat,1,45.12754203420725,42.26631802275817
winter wheat,1,45.1294284963039,42.08144473728637
winter wheat,1,45.140477774298574,42.28221820328708
winter wheat,1,45.145059182247586,42.09869239074146
winter wheat,1,45.14748463351471,42.09249401528104
winter wheat,1,45.14775412809994,42.10030935825288
winter wheat,1,45.14964059019659,42.087104123576324
winter wheat,1,45.13158445298579,42.265240044417226
winter wheat,1,45.14344221473617,42.079288780604486
winter wheat,1,45.14559817141806,42.081175242701136
winter wheat,1,45.142364236395224,42.090877047769624
winter wheat,1,45.13320142049721,42.27278589280383
winter wheat,1,45.142633730980464,42.270899430707175
winter wheat,1,45.14964059019659,42.279253762849486
winter wheat,1,45.13697434469051,42.13103174096977
winter wheat,1,45.142633730980464,42.08144473728637
winter wheat,1,45.14802362268518,42.091685531525336
winter wheat,1,45.12080466957636,42.070664953876935
winter wheat,1,45.14856261185565,42.2770978061676
winter wheat,1,45.12134365874683,42.060424159637975
winter wheat,1,45.125925066695835,42.26416206607628
winter wheat,1,45.11487578870117,42.06716152426887
winter wheat,1,45.134548893423386,42.27386387114477
winter wheat,1,45.12754203420725,42.25823318520109
winter wheat,1,45.149101601026125,42.08548715606491
winter wheat,1,45.12969799088914,42.25769419603062
winter wheat,1,45.1399387851281,42.13210971931071
winter wheat,1,45.129967485474374,42.27359437655954
winter wheat,1,45.1437117093214,42.27628932241189
winter wheat,1,45.14182524722475,42.083061704797785
winter wheat,1,45.146676149758996,42.08575665065015
winter wheat,1,45.12269113167301,42.06123264339368
winter wheat,1,45.134279398838146,42.271168925292415
winter wheat,1,45.1437117093214,42.265240044417226
winter wheat,1,45.131853947571024,42.08144473728637
winter wheat,1,45.122152142502536,42.25176531515543
winter wheat,1,45.128081023377725,42.27817578450855
winter wheat,1,45.132392936741496,42.263353582320576
winter wheat,1,45.12538607752536,42.076863329337364
winter wheat,1,45.142364236395224,42.27224690363336
winter wheat,1,45.13778282844621,42.13345719223689
winter wheat,1,45.14452019307711,42.12806730053217
winter wheat,1,45.15017957936706,42.087104123576324
potato,11,45.152605030634184,42.09464997196293
winter wheat,1,45.131853947571024,42.260658636468214
winter wheat,1,45.1286200125482,42.252034809740664
winter wheat,1,45.13535737717909,42.283296181628025
winter wheat,1,45.122152142502536,42.0636580946608
winter wheat,1,45.142903225565696,42.27009094695147
winter wheat,1,45.14586766600329,42.087104123576324
winter wheat,1,45.14074726888381,42.08063625353066
winter wheat,1,45.119996185820646,42.25742470144539
winter wheat,1,45.13805232303145,42.27359437655954
winter wheat,1,45.144789687662346,42.09788390698576
winter wheat,1,45.150718568537535,42.101117842008584
winter wheat,1,45.144250698491874,42.264970549831986
winter wheat,1,45.142903225565696,42.264431560661514
winter wheat,1,45.14748463351471,42.10030935825288
winter wheat,1,45.13886080678716,42.080905748115896
winter wheat,1,45.1286200125482,42.27062993612194
winter wheat,1,45.13481838800862,42.27790628992331
winter wheat,1,45.13805232303145,42.27009094695147
winter wheat,1,45.144789687662346,42.10354329327571
winter wheat,1,45.12269113167301,42.25499925017826
winter wheat,1,45.119726691235414,42.07201242680311
winter wheat,1,45.14586766600329,42.266857011928636
winter wheat,1,45.142364236395224,42.08171423187161
winter wheat,1,45.12888950713343,42.26416206607628
winter wheat,1,45.142364236395224,42.269551957781
winter wheat,1,45.14452019307711,42.281409719531375
winter wheat,1,45.14532867683282,42.09464997196293
winter wheat,1,45.126194561281075,42.2733248819743
winter wheat,1,45.130775969230086,42.254729755593026
winter wheat,1,45.1286200125482,42.08818210191727
winter wheat,1,45.146676149758996,42.13615213808925
winter wheat,1,45.14344221473617,42.10300430410524
winter wheat,1,45.120265680405886,42.0636580946608
winter wheat,1,45.15152705229325,42.091416036940096
winter wheat,1,45.11891820747971,42.25392127183732
winter wheat,1,45.14182524722475,42.09060755318439
winter wheat,1,45.13050647464485,42.28060123577567
winter wheat,1,45.13131495840055,42.266857011928636
winter wheat,1,45.13939979595763,42.27655881699713
winter wheat,1,45.14559817141806,42.139116578526846
winter wheat,1,45.146945644344235,42.12941477345835
winter wheat,1,45.12888950713343,42.08656513440585
winter wheat,1,45.144250698491874,42.08144473728637
winter wheat,1,45.13050647464485,42.262814593150104
winter wheat,1,45.148832106440885,42.130492751799295
winter wheat,1,45.14613716058853,42.09249401528104
winter wheat,1,45.1504490739523,42.10677722829854
winter wheat,1,45.126194561281075,42.252843293496376
winter wheat,1,45.14559817141806,42.08252271562731
winter wheat,1,45.13562687176433,42.2703604415367
winter wheat,1,45.142364236395224,42.26550953900246
winter wheat,1,45.14964059019659,42.09572795030387
winter wheat,1,45.15206604146372,42.13669112725972
potato,11,45.142364236395224,42.13561314891878
winter wheat,1,45.12727253962202,42.25796369061585
winter wheat,1,45.13400990425291,42.277636795338076
winter wheat,1,45.143172720150936,42.12779780594694
winter wheat,1,45.11730123996829,42.072551415973585
winter wheat,1,45.12511658294013,42.26604852817293
winter wheat,1,45.12376911001395,42.25553823934873
winter wheat,1,45.14074726888381,42.26820448485482
winter wheat,1,45.143172720150936,42.10246531493477
winter wheat,1,45.132662431326736,42.273055387389064
winter wheat,1,45.134279398838146,42.086834628991085
winter wheat,1,45.13724383927574,42.26982145236624
winter wheat,1,45.13805232303145,42.26982145236624
winter wheat,1,45.13293192591197,42.08818210191727
winter wheat,1,45.12457759376966,42.25931116354204
winter wheat,1,45.118109723724,42.0733598997293
winter wheat,1,45.122152142502536,42.06096314880845
winter wheat,1,45.14613716058853,42.0876431127468
winter wheat,1,45.128081023377725,42.27386387114477
winter wheat,1,45.12242163708777,42.0628496109051
winter wheat,1,45.13050647464485,42.27224690363336
winter wheat,1,45.132662431326736,42.264970549831986
winter wheat,1,45.13293192591197,42.086834628991085
winter wheat,1,45.12915900171867,42.25634672310444
winter wheat,1,45.131853947571024,42.26604852817293
winter wheat,1,45.13320142049721,42.08387018855349
winter wheat,1,45.14209474180999,42.09599744488911
winter wheat,1,45.14613716058853,42.13507415974831
winter wheat,1,45.13158445298579,42.27251639821859
winter wheat,1,45.14721513892947,42.09249401528104
winter wheat,1,45.124308099184425,42.262814593150104
winter wheat,1,45.12323012084348,42.26038914188298
winter wheat,1,45.12835051796296,42.250956831399726
winter wheat,1,45.14398120390664,42.080905748115896
winter wheat,1,45.1437117093214,42.09707542323005
winter wheat,1,45.132123442156264,42.264970549831986
winter wheat,1,45.14829311727041,42.10920267956566
winter wheat,1,45.152874525219424,42.097344917815285
winter wheat,1,45.15017957936706,42.0876431127468
winter wheat,1,45.14344221473617,42.12725881677647
winter wheat,1,45.144250698491874,42.277367300752836
winter wheat,1,45.1294284963039,42.2552687447635
winter wheat,1,45.152605030634184,42.09788390698576
winter wheat,1,45.145059182247586,42.09788390698576
winter wheat,1,45.119996185820646,42.06716152426887
winter wheat,1,45.142364236395224,42.10003986366765
winter wheat,1,45.12161315333206,42.058268202956086
winter wheat,1,45.12700304503678,42.24799239096213
winter wheat,1,45.13050647464485,42.279523257434725
winter wheat,1,45.124038604599185,42.07389888889977
winter wheat,1,45.14586766600329,42.09842289615623
winter wheat,1,45.12835051796296,42.2560772285192
winter wheat,1,45.14748463351471,42.08360069396826
winter wheat,1,45.12269113167301,42.25338228266685
winter wheat,1,45.1399387851281,42.277636795338076
winter wheat,1,45.131853947571024,42.08791260733203
winter wheat,1,45.14452019307711,42.13749961101543
winter wheat,1,45.126194561281075,42.258772174371565
potato,11,45.1399387851281,42.13561314891878
winter wheat,1,45.14748463351471,42.10084834742335
winter wheat,1,45.1218826479173,42.0636580946608
winter wheat,1,45.119726691235414,42.066083545927924
winter wheat,1,45.1437117093214,42.0876431127468
winter wheat,1,45.12781152879249,42.26227560397963
winter wheat,1,45.142633730980464,42.285991127480386
winter wheat,1,45.14640665517376,42.08387018855349
winter wheat,1,45.122152142502536,42.260658636468214
winter wheat,1,45.14586766600329,42.283565676213264
winter wheat,1,45.12969799088914,42.25715520686015
winter wheat,1,45.14209474180999,42.09788390698576
winter wheat,1,45.11541477787164,42.067970008024574
winter wheat,1,45.130775969230086,42.27359437655954
winter wheat,1,45.134548893423386,42.28248769787232
winter wheat,1,45.14344221473617,42.09680592864481
winter wheat,1,45.12835051796296,42.2590416689568
winter wheat,1,45.138321817616685,42.270899430707175
winter wheat,1,45.138591312201925,42.13372668682213
winter wheat,1,45.12134365874683,42.264431560661514
winter wheat,1,45.146676149758996,42.2733248819743
winter wheat,1,45.148832106440885,42.093302499036746
winter wheat,1,45.130236980059614,42.279523257434725
winter wheat,1,45.12376911001395,42.07524636182595
winter wheat,1,45.12969799088914,42.0876431127468
winter wheat,1,45.12457759376966,42.26362307690581
potato,11,45.15179654687848,42.13992506228255
winter wheat,1,45.14532867683282,42.265240044417226
winter wheat,1,45.13535737717909,42.27359437655954
winter wheat,1,45.13131495840055,42.080366758945424
winter wheat,1,45.1534135143899,42.103812787860946
winter wheat,1,45.1391303013724,42.085217661479675
winter wheat,1,45.14074726888381,42.26604852817293
winter wheat,1,45.12080466957636,42.066622535098396
winter wheat,1,45.136435355520035,42.27655881699713
winter wheat,1,45.122152142502536,42.07497686724071
winter wheat,1,45.13508788259386,42.279253762849486
winter wheat,1,45.12888950713343,42.2590416689568
winter wheat,1,45.132392936741496,42.25931116354204
winter wheat,1,45.12107416416159,42.26146712022392
winter wheat,1,45.14128625805428,42.26874347402529
winter wheat,1,45.14074726888381,42.12348589258316
winter wheat,1,45.12457759376966,42.07551585641118
winter wheat,1,45.129967485474374,42.252034809740664
winter wheat,1,45.12915900171867,42.252843293496376
winter wheat,1,45.12835051796296,42.25742470144539
winter wheat,1,45.134548893423386,42.26470105524675
winter wheat,1,45.12376911001395,42.25985015271251
winter wheat,1,45.14452019307711,42.279523257434725
winter wheat,1,45.14586766600329,42.13776910560066
winter wheat,1,45.13050647464485,42.0846786723092
winter wheat,1,45.14856261185565,42.10246531493477
winter wheat,1,45.13400990425291,42.08144473728637
winter wheat,1,45.13131495840055,42.08144473728637
winter wheat,1,45.12754203420725,42.24960935847354
winter wheat,1,45.13293192591197,42.27601982782666
winter wheat,1,45.12673355045155,42.2560772285192
winter wheat,1,45.1286200125482,42.266857011928636
winter wheat,1,45.14802362268518,42.089529574843446
winter wheat,1,45.13697434469051,42.273055387389064
winter wheat,1,45.12080466957636,42.068508997195046
winter wheat,1,45.146945644344235,42.28033174119043
winter wheat,1,45.14182524722475,42.28060123577567
winter wheat,1,45.1504490739523,42.107585712054245
winter wheat,1,45.14101676346905,42.13291820306642
winter wheat,1,45.145059182247586,42.101926325764296
winter wheat,1,45.12538607752536,42.25985015271251
winter wheat,1,45.134279398838146,42.26820448485482
winter wheat,1,45.14775412809994,42.084948166894435
potato,11,45.1391303013724,42.12510286009458
winter wheat,1,45.12835051796296,42.269012968610525
winter wheat,1,45.14209474180999,42.132648708481184
winter wheat,1,45.1286200125482,42.08063625353066
winter wheat,1,45.122152142502536,42.07147343763264
winter wheat,1,45.142903225565696,42.283565676213264
winter wheat,1,45.138321817616685,42.27601982782666
winter wheat,1,45.13562687176433,42.27898426826425
winter wheat,1,45.11622326162735,42.068778491780286
winter wheat,1,45.14640665517376,42.09276350986627
winter wheat,1,45.12888950713343,42.279523257434725
winter wheat,1,45.150718568537535,42.13615213808925
winter wheat,1,45.14829311727041,42.27413336573001
winter wheat,1,45.12700304503678,42.27170791446289
potato,11,45.152874525219424,42.095188961133395
winter wheat,1,45.14613716058853,42.27170791446289
winter wheat,1,45.14775412809994,42.089529574843446
winter wheat,1,45.14802362268518,42.28033174119043
winter wheat,1,45.12969799088914,42.28410466538374
winter wheat,1,45.14209474180999,42.13372668682213
winter wheat,1,45.136435355520035,42.08144473728637
winter wheat,1,45.124038604599185,42.27062993612194
winter wheat,1,45.14991008478183,42.107855206639485
winter wheat,1,45.13966929054287,42.08413968313873
winter wheat,1,45.148832106440885,42.085217661479675
winter wheat,1,45.136435355520035,42.27278589280383
winter wheat,1,45.14721513892947,42.10462127161665
winter wheat,1,45.13562687176433,42.26982145236624
winter wheat,1,45.13778282844621,42.083061704797785
winter wheat,1,45.1399387851281,42.28114022494614
winter wheat,1,45.14452019307711,42.09438047737769
winter wheat,1,45.126194561281075,42.2514958205702
winter wheat,1,45.13805232303145,42.26874347402529
winter wheat,1,45.13562687176433,42.28221820328708
winter wheat,1,45.150718568537535,42.136960621844956
winter wheat,1,45.12915900171867,42.08602614523538
winter wheat,1,45.12915900171867,42.275750333241426
winter wheat,1,45.13805232303145,42.083061704797785
winter wheat,1,45.144250698491874,42.27251639821859
winter wheat,1,45.14586766600329,42.10219582034953
winter wheat,1,45.12376911001395,42.258502679786325
winter wheat,1,45.130236980059614,42.26146712022392
winter wheat,1,45.12080466957636,42.26092813105345
winter wheat,1,45.12646405586631,42.2514958205702
winter wheat,1,45.14856261185565,42.107855206639485
winter wheat,1,45.14613716058853,42.084948166894435
winter wheat,1,45.13508788259386,42.084948166894435
winter wheat,1,45.143172720150936,42.088990585672974
winter wheat,1,45.14991008478183,42.09626693947434
winter wheat,1,45.124308099184425,42.26739600109911
winter wheat,1,45.12700304503678,42.250148347644014
winter wheat,1,45.13724383927574,42.08791260733203
winter wheat,1,45.12349961542871,42.074707372655475
winter wheat,1,45.134548893423386,42.264970549831986
winter wheat,1,45.14937109561136,42.10650773371331
winter wheat,1,45.12107416416159,42.258502679786325
winter wheat,1,45.14128625805428,42.27979275201996
winter wheat,1,45.145059182247586,42.09033805859915
winter wheat,1,45.144789687662346,42.088990585672974
winter wheat,1,45.145059182247586,42.283565676213264
winter wheat,1,45.12727253962202,42.27790628992331
winter wheat,1,45.144250698491874,42.124833365509346
winter wheat,1,45.11703174538305,42.07174293221788
winter wheat,1,45.12888950713343,42.258502679786325
potato,11,45.149101601026125,42.13480466516307
winter wheat,1,45.12969799088914,42.25392127183732
winter wheat,1,45.1286200125482,42.24987885305878
winter wheat,1,45.13131495840055,42.28194870870185
winter wheat,1,45.144789687662346,42.09707542323005
winter wheat,1,45.15017957936706,42.10219582034953
winter wheat,1,45.13966929054287,42.136960621844956
winter wheat,1,45.128081023377725,42.27844527909378
winter wheat,1,45.120265680405886,42.06716152426887
winter wheat,1,45.13535737717909,42.08360069396826
winter wheat,1,45.12835051796296,42.26631802275817
winter wheat,1,45.14559817141806,42.274941849485714
winter wheat,1,45.13778282844621,42.28841657874751
potato,11,45.13320142049721,42.27062993612194
winter wheat,1,45.120265680405886,42.062041127149385
winter wheat,1,45.124038604599185,42.26847397944005
winter wheat,1,45.1218826479173,42.256616217689675
winter wheat,1,45.12323012084348,42.06338860007557
winter wheat,1,45.119996185820646,42.254729755593026
winter wheat,1,45.130236980059614,42.08198372645684
potato,11,45.142903225565696,42.13345719223689
winter wheat,1,45.12107416416159,42.05934618129703
winter wheat,1,45.14074726888381,42.13776910560066
potato,11,45.14128625805428,42.080366758945424
winter wheat,1,45.14991008478183,42.277367300752836
winter wheat,1,45.143172720150936,42.08171423187161
winter wheat,1,45.143172720150936,42.283296181628025
winter wheat,1,45.14452019307711,42.10057885283812
winter wheat,1,45.12376911001395,42.254729755593026
potato,11,45.13535737717909,42.2665875173434
winter wheat,1,45.13966929054287,42.07982776977496
winter wheat,1,45.13481838800862,42.2665875173434
potato,11,45.14991008478183,42.08575665065015
winter wheat,1,45.11864871289447,42.25446026100779
winter wheat,1,45.12888950713343,42.26604852817293
winter wheat,1,45.14721513892947,42.08629563982061
winter wheat,1,45.11541477787164,42.066892029683636
winter wheat,1,45.150718568537535,42.13588264350401
winter wheat,1,45.12323012084348,42.26416206607628
winter wheat,1,45.130775969230086,42.281409719531375
winter wheat,1,45.145059182247586,42.09438047737769
winter wheat,1,45.1286200125482,42.24880087471784
winter wheat,1,45.12646405586631,42.26631802275817
winter wheat,1,45.14155575263952,42.08791260733203
winter wheat,1,45.13374040966768,42.08629563982061
winter wheat,1,45.13697434469051,42.27278589280383
winter wheat,1,45.14586766600329,42.13534365433354
winter wheat,1,45.1391303013724,42.28060123577567
winter wheat,1,45.138321817616685,42.28868607333274
winter wheat,1,45.13374040966768,42.28060123577567
winter wheat,1,45.12781152879249,42.250956831399726
winter wheat,1,45.13535737717909,42.27682831158236
winter wheat,1,45.149101601026125,42.09626693947434
winter wheat,1,45.14829311727041,42.131301235555
winter wheat,1,45.130236980059614,42.27898426826425
winter wheat,1,45.146676149758996,42.08926008025821
winter wheat,1,45.12511658294013,42.263353582320576
winter wheat,1,45.15125755770801,42.09842289615623
winter wheat,1,45.12457759376966,42.2560772285192
winter wheat,1,45.1286200125482,42.25931116354204
potato,11,45.15152705229325,42.09572795030387
winter wheat,1,45.14532867683282,42.26820448485482
winter wheat,1,45.149101601026125,42.107855206639485
winter wheat,1,45.1399387851281,42.08440917772396
winter wheat,1,45.126194561281075,42.27224690363336
winter wheat,1,45.13158445298579,42.2590416689568
winter wheat,1,45.14128625805428,42.136960621844956
winter wheat,1,45.14344221473617,42.101656831179056
winter wheat,1,45.13697434469051,42.08791260733203
winter wheat,1,45.14640665517376,42.26982145236624
winter wheat,1,45.145059182247586,42.126719827605996
winter wheat,1,45.14074726888381,42.275211344070954
winter wheat,1,45.14128625805428,42.2770978061676
winter wheat,1,45.1437117093214,42.27062993612194
winter wheat,1,45.13805232303145,42.08575665065015
winter wheat,1,45.14532867683282,42.08737361816156
winter wheat,1,45.15233553604895,42.09653643405958
winter wheat,1,45.14209474180999,42.09653643405958
winter wheat,1,45.13481838800862,42.28302668704279
winter wheat,1,45.115684272456875,42.06581405134269
winter wheat,1,45.126194561281075,42.2657790335877
winter wheat,1,45.142364236395224,42.28221820328708
winter wheat,1,45.149101601026125,42.093571993621985
winter wheat,1,45.13131495840055,42.2590416689568
winter wheat,1,45.12242163708777,42.25823318520109
potato,11,45.1391303013724,42.124833365509346
winter wheat,1,45.15314401980466,42.10273480952
winter wheat,1,45.142633730980464,42.27628932241189
potato,11,45.13589636634956,42.26874347402529
winter wheat,1,45.12376911001395,42.06311910549033
winter wheat,1,45.13320142049721,42.2657790335877
winter wheat,1,45.14074726888381,42.12995376262882
winter wheat,1,45.14937109561136,42.279253762849486
winter wheat,1,45.1399387851281,42.27467235490048
winter wheat,1,45.12296062625824,42.252573798911136
winter wheat,1,45.152874525219424,42.107585712054245
winter wheat,1,45.13535737717909,42.281679214116615
winter wheat,1,45.15152705229325,42.10839419580996
winter wheat,1,45.14101676346905,42.270899430707175
winter wheat,1,45.119996185820646,42.06581405134269
winter wheat,1,45.15179654687848,42.10731621746901
winter wheat,1,45.140477774298574,42.26631802275817
potato,11,45.14964059019659,42.10354329327571
winter wheat,1,45.132662431326736,42.27197740904812
winter wheat,1,45.129967485474374,42.08279221021255
winter wheat,1,45.119457196650174,42.072551415973585
winter wheat,1,45.13400990425291,42.263084087735336
winter wheat,1,45.12754203420725,42.27871477367902
winter wheat,1,45.136435355520035,42.275211344070954
winter wheat,1,45.14532867683282,42.27601982782666
winter wheat,1,45.12781152879249,42.279253762849486
winter wheat,1,45.1437117093214,42.10219582034953
winter wheat,1,45.14559817141806,42.28302668704279
winter wheat,1,45.14721513892947,42.13776910560066
winter wheat,1,45.15152705229325,42.090877047769624
winter wheat,1,45.149101601026125,42.10920267956566
winter wheat,1,45.12888950713343,42.25122632598496
winter wheat,1,45.13697434469051,42.08440917772396
winter wheat,1,45.13724383927574,42.2800622466052
winter wheat,1,45.146945644344235,42.13965556769732
winter wheat,1,45.12323012084348,42.07389888889977
winter wheat,1,45.12376911001395,42.25796369061585
winter wheat,1,45.12700304503678,42.26766549568435
winter wheat,1,45.12700304503678,42.269012968610525
winter wheat,1,45.13104546381532,42.26362307690581
winter wheat,1,45.12700304503678,42.26416206607628
winter wheat,1,45.15017957936706,42.09788390698576
winter wheat,1,45.1534135143899,42.09842289615623
winter wheat,1,45.12107416416159,42.05961567588226
winter wheat,1,45.132392936741496,42.27871477367902
winter wheat,1,45.12134365874683,42.252304304325904
winter wheat,1,45.12242163708777,42.252843293496376
winter wheat,1,45.150718568537535,42.08926008025821
winter wheat,1,45.12646405586631,42.24907036930307
winter wheat,1,45.14182524722475,42.283296181628025
potato,11,45.145059182247586,42.130762246384535
winter wheat,1,45.119726691235414,42.256885712274915
winter wheat,1,45.13347091508244,42.08360069396826
winter wheat,1,45.1437117093214,42.13588264350401
winter wheat,1,45.14344221473617,42.285182643724674
winter wheat,1,45.142903225565696,42.26550953900246
winter wheat,1,45.14937109561136,42.08629563982061
winter wheat,1,45.1286200125482,42.270899430707175
winter wheat,1,45.14640665517376,42.27009094695147
winter wheat,1,45.14559817141806,42.13776910560066
winter wheat,1,45.1399387851281,42.12725881677647
winter wheat,1,45.142903225565696,42.2665875173434
winter wheat,1,45.1218826479173,42.264970549831986
winter wheat,1,45.14155575263952,42.27197740904812
winter wheat,1,45.120265680405886,42.25311278808161
winter wheat,1,45.125925066695835,42.2552687447635
potato,11,45.144250698491874,42.27413336573001
winter wheat,1,45.138321817616685,42.08548715606491
winter wheat,1,45.14991008478183,42.087104123576324
winter wheat,1,45.12700304503678,42.25634672310444
winter wheat,1,45.14559817141806,42.269551957781
winter wheat,1,45.132123442156264,42.277367300752836
winter wheat,1,45.142903225565696,42.12348589258316
winter wheat,1,45.14991008478183,42.08629563982061
potato,11,45.1399387851281,42.079019286019246
winter wheat,1,45.14829311727041,42.10300430410524
winter wheat,1,45.12457759376966,42.2552687447635
winter wheat,1,45.1437117093214,42.27170791446289
winter wheat,1,45.115684272456875,42.06931748095076
winter wheat,1,45.14964059019659,42.13157073014024
winter wheat,1,45.12457759376966,42.25553823934873
winter wheat,1,45.136435355520035,42.27224690363336
potato,11,45.14020827971334,42.08009726436019
winter wheat,1,45.14128625805428,42.083061704797785
winter wheat,1,45.12969799088914,42.25311278808161
winter wheat,1,45.149101601026125,42.10731621746901
winter wheat,1,45.13939979595763,42.13157073014024
winter wheat,1,45.12915900171867,42.28221820328708
winter wheat,1,45.13131495840055,42.2733248819743
winter wheat,1,45.12835051796296,42.27009094695147
winter wheat,1,45.132662431326736,42.262545098564864
winter wheat,1,45.136435355520035,42.084948166894435
winter wheat,1,45.13805232303145,42.08333119938302
potato,11,45.14748463351471,42.10327379869047
winter wheat,1,45.14775412809994,42.097614412400524
winter wheat,1,45.14937109561136,42.136960621844956
winter wheat,1,45.143172720150936,42.10542975537236
winter wheat,1,45.12161315333206,42.25311278808161
winter wheat,1,45.14775412809994,42.093571993621985
winter wheat,1,45.12376911001395,42.26766549568435
winter wheat,1,45.13589636634956,42.087104123576324
winter wheat,1,45.14155575263952,42.09842289615623
winter wheat,1,45.15152705229325,42.138847083941606
winter wheat,1,45.11837921830924,42.064466578416514
winter wheat,1,45.124038604599185,42.26416206607628
winter wheat,1,45.14398120390664,42.101387336593824
winter wheat,1,45.14964059019659,42.09033805859915
winter wheat,1,45.148832106440885,42.09249401528104
potato,11,45.15017957936706,42.10327379869047
winter wheat,1,45.12161315333206,42.25931116354204
winter wheat,1,45.150988063122774,42.10542975537236
winter wheat,1,45.117840229138764,42.072551415973585
winter wheat,1,45.130236980059614,42.08171423187161
winter wheat,1,45.1504490739523,42.10704672288378
winter wheat,1,45.134279398838146,42.08629563982061
winter wheat,1,45.149101601026125,42.105968744542835
winter wheat,1,45.12107416416159,42.062041127149385
winter wheat,1,45.14721513892947,42.097344917815285
winter wheat,1,45.15179654687848,42.09438047737769
winter wheat,1,45.122152142502536,42.2552687447635
winter wheat,1,45.14829311727041,42.093302499036746
winter wheat,1,45.1256555721106,42.25796369061585
potato,11,45.13966929054287,42.277367300752836
winter wheat,1,45.1294284963039,42.081175242701136
winter wheat,1,45.15125755770801,42.13669112725972
winter wheat,1,45.1391303013724,42.26982145236624
potato,11,45.14452019307711,42.080366758945424
winter wheat,1,45.144789687662346,42.277636795338076
winter wheat,1,45.14586766600329,42.083061704797785
winter wheat,1,45.130236980059614,42.262545098564864
winter wheat,1,45.138591312201925,42.27413336573001
winter wheat,1,45.14829311727041,42.27601982782666
winter wheat,1,45.140477774298574,42.27898426826425
winter wheat,1,45.13589636634956,42.2703604415367
winter wheat,1,45.14128625805428,42.271168925292415
winter wheat,1,45.14074726888381,42.269012968610525
winter wheat,1,45.12888950713343,42.27197740904812
potato,11,45.13293192591197,42.270899430707175
winter wheat,1,45.131853947571024,42.256885712274915
winter wheat,1,45.142903225565696,42.09006856401392
winter wheat,1,45.13751333386098,42.26847397944005
winter wheat,1,45.12511658294013,42.07632434016689
winter wheat,1,45.13886080678716,42.26847397944005
winter wheat,1,45.13966929054287,42.28410466538374
winter wheat,1,45.14344221473617,42.27197740904812
winter wheat,1,45.129967485474374,42.279523257434725
winter wheat,1,45.15179654687848,42.09411098279246
winter wheat,1,45.14613716058853,42.09491946654816
winter wheat,1,45.13293192591197,42.28060123577567
winter wheat,1,45.138321817616685,42.2733248819743
potato,11,45.14155575263952,42.09572795030387
winter wheat,1,45.14586766600329,42.09491946654816
winter wheat,1,45.14155575263952,42.28437415996897
winter wheat,1,45.12781152879249,42.2770978061676
winter wheat,1,45.13508788259386,42.275211344070954
winter wheat,1,45.14586766600329,42.279523257434725
winter wheat,1,45.148832106440885,42.091685531525336
winter wheat,1,45.12107416416159,42.252034809740664
winter wheat,1,45.12376911001395,42.06338860007557
winter wheat,1,45.13320142049721,42.27413336573001
winter wheat,1,45.13293192591197,42.08252271562731
winter wheat,1,45.144250698491874,42.27628932241189
winter wheat,1,45.1218826479173,42.2657790335877
winter wheat,1,45.150718568537535,42.10893318498043
winter wheat,1,45.12161315333206,42.06311910549033
potato,11,45.144789687662346,42.27359437655954
winter wheat,1,45.128081023377725,42.26820448485482
winter wheat,1,45.146945644344235,42.099500874497174
winter wheat,1,45.14074726888381,42.132379213895945
winter wheat,1,45.1286200125482,42.250417842229254
winter wheat,1,45.143172720150936,42.10650773371331
winter wheat,1,45.14856261185565,42.279253762849486
winter wheat,1,45.12376911001395,42.07497686724071
winter wheat,1,45.120265680405886,42.070664953876935
winter wheat,1,45.131853947571024,42.271168925292415
winter wheat,1,45.149101601026125,42.09815340157099
winter wheat,1,45.14532867683282,42.27898426826425
winter wheat,1,45.145059182247586,42.27143841987765
winter wheat,1,45.12161315333206,42.06500556758698
winter wheat,1,45.12754203420725,42.25446026100779
winter wheat,1,45.14020827971334,42.2808707303609
winter wheat,1,45.14937109561136,42.27682831158236
winter wheat,1,45.14452019307711,42.08872109108774
winter wheat,1,45.11730123996829,42.06500556758698
potato,11,45.134279398838146,42.080366758945424
winter wheat,1,45.14991008478183,42.279253762849486
winter wheat,1,45.12538607752536,42.07497686724071
winter wheat,1,45.142633730980464,42.27844527909378
winter wheat,1,45.1391303013724,42.28410466538374
winter wheat,1,45.138321817616685,42.13157073014024
winter wheat,1,45.1286200125482,42.27790628992331
winter wheat,1,45.14209474180999,42.09303300445151
winter wheat,1,45.142364236395224,42.09033805859915
winter wheat,1,45.14532867683282,42.13534365433354
winter wheat,1,45.13805232303145,42.283296181628025
winter wheat,1,45.130236980059614,42.26982145236624
winter wheat,1,45.12754203420725,42.27170791446289
winter wheat,1,45.14856261185565,42.28033174119043
winter wheat,1,45.115953767042114,42.0628496109051
winter wheat,1,45.130236980059614,42.258502679786325
winter wheat,1,45.12242163708777,42.07497686724071
winter wheat,1,45.12376911001395,42.2552687447635
winter wheat,1,45.12969799088914,42.270899430707175
winter wheat,1,45.138321817616685,42.08333119938302
winter wheat,1,45.12781152879249,42.086834628991085
winter wheat,1,45.143172720150936,42.10327379869047
winter wheat,1,45.12080466957636,42.07497686724071
potato,11,45.13939979595763,42.134535170577834
winter wheat,1,45.14559817141806,42.10542975537236
winter wheat,1,45.14613716058853,42.10408228244618
winter wheat,1,45.12646405586631,42.26119762563869
winter wheat,1,45.13481838800862,42.27601982782666
winter wheat,1,45.13724383927574,42.13480466516307
winter wheat,1,45.14344221473617,42.09464997196293
winter wheat,1,45.14559817141806,42.095458455718635
winter wheat,1,45.14721513892947,42.093571993621985
winter wheat,1,45.14829311727041,42.099231379911934
winter wheat,1,45.132392936741496,42.28114022494614
winter wheat,1,45.120265680405886,42.07362939431453
potato,11,45.144250698491874,42.1275283113617
winter wheat,1,45.14155575263952,42.07767181309307
winter wheat,1,45.12888950713343,42.2733248819743
winter wheat,1,45.132392936741496,42.263084087735336
potato,11,45.14452019307711,42.126450333020756
winter wheat,1,45.132123442156264,42.2770978061676
winter wheat,1,45.14182524722475,42.101387336593824
winter wheat,1,45.130236980059614,42.08656513440585
winter wheat,1,45.150988063122774,42.27979275201996
winter wheat,1,45.150988063122774,42.10866369039519
winter wheat,1,45.145059182247586,42.12698932219123
winter wheat,1,45.13131495840055,42.281679214116615
winter wheat,1,45.13966929054287,42.271168925292415
winter wheat,1,45.14101676346905,42.28410466538374
winter wheat,1,45.14398120390664,42.081175242701136
winter wheat,1,45.12457759376966,42.264431560661514
winter wheat,1,45.13535737717909,42.279253762849486
winter wheat,1,45.138591312201925,42.08333119938302
winter wheat,1,45.142633730980464,42.10462127161665
potato,11,45.14856261185565,42.134535170577834
winter wheat,1,45.148832106440885,42.084948166894435
winter wheat,1,45.134279398838146,42.085217661479675
winter wheat,1,45.140477774298574,42.09303300445151
winter wheat,1,45.142903225565696,42.07740231850783
winter wheat,1,45.11487578870117,42.066892029683636
winter wheat,1,45.1504490739523,42.09195502611057
winter wheat,1,45.15179654687848,42.09788390698576
winter wheat,1,45.14398120390664,42.086834628991085
winter wheat,1,45.14748463351471,42.10650773371331
winter wheat,1,45.14101676346905,42.088990585672974
winter wheat,1,45.13939979595763,42.2665875173434
winter wheat,1,45.140477774298574,42.28491314913944
winter wheat,1,45.146945644344235,42.09653643405958
winter wheat,1,45.14101676346905,42.26739600109911
winter wheat,1,45.12969799088914,42.080905748115896
winter wheat,1,45.12242163708777,42.060154665052735
winter wheat,1,45.1256555721106,42.2733248819743
winter wheat,1,45.13050647464485,42.08791260733203
winter wheat,1,45.12107416416159,42.256885712274915
winter wheat,1,45.13131495840055,42.262545098564864
winter wheat,1,45.144250698491874,42.097614412400524
winter wheat,1,45.128081023377725,42.27170791446289
winter wheat,1,45.138591312201925,42.27871477367902
winter wheat,1,45.14101676346905,42.27871477367902
winter wheat,1,45.15125755770801,42.09599744488911
winter wheat,1,45.14182524722475,42.079019286019246
winter wheat,1,45.14155575263952,42.08548715606491
winter wheat,1,45.12835051796296,42.2733248819743
winter wheat,1,45.149101601026125,42.08791260733203
winter wheat,1,45.14721513892947,42.28221820328708
winter wheat,1,45.15017957936706,42.10731621746901
winter wheat,1,45.14398120390664,42.10866369039519
winter wheat,1,45.126194561281075,42.26550953900246
winter wheat,1,45.140477774298574,42.28653011665086
winter wheat,1,45.14155575263952,42.28060123577567
winter wheat,1,45.14532867683282,42.0846786723092
winter wheat,1,45.15206604146372,42.10731621746901
winter wheat,1,45.14155575263952,42.13318769765166
winter wheat,1,45.14101676346905,42.089529574843446
winter wheat,1,45.146676149758996,42.09384148820722
winter wheat,1,45.13400990425291,42.08629563982061
winter wheat,1,45.14829311727041,42.10866369039519
winter wheat,1,45.14452019307711,42.13480466516307
winter wheat,1,45.12538607752536,42.258502679786325
winter wheat,1,45.134548893423386,42.271168925292415
winter wheat,1,45.11541477787164,42.06823950260981
winter wheat,1,45.12107416416159,42.07120394304741
winter wheat,1,45.148832106440885,42.09653643405958
winter wheat,1,45.13778282844621,42.08225322104208
winter wheat,1,45.14074726888381,42.1237553871684
winter wheat,1,45.146676149758996,42.28114022494614
winter wheat,1,45.12888950713343,42.08737361816156
winter wheat,1,45.11622326162735,42.0636580946608
winter wheat,1,45.126194561281075,42.27251639821859
winter wheat,1,45.15179654687848,42.099500874497174
winter wheat,1,45.13104546381532,42.28221820328708
winter wheat,1,45.14209474180999,42.10542975537236
winter wheat,1,45.12134365874683,42.25499925017826
winter wheat,1,45.14344221473617,42.2665875173434
winter wheat,1,45.14829311727041,42.27844527909378
winter wheat,1,45.130775969230086,42.086834628991085
winter wheat,1,45.142633730980464,42.085217661479675
winter wheat,1,45.15179654687848,42.10839419580996
winter wheat,1,45.15017957936706,42.13615213808925
winter wheat,1,45.150718568537535,42.13561314891878
winter wheat,1,45.149101601026125,42.09438047737769
winter wheat,1,45.1286200125482,42.26820448485482
winter wheat,1,45.12242163708777,42.05907668671179
winter wheat,1,45.14991008478183,42.132648708481184
winter wheat,1,45.14640665517376,42.273055387389064
winter wheat,1,45.14155575263952,42.09707542323005
winter wheat,1,45.129967485474374,42.25338228266685
winter wheat,1,45.12969799088914,42.25499925017826
winter wheat,1,45.14856261185565,42.10623823912807
winter wheat,1,45.14802362268518,42.27413336573001
winter wheat,1,45.13751333386098,42.128606289702645
winter wheat,1,45.12835051796296,42.273055387389064
winter wheat,1,45.12727253962202,42.24933986388831
winter wheat,1,45.12835051796296,42.08225322104208
winter wheat,1,45.14020827971334,42.28679961123609
winter wheat,1,45.14775412809994,42.08333119938302
winter wheat,1,45.13320142049721,42.27628932241189
winter wheat,1,45.14020827971334,42.27655881699713
winter wheat,1,45.14586766600329,42.10489076620189
winter wheat,1,45.14748463351471,42.13291820306642
winter wheat,1,45.13050647464485,42.27278589280383
potato,11,45.142364236395224,42.10354329327571
winter wheat,1,45.14829311727041,42.09249401528104
winter wheat,1,45.14182524722475,42.28464365455421
winter wheat,1,45.119457196650174,42.07120394304741
winter wheat,1,45.11837921830924,42.06581405134269
winter wheat,1,45.14128625805428,42.13399618140736
winter wheat,1,45.14452019307711,42.09464997196293
winter wheat,1,45.143172720150936,42.10812470122472
winter wheat,1,45.118109723724,42.06958697553599
winter wheat,1,45.12376911001395,42.25715520686015
winter wheat,1,45.13131495840055,42.08656513440585
winter wheat,1,45.14209474180999,42.084948166894435
winter wheat,1,45.13562687176433,42.08656513440585
winter wheat,1,45.136704850105275,42.08575665065015
winter wheat,1,45.15017957936706,42.09384148820722
winter wheat,1,45.14398120390664,42.08063625353066
winter wheat,1,45.13374040966768,42.0846786723092
winter wheat,1,45.13751333386098,42.28706910582133
winter wheat,1,45.13966929054287,42.26631802275817
winter wheat,1,45.14074726888381,42.134265675992594
winter wheat,1,45.134548893423386,42.275480838656186
winter wheat,1,45.142364236395224,42.10327379869047
winter wheat,1,45.136435355520035,42.271168925292415
winter wheat,1,45.12700304503678,42.266857011928636
winter wheat,1,45.11891820747971,42.07362939431453
winter wheat,1,45.125925066695835,42.27278589280383
winter wheat,1,45.12296062625824,42.26739600109911
potato,11,45.14209474180999,42.13507415974831
winter wheat,1,45.14802362268518,42.09464997196293
winter wheat,1,45.132392936741496,42.26416206607628
winter wheat,1,45.1399387851281,42.2808707303609
winter wheat,1,45.124038604599185,42.26766549568435
potato,11,45.13724383927574,42.080366758945424
winter wheat,1,45.14452019307711,42.27601982782666
winter wheat,1,45.14856261185565,42.09842289615623
winter wheat,1,45.15125755770801,42.13588264350401
winter wheat,1,45.12969799088914,42.254729755593026
winter wheat,1,45.122152142502536,42.265240044417226
winter wheat,1,45.124308099184425,42.07632434016689
winter wheat,1,45.12080466957636,42.07120394304741
potato,11,45.13886080678716,42.124563870924106
winter wheat,1,45.14613716058853,42.283296181628025
winter wheat,1,45.150718568537535,42.10246531493477
winter wheat,1,45.14155575263952,42.124024881753634
winter wheat,1,45.13131495840055,42.27009094695147
winter wheat,1,45.12457759376966,42.062310621734625
winter wheat,1,45.13939979595763,42.08360069396826
winter wheat,1,45.142903225565696,42.09707542323005
winter wheat,1,45.14398120390664,42.08872109108774
winter wheat,1,45.13320142049721,42.08791260733203
winter wheat,1,45.13400990425291,42.08818210191727
potato,11,45.12727253962202,42.27467235490048
winter wheat,1,45.14182524722475,42.10731621746901
winter wheat,1,45.13778282844621,42.13561314891878
winter wheat,1,45.14748463351471,42.10435177703142
winter wheat,1,45.13966929054287,42.26604852817293
winter wheat,1,45.145059182247586,42.09707542323005
winter wheat,1,45.12754203420725,42.2665875173434
winter wheat,1,45.145059182247586,42.10623823912807
winter wheat,1,45.131853947571024,42.27655881699713
winter wheat,1,45.11864871289447,42.07093444846217
winter wheat,1,45.12080466957636,42.25823318520109
winter wheat,1,45.14452019307711,42.13830809477113
winter wheat,1,45.12754203420725,42.248531380132604
winter wheat,1,45.14640665517376,42.13157073014024
winter wheat,1,45.14344221473617,42.09195502611057
winter wheat,1,45.11541477787164,42.068508997195046
winter wheat,1,45.122152142502536,42.0598851704675
winter wheat,1,45.130236980059614,42.08063625353066
winter wheat,1,45.14020827971334,42.277367300752836
winter wheat,1,45.130236980059614,42.27440286031524
winter wheat,1,45.134279398838146,42.27224690363336
winter wheat,1,45.1391303013724,42.28814708416227
winter wheat,1,45.12888950713343,42.265240044417226
winter wheat,1,45.14937109561136,42.099500874497174
winter wheat,1,45.125925066695835,42.270899430707175
winter wheat,1,45.12781152879249,42.27979275201996
winter wheat,1,45.1391303013724,42.287338600406564
winter wheat,1,45.146676149758996,42.13669112725972
winter wheat,1,45.13400990425291,42.27871477367902
winter wheat,1,45.13751333386098,42.13480466516307
winter wheat,1,45.145059182247586,42.2703604415367
winter wheat,1,45.148832106440885,42.27601982782666
winter wheat,1,45.130775969230086,42.279523257434725
winter wheat,1,45.12673355045155,42.277636795338076
winter wheat,1,45.1218826479173,42.06581405134269
winter wheat,1,45.143172720150936,42.27817578450855
winter wheat,1,45.1437117093214,42.283296181628025
winter wheat,1,45.14829311727041,42.274941849485714
winter wheat,1,45.136435355520035,42.27790628992331
potato,11,45.14964059019659,42.08548715606491
winter wheat,1,45.128081023377725,42.27601982782666
winter wheat,1,45.14209474180999,42.26766549568435
winter wheat,1,45.136704850105275,42.085217661479675
winter wheat,1,45.140477774298574,42.08387018855349
winter wheat,1,45.130236980059614,42.252843293496376
winter wheat,1,45.14209474180999,42.12779780594694
winter wheat,1,45.13778282844621,42.134265675992594
winter wheat,1,45.14964059019659,42.101926325764296
winter wheat,1,45.126194561281075,42.27143841987765
winter wheat,1,45.144789687662346,42.10677722829854
winter wheat,1,45.152874525219424,42.10920267956566
winter wheat,1,45.143172720150936,42.275480838656186
winter wheat,1,45.122152142502536,42.074707372655475
winter wheat,1,45.130236980059614,42.28033174119043
winter wheat,1,45.12107416416159,42.25446026100779
winter wheat,1,45.1256555721106,42.25769419603062
winter wheat,1,45.14452019307711,42.124833365509346
winter wheat,1,45.14586766600329,42.08926008025821
potato,11,45.14155575263952,42.275480838656186
winter wheat,1,45.142633730980464,42.277636795338076
winter wheat,1,45.1437117093214,42.271168925292415
winter wheat,1,45.13293192591197,42.08144473728637
winter wheat,1,45.14452019307711,42.079019286019246
winter wheat,1,45.12673355045155,42.2703604415367
winter wheat,1,45.144250698491874,42.088990585672974
potato,11,45.142903225565696,42.12779780594694
winter wheat,1,45.13481838800862,42.27628932241189
winter wheat,1,45.14182524722475,42.13588264350401
winter wheat,1,45.142364236395224,42.271168925292415
winter wheat,1,45.149101601026125,42.13669112725972
winter wheat,1,45.138591312201925,42.12887578428788
winter wheat,1,45.12323012084348,42.07605484558165
winter wheat,1,45.14020827971334,42.28248769787232
potato,11,45.146945644344235,42.27170791446289
winter wheat,1,45.12646405586631,42.26200610939439
winter wheat,1,45.14452019307711,42.26631802275817
winter wheat,1,45.138321817616685,42.128336795117406
winter wheat,1,45.12700304503678,42.269551957781
winter wheat,1,45.1437117093214,42.09626693947434
winter wheat,1,45.14452019307711,42.271168925292415
winter wheat,1,45.13805232303145,42.27628932241189
winter wheat,1,45.13158445298579,42.27817578450855
winter wheat,1,45.14155575263952,42.09869239074146
winter wheat,1,45.12296062625824,42.26550953900246
winter wheat,1,45.12269113167301,42.05907668671179
winter wheat,1,45.15179654687848,42.13534365433354
winter wheat,1,45.14937109561136,42.274941849485714
winter wheat,1,45.12700304503678,42.26631802275817
winter wheat,1,45.150718568537535,42.28033174119043
winter wheat,1,45.13535737717909,42.08144473728637
potato,11,45.14559817141806,42.128336795117406
winter wheat,1,45.12538607752536,42.25446026100779
winter wheat,1,45.142633730980464,42.101656831179056
potato,11,45.143172720150936,42.27440286031524
winter wheat,1,45.14344221473617,42.09491946654816
winter wheat,1,45.14398120390664,42.27278589280383
winter wheat,1,45.13697434469051,42.28194870870185
winter wheat,1,45.14074726888381,42.2657790335877
winter wheat,1,45.12349961542871,42.250956831399726
winter wheat,1,45.136704850105275,42.128606289702645
winter wheat,1,45.1437117093214,42.10920267956566
winter wheat,1,45.1504490739523,42.09303300445151
winter wheat,1,45.12673355045155,42.262814593150104
winter wheat,1,45.14586766600329,42.10408228244618
winter wheat,1,45.14991008478183,42.13318769765166
winter wheat,1,45.12107416416159,42.06527506217222
winter wheat,1,45.119996185820646,42.062310621734625
winter wheat,1,45.13966929054287,42.12698932219123
winter wheat,1,45.124308099184425,42.25634672310444
winter wheat,1,45.13131495840055,42.27062993612194
winter wheat,1,45.14344221473617,42.27224690363336
winter wheat,1,45.12511658294013,42.27440286031524
winter wheat,1,45.13805232303145,42.08360069396826
winter wheat,1,45.132662431326736,42.26092813105345
winter wheat,1,45.1294284963039,42.2838351707985
winter wheat,1,45.12242163708777,42.26631802275817
winter wheat,1,45.1248470883549,42.25365177725208
winter wheat,1,45.12323012084348,42.074707372655475
winter wheat,1,45.12296062625824,42.06581405134269
winter wheat,1,45.14155575263952,42.27251639821859
winter wheat,1,45.13104546381532,42.27278589280383
winter wheat,1,45.13481838800862,42.28033174119043
winter wheat,1,45.13697434469051,42.26820448485482
winter wheat,1,45.11649275621258,42.06392758924604
winter wheat,1,45.13697434469051,42.27359437655954
winter wheat,1,45.14155575263952,42.09680592864481
winter wheat,1,45.143172720150936,42.269012968610525
winter wheat,1,45.12835051796296,42.258772174371565
winter wheat,1,45.13400990425291,42.27601982782666
winter wheat,1,45.144250698491874,42.08333119938302
winter wheat,1,45.119726691235414,42.2590416689568
winter wheat,1,45.14991008478183,42.090877047769624
winter wheat,1,45.12915900171867,42.25580773393397
winter wheat,1,45.13508788259386,42.27898426826425
winter wheat,1,45.144789687662346,42.27817578450855
winter wheat,1,45.14101676346905,42.08926008025821
winter wheat,1,45.14775412809994,42.10623823912807
potato,11,45.13805232303145,42.27817578450855
winter wheat,1,45.13589636634956,42.27278589280383
winter wheat,1,45.13320142049721,42.27817578450855
winter wheat,1,45.142633730980464,42.27655881699713
winter wheat,1,45.146945644344235,42.128606289702645
winter wheat,1,45.13481838800862,42.2733248819743
winter wheat,1,45.119457196650174,42.256616217689675
winter wheat,1,45.12673355045155,42.25931116354204
winter wheat,1,45.142633730980464,42.086834628991085
winter wheat,1,45.14398120390664,42.2665875173434
potato,11,45.14344221473617,42.128606289702645
winter wheat,1,45.13131495840055,42.08548715606491
potato,11,45.142903225565696,42.274941849485714
winter wheat,1,45.124308099184425,42.264970549831986
winter wheat,1,45.13966929054287,42.086834628991085
winter wheat,1,45.145059182247586,42.10057885283812
winter wheat,1,45.12700304503678,42.26793499026958
winter wheat,1,45.12646405586631,42.25769419603062
winter wheat,1,45.13050647464485,42.27467235490048
winter wheat,1,45.14128625805428,42.08252271562731
winter wheat,1,45.131853947571024,42.27467235490048
winter wheat,1,45.1218826479173,42.25796369061585
winter wheat,1,45.1286200125482,42.283296181628025
winter wheat,1,45.14721513892947,42.08656513440585
potato,11,45.11918770206494,42.25338228266685
winter wheat,1,45.11918770206494,42.25553823934873
winter wheat,1,45.13589636634956,42.2838351707985
winter wheat,1,45.14559817141806,42.13938607311208
winter wheat,1,45.152605030634184,42.09599744488911
winter wheat,1,45.130236980059614,42.25958065812727
winter wheat,1,45.146676149758996,42.101656831179056
winter wheat,1,45.15233553604895,42.10084834742335
winter wheat,1,45.146676149758996,42.10731621746901
potato,11,45.1399387851281,42.277367300752836
winter wheat,1,45.142364236395224,42.08872109108774
winter wheat,1,45.12161315333206,42.070664953876935
winter wheat,1,45.115684272456875,42.06823950260981
winter wheat,1,45.124038604599185,42.07362939431453
winter wheat,1,45.15125755770801,42.13749961101543
winter wheat,1,45.142633730980464,42.28302668704279
winter wheat,1,45.117570734553524,42.06931748095076
winter wheat,1,45.15179654687848,42.105968744542835
winter wheat,1,45.132662431326736,42.26011964729774
winter wheat,1,45.140477774298574,42.27143841987765
winter wheat,1,45.1294284963039,42.25176531515543
winter wheat,1,45.15179654687848,42.13830809477113
winter wheat,1,45.129967485474374,42.26173661480916
winter wheat,1,45.12376911001395,42.25742470144539
winter wheat,1,45.146945644344235,42.09195502611057
winter wheat,1,45.130236980059614,42.256616217689675
winter wheat,1,45.145059182247586,42.12941477345835
potato,11,45.13778282844621,42.132648708481184
winter wheat,1,45.14937109561136,42.10219582034953
winter wheat,1,45.11622326162735,42.06716152426887
winter wheat,1,45.13724383927574,42.28491314913944
winter wheat,1,45.14182524722475,42.085217661479675
winter wheat,1,45.13050647464485,42.269012968610525
winter wheat,1,45.15017957936706,42.101387336593824
winter wheat,1,45.14074726888381,42.09249401528104
winter wheat,1,45.15125755770801,42.139116578526846
winter wheat,1,45.129967485474374,42.281409719531375
winter wheat,1,45.13562687176433,42.08360069396826
winter wheat,1,45.146945644344235,42.089529574843446
winter wheat,1,45.14829311727041,42.09464997196293
winter wheat,1,45.14748463351471,42.08387018855349
winter wheat,1,45.13805232303145,42.28814708416227
winter wheat,1,45.146676149758996,42.08279221021255
winter wheat,1,45.13805232303145,42.28410466538374
winter wheat,1,45.146676149758996,42.13857758935637
winter wheat,1,45.13939979595763,42.087104123576324
winter wheat,1,45.14775412809994,42.13992506228255
potato,11,45.119996185820646,42.252843293496376
winter wheat,1,45.1361658609348,42.08737361816156
potato,11,45.14344221473617,42.12698932219123
winter wheat,1,45.14074726888381,42.28410466538374
winter wheat,1,45.14182524722475,42.27413336573001
winter wheat,1,45.14344221473617,42.26362307690581
winter wheat,1,45.140477774298574,42.26982145236624
winter wheat,1,45.148832106440885,42.13345719223689
winter wheat,1,45.12161315333206,42.05907668671179
winter wheat,1,45.132662431326736,42.26470105524675
winter wheat,1,45.15125755770801,42.13507415974831
winter wheat,1,45.15017957936706,42.13561314891878
winter wheat,1,45.13050647464485,42.2665875173434
winter wheat,1,45.13158445298579,42.08333119938302
winter wheat,1,45.14586766600329,42.1275283113617
winter wheat,1,45.13778282844621,42.085217661479675
winter wheat,1,45.13131495840055,42.26227560397963
winter wheat,1,45.13805232303145,42.287338600406564
winter wheat,1,45.12269113167301,42.262814593150104
winter wheat,1,45.118109723724,42.06527506217222
winter wheat,1,45.146945644344235,42.107585712054245
winter wheat,1,45.15206604146372,42.09195502611057
winter wheat,1,45.14074726888381,42.283565676213264
winter wheat,1,45.126194561281075,42.26982145236624
winter wheat,1,45.144789687662346,42.26847397944005
winter wheat,1,45.14586766600329,42.269282463195765
winter wheat,1,45.119457196650174,42.25553823934873
winter wheat,1,45.13562687176433,42.28275719245755
winter wheat,1,45.14155575263952,42.09491946654816
winter wheat,1,45.14559817141806,42.125911343850284
winter wheat,1,45.12646405586631,42.25122632598496
winter wheat,1,45.12161315333206,42.060154665052735
winter wheat,1,45.144250698491874,42.08198372645684
winter wheat,1,45.144250698491874,42.26470105524675
winter wheat,1,45.122152142502536,42.26470105524675
winter wheat,1,45.142364236395224,42.136960621844956
winter wheat,1,45.12349961542871,42.265240044417226
winter wheat,1,45.13050647464485,42.25338228266685
winter wheat,1,45.11730123996829,42.06743101885411
potato,11,45.150718568537535,42.10354329327571
winter wheat,1,45.12376911001395,42.06258011631986
winter wheat,1,45.14559817141806,42.08279221021255
winter wheat,1,45.12107416416159,42.258772174371565
winter wheat,1,45.14128625805428,42.28221820328708
winter wheat,1,45.128081023377725,42.25796369061585
winter wheat,1,45.12538607752536,42.2657790335877
winter wheat,1,45.11918770206494,42.07174293221788
winter wheat,1,45.14802362268518,42.08440917772396
winter wheat,1,45.14802362268518,42.27655881699713
winter wheat,1,45.13481838800862,42.08791260733203
winter wheat,1,45.120265680405886,42.06581405134269
winter wheat,1,45.13050647464485,42.25931116354204
winter wheat,1,45.14398120390664,42.09033805859915
winter wheat,1,45.13697434469051,42.285452138309914
winter wheat,1,45.1361658609348,42.27009094695147
winter wheat,1,45.136435355520035,42.28275719245755
winter wheat,1,45.13939979595763,42.27467235490048
winter wheat,1,45.12161315333206,42.06770051343934
winter wheat,1,45.146676149758996,42.10650773371331
winter wheat,1,45.12242163708777,42.252034809740664
potato,11,45.1437117093214,42.132379213895945
winter wheat,1,45.13050647464485,42.27898426826425
winter wheat,1,45.13697434469051,42.128336795117406
winter wheat,1,45.15017957936706,42.10516026078712
winter wheat,1,45.119457196650174,42.2552687447635
winter wheat,1,45.14209474180999,42.27251639821859
winter wheat,1,45.124308099184425,42.263084087735336
winter wheat,1,45.142633730980464,42.084948166894435
winter wheat,1,45.12700304503678,42.279523257434725
winter wheat,1,45.148832106440885,42.09707542323005
winter wheat,1,45.13751333386098,42.08225322104208
winter wheat,1,45.12053517499112,42.0703954592917
winter wheat,1,45.14155575263952,42.12725881677647
winter wheat,1,45.115953767042114,42.06392758924604
winter wheat,1,45.12161315333206,42.06096314880845
winter wheat,1,45.14748463351471,42.086834628991085
winter wheat,1,45.1504490739523,42.09869239074146
winter wheat,1,45.13293192591197,42.08225322104208
winter wheat,1,45.14101676346905,42.12618083843552
winter wheat,1,45.14964059019659,42.10435177703142
winter wheat,1,45.14155575263952,42.28221820328708
winter wheat,1,45.12969799088914,42.086834628991085
winter wheat,1,45.11864871289447,42.067970008024574
potato,11,45.146676149758996,42.10327379869047
winter wheat,1,45.14532867683282,42.09599744488911
winter wheat,1,45.12107416416159,42.26470105524675
winter wheat,1,45.14128625805428,42.08279221021255
winter wheat,1,45.14721513892947,42.27898426826425
winter wheat,1,45.142633730980464,42.10839419580996
winter wheat,1,45.1504490739523,42.132648708481184
winter wheat,1,45.117840229138764,42.07309040514406
winter wheat,1,45.117840229138764,42.067970008024574
winter wheat,1,45.12673355045155,42.25742470144539
winter wheat,1,45.12781152879249,42.26793499026958
winter wheat,1,45.14613716058853,42.13938607311208
winter wheat,1,45.136435355520035,42.08252271562731
winter wheat,1,45.12700304503678,42.26604852817293
winter wheat,1,45.14020827971334,42.13291820306642
winter wheat,1,45.13751333386098,42.134265675992594
winter wheat,1,45.13966929054287,42.285182643724674
winter wheat,1,45.14398120390664,42.281409719531375
winter wheat,1,45.14721513892947,42.101387336593824
winter wheat,1,45.142633730980464,42.10030935825288
winter wheat,1,45.12888950713343,42.25419076642255
winter wheat,1,45.13724383927574,42.283296181628025
winter wheat,1,45.13562687176433,42.27278589280383
winter wheat,1,45.12673355045155,42.27655881699713
winter wheat,1,45.12269113167301,42.05961567588226
winter wheat,1,45.12969799088914,42.27009094695147
winter wheat,1,45.13589636634956,42.08575665065015
winter wheat,1,45.12969799088914,42.27386387114477
winter wheat,1,45.13374040966768,42.271168925292415
potato,11,45.13751333386098,42.12968426804359
winter wheat,1,45.14829311727041,42.101387336593824
winter wheat,1,45.119457196650174,42.07174293221788
winter wheat,1,45.15152705229325,42.13561314891878
winter wheat,1,45.1294284963039,42.27359437655954
winter wheat,1,45.130775969230086,42.2590416689568
winter wheat,1,45.12835051796296,42.275211344070954
winter wheat,1,45.124038604599185,42.062041127149385
winter wheat,1,45.1294284963039,42.260658636468214
potato,11,45.146676149758996,42.27197740904812
winter wheat,1,45.11891820747971,42.06823950260981
winter wheat,1,45.142633730980464,42.2808707303609
winter wheat,1,45.124308099184425,42.26820448485482
winter wheat,1,45.14829311727041,42.10219582034953
winter wheat,1,45.13481838800862,42.26820448485482
winter wheat,1,45.15206604146372,42.10084834742335
winter wheat,1,45.120265680405886,42.066353040513164
winter wheat,1,45.14155575263952,42.271168925292415
winter wheat,1,45.12915900171867,42.28275719245755
winter wheat,1,45.12835051796296,42.264970549831986
winter wheat,1,45.13966929054287,42.281409719531375
winter wheat,1,45.15017957936706,42.09195502611057
winter wheat,1,45.148832106440885,42.090877047769624
winter wheat,1,45.14398120390664,42.26362307690581
winter wheat,1,45.12511658294013,42.06177163256415
winter wheat,1,45.142633730980464,42.13723011643019
winter wheat,1,45.12134365874683,42.25823318520109
winter wheat,1,45.13374040966768,42.26820448485482
winter wheat,1,45.1399387851281,42.13723011643019
winter wheat,1,45.14074726888381,42.277636795338076
winter wheat,1,45.143172720150936,42.076863329337364
winter wheat,1,45.132662431326736,42.26038914188298
winter wheat,1,45.134548893423386,42.27009094695147
winter wheat,1,45.12161315333206,42.060424159637975
winter wheat,1,45.13050647464485,42.264431560661514
winter wheat,1,45.143172720150936,42.089529574843446
winter wheat,1,45.14640665517376,42.269551957781
winter wheat,1,45.13131495840055,42.08252271562731
winter wheat,1,45.13400990425291,42.27413336573001
winter wheat,1,45.14775412809994,42.09572795030387
winter wheat,1,45.13751333386098,42.08629563982061
winter wheat,1,45.14802362268518,42.281679214116615
winter wheat,1,45.14182524722475,42.28302668704279
winter wheat,1,45.14209474180999,42.099500874497174
winter wheat,1,45.14991008478183,42.089529574843446
winter wheat,1,45.14991008478183,42.10435177703142
winter wheat,1,45.15017957936706,42.09680592864481
winter wheat,1,45.140477774298574,42.08629563982061
winter wheat,1,45.140477774298574,42.287877589577036
winter wheat,1,45.126194561281075,42.27359437655954
winter wheat,1,45.14020827971334,42.089529574843446
winter wheat,1,45.14559817141806,42.10003986366765
winter wheat,1,45.12349961542871,42.26982145236624
winter wheat,1,45.13778282844621,42.275480838656186
winter wheat,1,45.142633730980464,42.095188961133395
winter wheat,1,45.13374040966768,42.26604852817293
winter wheat,1,45.14020827971334,42.27790628992331
winter wheat,1,45.120265680405886,42.25634672310444
winter wheat,1,45.14640665517376,42.27682831158236
winter wheat,1,45.14748463351471,42.1380386001859
winter wheat,1,45.14155575263952,42.124563870924106
winter wheat,1,45.12511658294013,42.267126506513875
winter wheat,1,45.13104546381532,42.279523257434725
winter wheat,1,45.129967485474374,42.262545098564864
winter wheat,1,45.13400990425291,42.27467235490048
winter wheat,1,45.12511658294013,42.26766549568435
winter wheat,1,45.14856261185565,42.09060755318439
winter wheat,1,45.12080466957636,42.25769419603062
winter wheat,1,45.15125755770801,42.09114654235486
winter wheat,1,45.12969799088914,42.26416206607628
winter wheat,1,45.140477774298574,42.285452138309914
winter wheat,1,45.143172720150936,42.08225322104208
winter wheat,1,45.13805232303145,42.287877589577036
potato,11,45.13939979595763,42.132648708481184
winter wheat,1,45.14209474180999,42.10219582034953
winter wheat,1,45.14209474180999,42.26982145236624
winter wheat,1,45.14586766600329,42.107855206639485
winter wheat,1,45.14559817141806,42.085217661479675
winter wheat,1,45.1504490739523,42.097344917815285
winter wheat,1,45.1294284963039,42.08171423187161
winter wheat,1,45.14398120390664,42.28437415996897
winter wheat,1,45.11622326162735,42.06958697553599
winter wheat,1,45.138591312201925,42.27386387114477
winter wheat,1,45.13158445298579,42.270899430707175
winter wheat,1,45.138591312201925,42.26739600109911
winter wheat,1,45.13886080678716,42.273055387389064
winter wheat,1,45.142364236395224,42.275480838656186
winter wheat,1,45.15179654687848,42.10650773371331
winter wheat,1,45.13481838800862,42.27413336573001
winter wheat,1,45.136435355520035,42.08791260733203
winter wheat,1,45.12700304503678,42.27979275201996
winter wheat,1,45.12296062625824,42.269012968610525
winter wheat,1,45.12457759376966,42.07578535099642
winter wheat,1,45.12888950713343,42.25446026100779
winter wheat,1,45.13508788259386,42.086834628991085
winter wheat,1,45.12727253962202,42.079019286019246
winter wheat,1,45.132662431326736,42.25931116354204
winter wheat,1,45.13886080678716,42.28491314913944
winter wheat,1,45.14182524722475,42.09788390698576
winter wheat,1,45.13966929054287,42.28841657874751
winter wheat,1,45.14344221473617,42.08656513440585
winter wheat,1,45.14452019307711,42.081175242701136
winter wheat,1,45.14775412809994,42.09626693947434
winter wheat,1,45.14182524722475,42.10327379869047
winter wheat,1,45.130775969230086,42.25931116354204
winter wheat,1,45.14074726888381,42.27467235490048
winter wheat,1,45.14721513892947,42.08818210191727
winter wheat,1,45.14721513892947,42.10812470122472
winter wheat,1,45.11864871289447,42.066622535098396
winter wheat,1,45.149101601026125,42.09195502611057
winter wheat,1,45.11864871289447,42.07228192138835
winter wheat,1,45.14182524722475,42.10839419580996
winter wheat,1,45.13562687176433,42.08737361816156
winter wheat,1,45.140477774298574,42.0846786723092
winter wheat,1,45.14128625805428,42.26470105524675
winter wheat,1,45.132392936741496,42.2657790335877
winter wheat,1,45.134548893423386,42.2800622466052
winter wheat,1,45.146945644344235,42.10273480952
winter wheat,1,45.148832106440885,42.0989618853267
winter wheat,1,45.12296062625824,42.25634672310444
winter wheat,1,45.14829311727041,42.10354329327571
winter wheat,1,45.12242163708777,42.07147343763264
winter wheat,1,45.142364236395224,42.07740231850783
winter wheat,1,45.1437117093214,42.2733248819743
winter wheat,1,45.15017957936706,42.091685531525336
winter wheat,1,45.1391303013724,42.2808707303609
winter wheat,1,45.142903225565696,42.2703604415367
winter wheat,1,45.12754203420725,42.2733248819743
winter wheat,1,45.144250698491874,42.084948166894435
winter wheat,1,45.146676149758996,42.27413336573001
winter wheat,1,45.119726691235414,42.25580773393397
winter wheat,1,45.13400990425291,42.274941849485714
winter wheat,1,45.14182524722475,42.097344917815285
winter wheat,1,45.14559817141806,42.279253762849486
winter wheat,1,45.146945644344235,42.08225322104208
winter wheat,1,45.12754203420725,42.27817578450855
winter wheat,1,45.14344221473617,42.07821080226354
winter wheat,1,45.143172720150936,42.27224690363336
winter wheat,1,45.14586766600329,42.136960621844956
winter wheat,1,45.12349961542871,42.256885712274915
winter wheat,1,45.13050647464485,42.25796369061585
winter wheat,1,45.1294284963039,42.25338228266685
winter wheat,1,45.13966929054287,42.285991127480386
winter wheat,1,45.13589636634956,42.273055387389064
winter wheat,1,45.14640665517376,42.107585712054245
winter wheat,1,45.150718568537535,42.09815340157099
winter wheat,1,45.142903225565696,42.26847397944005
winter wheat,1,45.14155575263952,42.277367300752836
winter wheat,1,45.1399387851281,42.28410466538374
winter wheat,1,45.142903225565696,42.266857011928636
winter wheat,1,45.142364236395224,42.093571993621985
winter wheat,1,45.14775412809994,42.27197740904812
winter wheat,1,45.12296062625824,42.074707372655475
winter wheat,1,45.12969799088914,42.27224690363336
winter wheat,1,45.1248470883549,42.07605484558165
winter wheat,1,45.1437117093214,42.105699249957595
winter wheat,1,45.142364236395224,42.09491946654816
potato,11,45.1437117093214,42.125911343850284
winter wheat,1,45.12915900171867,42.2560772285192
winter wheat,1,45.14155575263952,42.086834628991085
potato,11,45.136704850105275,42.27979275201996
winter wheat,1,45.14101676346905,42.27278589280383
winter wheat,1,45.12457759376966,42.25580773393397
winter wheat,1,45.124038604599185,42.064197083831274
winter wheat,1,45.126194561281075,42.0771328239226
winter wheat,1,45.14344221473617,42.275750333241426
winter wheat,1,45.11864871289447,42.06527506217222
winter wheat,1,45.12727253962202,42.27009094695147
winter wheat,1,45.13347091508244,42.26362307690581
winter wheat,1,45.119726691235414,42.258772174371565
winter wheat,1,45.144789687662346,42.13480466516307
winter wheat,1,45.12727253962202,42.26227560397963
winter wheat,1,45.132123442156264,42.27062993612194
winter wheat,1,45.12673355045155,42.263084087735336
winter wheat,1,45.134279398838146,42.08818210191727
winter wheat,1,45.12134365874683,42.265240044417226
winter wheat,1,45.144789687662346,42.09842289615623
winter wheat,1,45.146676149758996,42.10920267956566
winter wheat,1,45.143172720150936,42.09626693947434
winter wheat,1,45.14937109561136,42.10408228244618
winter wheat,1,45.1399387851281,42.13022325721406
winter wheat,1,45.124038604599185,42.06150213797892
winter wheat,1,45.12646405586631,42.26739600109911
winter wheat,1,45.12835051796296,42.26766549568435
winter wheat,1,45.14532867683282,42.12725881677647
winter wheat,1,45.129967485474374,42.08548715606491
winter wheat,1,45.149101601026125,42.09114654235486
winter wheat,1,45.1248470883549,42.266857011928636
winter wheat,1,45.12888950713343,42.27251639821859
winter wheat,1,45.12296062625824,42.06527506217222
winter wheat,1,45.150718568537535,42.093571993621985
winter wheat,1,45.1361658609348,42.28437415996897
potato,11,45.11460629411593,42.066083545927924
winter wheat,1,45.12646405586631,42.254729755593026
winter wheat,1,45.12457759376966,42.074707372655475
winter wheat,1,45.12511658294013,42.2733248819743
winter wheat,1,45.14344221473617,42.10489076620189
winter wheat,1,45.11622326162735,42.06500556758698
winter wheat,1,45.12269113167301,42.06311910549033
potato,11,45.1504490739523,42.08818210191727
winter wheat,1,45.14586766600329,42.28033174119043
winter wheat,1,45.13050647464485,42.25634672310444
winter wheat,1,45.144250698491874,42.285182643724674
winter wheat,1,45.1294284963039,42.2560772285192
winter wheat,1,45.138591312201925,42.27170791446289
winter wheat,1,45.124308099184425,42.0771328239226
winter wheat,1,45.12646405586631,42.2560772285192
winter wheat,1,45.13886080678716,42.27413336573001
winter wheat,1,45.14937109561136,42.27898426826425
winter wheat,1,45.14020827971334,42.079288780604486
winter wheat,1,45.148832106440885,42.09060755318439
winter wheat,1,45.12673355045155,42.25392127183732
winter wheat,1,45.11622326162735,42.06743101885411
winter wheat,1,45.146676149758996,42.2770978061676
winter wheat,1,45.15152705229325,42.10435177703142
winter wheat,1,45.14829311727041,42.12968426804359
winter wheat,1,45.11891820747971,42.25499925017826
winter wheat,1,45.14344221473617,42.271168925292415
winter wheat,1,45.14856261185565,42.28060123577567
winter wheat,1,45.13966929054287,42.08656513440585
winter wheat,1,45.14101676346905,42.08548715606491
winter wheat,1,45.13104546381532,42.27359437655954
potato,11,45.14532867683282,42.124833365509346
winter wheat,1,45.12835051796296,42.27251639821859
winter wheat,1,45.138321817616685,42.08144473728637
winter wheat,1,45.14802362268518,42.2733248819743
winter wheat,1,45.12727253962202,42.269012968610525
winter wheat,1,45.136435355520035,42.08279221021255
winter wheat,1,45.15125755770801,42.10246531493477
winter wheat,1,45.13778282844621,42.087104123576324
winter wheat,1,45.13508788259386,42.08548715606491
winter wheat,1,45.1286200125482,42.26793499026958
winter wheat,1,45.145059182247586,42.279253762849486
winter wheat,1,45.14398120390664,42.27628932241189
potato,11,45.14344221473617,42.13399618140736
winter wheat,1,45.136704850105275,42.27682831158236
winter wheat,1,45.124038604599185,42.076863329337364
winter wheat,1,45.119726691235414,42.07120394304741
winter wheat,1,45.13293192591197,42.264970549831986
winter wheat,1,45.130775969230086,42.08548715606491
winter wheat,1,45.149101601026125,42.10704672288378
winter wheat,1,45.120265680405886,42.064197083831274
winter wheat,1,45.130775969230086,42.08791260733203
winter wheat,1,45.13939979595763,42.12887578428788
potato,11,45.14559817141806,42.10327379869047
winter wheat,1,45.136435355520035,42.275750333241426
potato,11,45.13724383927574,42.13184022472547
winter wheat,1,45.144789687662346,42.275480838656186
winter wheat,1,45.1218826479173,42.066622535098396
winter wheat,1,45.128081023377725,42.081175242701136
potato,11,45.1437117093214,42.128606289702645
winter wheat,1,45.128081023377725,42.28221820328708
winter wheat,1,45.13966929054287,42.26820448485482
winter wheat,1,45.12754203420725,42.27251639821859
winter wheat,1,45.14991008478183,42.27817578450855
winter wheat,1,45.12727253962202,42.2657790335877
winter wheat,1,45.124038604599185,42.2703604415367
winter wheat,1,45.14452019307711,42.08144473728637
winter wheat,1,45.14182524722475,42.101656831179056
winter wheat,1,45.142364236395224,42.10084834742335
winter wheat,1,45.14721513892947,42.08575665065015
winter wheat,1,45.15206604146372,42.09653643405958
winter wheat,1,45.13724383927574,42.27655881699713
winter wheat,1,45.150718568537535,42.10273480952
winter wheat,1,45.14020827971334,42.130762246384535
winter wheat,1,45.148832106440885,42.09599744488911
potato,11,45.14182524722475,42.080366758945424
winter wheat,1,45.14532867683282,42.274941849485714
winter wheat,1,45.142633730980464,42.1094721741509
winter wheat,1,45.14128625805428,42.09384148820722
winter wheat,1,45.125925066695835,42.271168925292415
winter wheat,1,45.14829311727041,42.279253762849486
winter wheat,1,45.136435355520035,42.28033174119043
winter wheat,1,45.131853947571024,42.27062993612194
winter wheat,1,45.1399387851281,42.28248769787232
winter wheat,1,45.14532867683282,42.08575665065015
winter wheat,1,45.14532867683282,42.277636795338076
winter wheat,1,45.1286200125482,42.25823318520109
winter wheat,1,45.12511658294013,42.27009094695147
winter wheat,1,45.130775969230086,42.269012968610525
winter wheat,1,45.13562687176433,42.08387018855349
winter wheat,1,45.146945644344235,42.28302668704279
winter wheat,1,45.12107416416159,42.2560772285192
winter wheat,1,45.12888950713343,42.271168925292415
winter wheat,1,45.142903225565696,42.081175242701136
winter wheat,1,45.144789687662346,42.2770978061676
winter wheat,1,45.117570734553524,42.07228192138835
winter wheat,1,45.150988063122774,42.09653643405958
winter wheat,1,45.14128625805428,42.279253762849486
winter wheat,1,45.132392936741496,42.087104123576324
winter wheat,1,45.132662431326736,42.27601982782666
winter wheat,1,45.122152142502536,42.25580773393397
winter wheat,1,45.144789687662346,42.08252271562731
winter wheat,1,45.134279398838146,42.08656513440585
winter wheat,1,45.13535737717909,42.083061704797785
winter wheat,1,45.13939979595763,42.28114022494614
winter wheat,1,45.14182524722475,42.281679214116615
winter wheat,1,45.146676149758996,42.269012968610525
winter wheat,1,45.12835051796296,42.27655881699713
winter wheat,1,45.142903225565696,42.08360069396826
winter wheat,1,45.14344221473617,42.285452138309914
winter wheat,1,45.12511658294013,42.25580773393397
winter wheat,1,45.12915900171867,42.25823318520109
winter wheat,1,45.149101601026125,42.279253762849486
winter wheat,1,45.117570734553524,42.07201242680311
winter wheat,1,45.11918770206494,42.06904798636552
winter wheat,1,45.14991008478183,42.28114022494614
potato,11,45.145059182247586,42.2733248819743
winter wheat,1,45.124308099184425,42.26793499026958
winter wheat,1,45.14209474180999,42.10030935825288
winter wheat,1,45.1399387851281,42.2665875173434
winter wheat,1,45.14128625805428,42.28706910582133
winter wheat,1,45.13562687176433,42.08440917772396
winter wheat,1,45.12349961542871,42.26227560397963
winter wheat,1,45.12646405586631,42.25796369061585
winter wheat,1,45.12323012084348,42.06258011631986
winter wheat,1,45.13751333386098,42.08548715606491
winter wheat,1,45.115684272456875,42.06527506217222
winter wheat,1,45.12296062625824,42.0598851704675
winter wheat,1,45.15125755770801,42.090877047769624
winter wheat,1,45.13131495840055,42.27979275201996
winter wheat,1,45.12888950713343,42.086834628991085
winter wheat,1,45.14991008478183,42.09249401528104
winter wheat,1,45.142903225565696,42.0876431127468
potato,11,45.1534135143899,42.097344917815285
winter wheat,1,45.12754203420725,42.269551957781
winter wheat,1,45.13400990425291,42.264431560661514
winter wheat,1,45.143172720150936,42.26739600109911
winter wheat,1,45.132123442156264,42.08629563982061
winter wheat,1,45.13697434469051,42.27601982782666
winter wheat,1,45.13751333386098,42.2733248819743
winter wheat,1,45.13724383927574,42.2838351707985
winter wheat,1,45.136435355520035,42.26982145236624
winter wheat,1,45.14937109561136,42.09411098279246
winter wheat,1,45.12915900171867,42.265240044417226
winter wheat,1,45.13589636634956,42.275750333241426
winter wheat,1,45.14020827971334,42.27628932241189
winter wheat,1,45.13697434469051,42.08413968313873
winter wheat,1,45.14640665517376,42.087104123576324
winter wheat,1,45.12296062625824,42.072820910558825
winter wheat,1,45.14398120390664,42.267126506513875
winter wheat,1,45.13050647464485,42.27359437655954
winter wheat,1,45.142633730980464,42.08252271562731
winter wheat,1,45.138321817616685,42.271168925292415
winter wheat,1,45.15152705229325,42.10704672288378
winter wheat,1,45.13050647464485,42.25769419603062
winter wheat,1,45.14559817141806,42.105699249957595
winter wheat,1,45.124308099184425,42.26119762563869
winter wheat,1,45.13724383927574,42.27601982782666
winter wheat,1,45.14775412809994,42.10300430410524
winter wheat,1,45.14155575263952,42.10003986366765
winter wheat,1,45.142633730980464,42.08198372645684
winter wheat,1,45.124038604599185,42.2560772285192
winter wheat,1,45.14344221473617,42.2770978061676
winter wheat,1,45.14721513892947,42.084948166894435
winter wheat,1,45.150718568537535,42.107855206639485
winter wheat,1,45.14937109561136,42.09707542323005
winter wheat,1,45.13347091508244,42.279253762849486
winter wheat,1,45.12727253962202,42.24907036930307
potato,11,45.13939979595763,42.13588264350401
winter wheat,1,45.14155575263952,42.281409719531375
winter wheat,1,45.143172720150936,42.08656513440585
winter wheat,1,45.14532867683282,42.08872109108774
winter wheat,1,45.14937109561136,42.091685531525336
winter wheat,1,45.12242163708777,42.06581405134269
winter wheat,1,45.130775969230086,42.26200610939439
winter wheat,1,45.145059182247586,42.07955827518972
winter wheat,1,45.14155575263952,42.27898426826425
winter wheat,1,45.12161315333206,42.05799870837085
winter wheat,1,45.142633730980464,42.12510286009458
winter wheat,1,45.14155575263952,42.083061704797785
winter wheat,1,45.12538607752536,42.270899430707175
winter wheat,1,45.12835051796296,42.26146712022392
winter wheat,1,45.15017957936706,42.09491946654816
winter wheat,1,45.12538607752536,42.25931116354204
winter wheat,1,45.14559817141806,42.09411098279246
winter wheat,1,45.13697434469051,42.27467235490048
winter wheat,1,45.13939979595763,42.275750333241426
winter wheat,1,45.1286200125482,42.25338228266685
winter wheat,1,45.14748463351471,42.088990585672974
winter wheat,1,45.1504490739523,42.13749961101543
winter wheat,1,45.142364236395224,42.07982776977496
winter wheat,1,45.142903225565696,42.28221820328708
winter wheat,1,45.14155575263952,42.080905748115896
winter wheat,1,45.1294284963039,42.27440286031524
winter wheat,1,45.13293192591197,42.2703604415367
winter wheat,1,45.14398120390664,42.10489076620189
winter wheat,1,45.14155575263952,42.27440286031524
winter wheat,1,45.14748463351471,42.099231379911934
potato,11,45.1534135143899,42.09680592864481
winter wheat,1,45.146945644344235,42.277636795338076
winter wheat,1,45.1504490739523,42.097614412400524
winter wheat,1,45.13347091508244,42.08144473728637
winter wheat,1,45.13939979595763,42.270899430707175
winter wheat,1,45.12646405586631,42.26820448485482
winter wheat,1,45.14128625805428,42.0771328239226
winter wheat,1,45.13158445298579,42.26793499026958
winter wheat,1,45.12673355045155,42.258502679786325
winter wheat,1,45.1391303013724,42.27844527909378
winter wheat,1,45.11703174538305,42.067970008024574
winter wheat,1,45.125925066695835,42.275480838656186
winter wheat,1,45.14613716058853,42.136960621844956
winter wheat,1,45.128081023377725,42.25958065812727
winter wheat,1,45.119726691235414,42.25634672310444
winter wheat,1,45.12835051796296,42.275480838656186
winter wheat,1,45.1361658609348,42.28491314913944
winter wheat,1,45.14020827971334,42.2876080949918
winter wheat,1,45.14074726888381,42.26793499026958
winter wheat,1,45.14748463351471,42.09572795030387
potato,11,45.14937109561136,42.13561314891878
winter wheat,1,45.122152142502536,42.25446026100779
winter wheat,1,45.14101676346905,42.285452138309914
winter wheat,1,45.14640665517376,42.103812787860946
winter wheat,1,45.12323012084348,42.26146712022392
winter wheat,1,45.12781152879249,42.252034809740664
winter wheat,1,45.125925066695835,42.267126506513875
winter wheat,1,45.14101676346905,42.09464997196293
winter wheat,1,45.1256555721106,42.256616217689675
winter wheat,1,45.145059182247586,42.10893318498043
winter wheat,1,45.12646405586631,42.25931116354204
winter wheat,1,45.13966929054287,42.27601982782666
winter wheat,1,45.1504490739523,42.10300430410524
winter wheat,1,45.1256555721106,42.262545098564864
winter wheat,1,45.13320142049721,42.277367300752836
winter wheat,1,45.14721513892947,42.09653643405958
winter wheat,1,45.13724383927574,42.28114022494614
winter wheat,1,45.14074726888381,42.26874347402529
winter wheat,1,45.13131495840055,42.27817578450855
winter wheat,1,45.14829311727041,42.09842289615623
winter wheat,1,45.14532867683282,42.26550953900246
winter wheat,1,45.13724383927574,42.087104123576324
winter wheat,1,45.14182524722475,42.264970549831986
winter wheat,1,45.132662431326736,42.28033174119043
winter wheat,1,45.142903225565696,42.285991127480386
winter wheat,1,45.12323012084348,42.25580773393397
winter wheat,1,45.14101676346905,42.13318769765166
potato,11,45.13320142049721,42.26038914188298
winter wheat,1,45.13966929054287,42.13615213808925
winter wheat,1,45.13050647464485,42.2733248819743
winter wheat,1,45.13347091508244,42.263353582320576
winter wheat,1,45.145059182247586,42.27871477367902
winter wheat,1,45.14155575263952,42.08737361816156
winter wheat,1,45.128081023377725,42.24960935847354
winter wheat,1,45.144789687662346,42.281679214116615
winter wheat,1,45.125925066695835,42.27440286031524
winter wheat,1,45.13104546381532,42.26227560397963
winter wheat,1,45.12646405586631,42.25742470144539
potato,11,45.13158445298579,42.27197740904812
winter wheat,1,45.14182524722475,42.08791260733203
winter wheat,1,45.13886080678716,42.275211344070954
winter wheat,1,45.14748463351471,42.093571993621985
winter wheat,1,45.13724383927574,42.27009094695147
winter wheat,1,45.124308099184425,42.074168383485
winter wheat,1,45.13104546381532,42.260658636468214
winter wheat,1,45.12915900171867,42.27790628992331
winter wheat,1,45.138591312201925,42.0876431127468
winter wheat,1,45.14775412809994,42.277636795338076
potato,11,45.13400990425291,42.262545098564864
potato,11,45.138591312201925,42.13345719223689
potato,11,45.12835051796296,42.28302668704279
winter wheat,1,45.12781152879249,42.26173661480916
winter wheat,1,45.14775412809994,42.09977036908241
potato,11,45.12781152879249,42.27440286031524
winter wheat,1,45.14209474180999,42.285182643724674
winter wheat,1,45.149101601026125,42.27440286031524
winter wheat,1,45.1437117093214,42.2703604415367
winter wheat,1,45.144789687662346,42.13749961101543
winter wheat,1,45.14721513892947,42.139116578526846
winter wheat,1,45.12754203420725,42.27197740904812
winter wheat,1,45.13886080678716,42.28060123577567
winter wheat,1,45.14829311727041,42.10489076620189
winter wheat,1,45.12269113167301,42.0598851704675
winter wheat,1,45.132123442156264,42.258772174371565
winter wheat,1,45.129967485474374,42.083061704797785
winter wheat,1,45.12269113167301,42.25446026100779
winter wheat,1,45.1294284963039,42.08818210191727
winter wheat,1,45.13805232303145,42.08440917772396
winter wheat,1,45.11649275621258,42.06985647012123
winter wheat,1,45.14748463351471,42.10246531493477
potato,11,45.14937109561136,42.13615213808925
winter wheat,1,45.14182524722475,42.27898426826425
winter wheat,1,45.12323012084348,42.252573798911136
winter wheat,1,45.129967485474374,42.26362307690581
winter wheat,1,45.14128625805428,42.28626062206562
winter wheat,1,45.12053517499112,42.06581405134269
winter wheat,1,45.14155575263952,42.27386387114477
winter wheat,1,45.13104546381532,42.25796369061585
winter wheat,1,45.14344221473617,42.081175242701136
winter wheat,1,45.152874525219424,42.09869239074146
winter wheat,1,45.145059182247586,42.13776910560066
winter wheat,1,45.12296062625824,42.06554455675745
winter wheat,1,45.1391303013724,42.28491314913944
winter wheat,1,45.12538607752536,42.076593834752124
winter wheat,1,45.134548893423386,42.08791260733203
winter wheat,1,45.14020827971334,42.130492751799295
winter wheat,1,45.145059182247586,42.10812470122472
winter wheat,1,45.11864871289447,42.25742470144539
winter wheat,1,45.143172720150936,42.10489076620189
winter wheat,1,45.14640665517376,42.13938607311208
winter wheat,1,45.14802362268518,42.086834628991085
winter wheat,1,45.12107416416159,42.06554455675745
potato,11,45.12296062625824,42.25068733681449
winter wheat,1,45.12781152879249,42.279523257434725
winter wheat,1,45.14182524722475,42.124563870924106
winter wheat,1,45.1248470883549,42.06258011631986
winter wheat,1,45.12646405586631,42.26389257149104
winter wheat,1,45.14182524722475,42.269551957781
potato,11,45.143172720150936,42.13157073014024
potato,11,45.140477774298574,42.27682831158236
winter wheat,1,45.128081023377725,42.28060123577567
potato,11,45.143172720150936,42.274941849485714
winter wheat,1,45.12376911001395,42.269282463195765
winter wheat,1,45.12134365874683,42.0628496109051
winter wheat,1,45.14101676346905,42.08575665065015
winter wheat,1,45.13751333386098,42.13291820306642
winter wheat,1,45.14074726888381,42.084948166894435
winter wheat,1,45.142633730980464,42.10084834742335
winter wheat,1,45.14586766600329,42.269012968610525
winter wheat,1,45.142903225565696,42.271168925292415
winter wheat,1,45.14964059019659,42.10219582034953
winter wheat,1,45.14101676346905,42.08872109108774
winter wheat,1,45.12296062625824,42.256885712274915
winter wheat,1,45.14398120390664,42.27871477367902
winter wheat,1,45.117570734553524,42.072820910558825
winter wheat,1,45.143172720150936,42.0779413076783
winter wheat,1,45.119726691235414,42.25985015271251
winter wheat,1,45.119996185820646,42.25580773393397
winter wheat,1,45.11703174538305,42.064197083831274
winter wheat,1,45.13293192591197,42.0876431127468
winter wheat,1,45.11622326162735,42.07120394304741
winter wheat,1,45.119726691235414,42.25499925017826
winter wheat,1,45.131853947571024,42.262545098564864
winter wheat,1,45.13293192591197,42.26631802275817
winter wheat,1,45.13805232303145,42.08548715606491
winter wheat,1,45.13697434469051,42.281409719531375
winter wheat,1,45.118109723724,42.066622535098396
winter wheat,1,45.12269113167301,42.25580773393397
winter wheat,1,45.130775969230086,42.26038914188298
winter wheat,1,45.12835051796296,42.271168925292415
winter wheat,1,45.14155575263952,42.12564184926505
winter wheat,1,45.12700304503678,42.25769419603062
winter wheat,1,45.128081023377725,42.250148347644014
winter wheat,1,45.144250698491874,42.281409719531375
winter wheat,1,45.14559817141806,42.089529574843446
potato,11,45.149101601026125,42.13345719223689
winter wheat,1,45.14640665517376,42.10030935825288
winter wheat,1,45.13778282844621,42.27143841987765
winter wheat,1,45.14640665517376,42.27844527909378
potato,11,45.15179654687848,42.09572795030387
winter wheat,1,45.130775969230086,42.264431560661514
winter wheat,1,45.14937109561136,42.10516026078712
potato,11,45.14748463351471,42.27009094695147
winter wheat,1,45.13724383927574,42.080905748115896
winter wheat,1,45.124308099184425,42.273055387389064
winter wheat,1,45.14532867683282,42.084948166894435
winter wheat,1,45.14586766600329,42.080905748115896
winter wheat,1,45.119457196650174,42.06904798636552
winter wheat,1,45.12754203420725,42.275211344070954
winter wheat,1,45.13374040966768,42.083061704797785
winter wheat,1,45.150718568537535,42.10408228244618
winter wheat,1,45.12673355045155,42.24880087471784
winter wheat,1,45.14182524722475,42.10003986366765
winter wheat,1,45.14020827971334,42.13749961101543
winter wheat,1,45.124308099184425,42.269012968610525
winter wheat,1,45.12727253962202,42.256616217689675
winter wheat,1,45.130236980059614,42.27817578450855
winter wheat,1,45.142633730980464,42.081175242701136
winter wheat,1,45.13131495840055,42.08440917772396
winter wheat,1,45.12134365874683,42.256616217689675
winter wheat,1,45.12538607752536,42.26820448485482
winter wheat,1,45.146945644344235,42.27898426826425
winter wheat,1,45.13481838800862,42.27251639821859
winter wheat,1,45.14559817141806,42.10246531493477
potato,11,45.1534135143899,42.10731621746901
winter wheat,1,45.14020827971334,42.09033805859915
winter wheat,1,45.12969799088914,42.08818210191727
winter wheat,1,45.1256555721106,42.27278589280383
winter wheat,1,45.130236980059614,42.283296181628025
winter wheat,1,45.13751333386098,42.27278589280383
winter wheat,1,45.14640665517376,42.107855206639485
winter wheat,1,45.12107416416159,42.252573798911136
winter wheat,1,45.128081023377725,42.252034809740664
winter wheat,1,45.12754203420725,42.078480296848774
winter wheat,1,45.146945644344235,42.10866369039519
winter wheat,1,45.1391303013724,42.08791260733203
winter wheat,1,45.13562687176433,42.269551957781
winter wheat,1,45.13050647464485,42.25499925017826
winter wheat,1,45.145059182247586,42.09114654235486
potato,11,45.140477774298574,42.08009726436019
winter wheat,1,45.14344221473617,42.124563870924106
winter wheat,1,45.140477774298574,42.28437415996897
winter wheat,1,45.13562687176433,42.27844527909378
winter wheat,1,45.12835051796296,42.08387018855349
winter wheat,1,45.144250698491874,42.09249401528104
winter wheat,1,45.12134365874683,42.062041127149385
winter wheat,1,45.15206604146372,42.09303300445151
winter wheat,1,45.146676149758996,42.08979906942868
winter wheat,1,45.15017957936706,42.09033805859915
potato,11,45.14182524722475,42.13561314891878
winter wheat,1,45.12969799088914,42.27655881699713
winter wheat,1,45.11891820747971,42.25796369061585
winter wheat,1,45.12915900171867,42.26011964729774
winter wheat,1,45.129967485474374,42.25419076642255
winter wheat,1,45.126194561281075,42.25985015271251
winter wheat,1,45.11918770206494,42.07228192138835
winter wheat,1,45.13050647464485,42.08602614523538
winter wheat,1,45.131853947571024,42.26766549568435
potato,11,45.13535737717909,42.2800622466052
winter wheat,1,45.14559817141806,42.099231379911934
winter wheat,1,45.1437117093214,42.10731621746901
winter wheat,1,45.14398120390664,42.271168925292415
winter wheat,1,45.13508788259386,42.087104123576324
winter wheat,1,45.13724383927574,42.08252271562731
winter wheat,1,45.12457759376966,42.06177163256415
winter wheat,1,45.134279398838146,42.267126506513875
winter wheat,1,45.14155575263952,42.27844527909378
winter wheat,1,45.14991008478183,42.08979906942868
winter wheat,1,45.129967485474374,42.277367300752836
winter wheat,1,45.14155575263952,42.28491314913944
potato,11,45.143172720150936,42.13561314891878
winter wheat,1,45.138321817616685,42.27871477367902
winter wheat,1,45.126194561281075,42.25176531515543
winter wheat,1,45.13886080678716,42.08198372645684
winter wheat,1,45.125925066695835,42.26550953900246
winter wheat,1,45.142364236395224,42.28464365455421
winter wheat,1,45.14209474180999,42.10462127161665
winter wheat,1,45.14344221473617,42.087104123576324
winter wheat,1,45.14991008478183,42.2800622466052
winter wheat,1,45.130236980059614,42.252573798911136
winter wheat,1,45.148832106440885,42.130762246384535
winter wheat,1,45.13508788259386,42.08440917772396
winter wheat,1,45.143172720150936,42.078480296848774
winter wheat,1,45.14344221473617,42.07740231850783
winter wheat,1,45.14586766600329,42.09680592864481
winter wheat,1,45.132123442156264,42.25823318520109
winter wheat,1,45.12296062625824,42.06150213797892
potato,11,45.14802362268518,42.095458455718635
winter wheat,1,45.1437117093214,42.26470105524675
winter wheat,1,45.14532867683282,42.10920267956566
winter wheat,1,45.14398120390664,42.26874347402529
winter wheat,1,45.14775412809994,42.28060123577567
winter wheat,1,45.12161315333206,42.06581405134269
winter wheat,1,45.126194561281075,42.25122632598496
winter wheat,1,45.1361658609348,42.28114022494614
winter wheat,1,45.136435355520035,42.08333119938302
winter wheat,1,45.144250698491874,42.12510286009458
winter wheat,1,45.13751333386098,42.132648708481184
winter wheat,1,45.14613716058853,42.1380386001859
winter wheat,1,45.120265680405886,42.064466578416514
potato,11,45.148832106440885,42.10354329327571
winter wheat,1,45.15017957936706,42.10650773371331
winter wheat,1,45.143172720150936,42.1094721741509
winter wheat,1,45.11864871289447,42.06770051343934
winter wheat,1,45.13724383927574,42.08063625353066
winter wheat,1,45.12915900171867,42.26631802275817
winter wheat,1,45.13966929054287,42.28679961123609
winter wheat,1,45.13724383927574,42.081175242701136
winter wheat,1,45.14209474180999,42.08737361816156
winter wheat,1,45.132662431326736,42.08198372645684
winter wheat,1,45.1504490739523,42.27871477367902
winter wheat,1,45.119996185820646,42.25311278808161
winter wheat,1,45.12538607752536,42.24987885305878
winter wheat,1,45.14398120390664,42.09464997196293
winter wheat,1,45.14586766600329,42.08818210191727
winter wheat,1,45.146945644344235,42.275750333241426
winter wheat,1,45.15206604146372,42.10030935825288
winter wheat,1,45.150718568537535,42.09384148820722
winter wheat,1,45.14209474180999,42.101656831179056
winter wheat,1,45.13778282844621,42.273055387389064
winter wheat,1,45.119457196650174,42.066892029683636
winter wheat,1,45.12835051796296,42.08656513440585
winter wheat,1,45.13805232303145,42.27655881699713
winter wheat,1,45.13374040966768,42.2733248819743
winter wheat,1,45.138321817616685,42.134265675992594
winter wheat,1,45.14101676346905,42.128606289702645
winter wheat,1,45.1504490739523,42.10462127161665
winter wheat,1,45.15152705229325,42.139116578526846
winter wheat,1,45.12781152879249,42.250417842229254
winter wheat,1,45.14532867683282,42.27871477367902
winter wheat,1,45.150718568537535,42.10057885283812
potato,11,45.143172720150936,42.12914527887312
winter wheat,1,45.13400990425291,42.27197740904812
winter wheat,1,45.142903225565696,42.28302668704279
winter wheat,1,45.12242163708777,42.26173661480916
winter wheat,1,45.1218826479173,42.06150213797892
winter wheat,1,45.13508788259386,42.2770978061676
winter wheat,1,45.138321817616685,42.13372668682213
winter wheat,1,45.13966929054287,42.281679214116615
winter wheat,1,45.140477774298574,42.27467235490048
winter wheat,1,45.13778282844621,42.269012968610525
winter wheat,1,45.13966929054287,42.27170791446289
winter wheat,1,45.12915900171867,42.279523257434725
winter wheat,1,45.14128625805428,42.27467235490048
winter wheat,1,45.149101601026125,42.10246531493477
winter wheat,1,45.119457196650174,42.25715520686015
winter wheat,1,45.12781152879249,42.26820448485482
winter wheat,1,45.13347091508244,42.275211344070954
winter wheat,1,45.15125755770801,42.10677722829854
winter wheat,1,45.12888950713343,42.25769419603062
winter wheat,1,45.1248470883549,42.26793499026958
winter wheat,1,45.12727253962202,42.25823318520109
winter wheat,1,45.13293192591197,42.085217661479675
winter wheat,1,45.134548893423386,42.270899430707175
winter wheat,1,45.14344221473617,42.28491314913944
winter wheat,1,45.12781152879249,42.27413336573001
winter wheat,1,45.14452019307711,42.08279221021255
winter wheat,1,45.14101676346905,42.12941477345835
winter wheat,1,45.14586766600329,42.107585712054245
winter wheat,1,45.14721513892947,42.27871477367902
winter wheat,1,45.1218826479173,42.07201242680311
winter wheat,1,45.150718568537535,42.088990585672974
winter wheat,1,45.143172720150936,42.28221820328708
winter wheat,1,45.14398120390664,42.13588264350401
winter wheat,1,45.14586766600329,42.089529574843446
winter wheat,1,45.13158445298579,42.08818210191727
winter wheat,1,45.14748463351471,42.10354329327571
winter wheat,1,45.119726691235414,42.25958065812727
winter wheat,1,45.124308099184425,42.07362939431453
winter wheat,1,45.15152705229325,42.09815340157099
winter wheat,1,45.119726691235414,42.25446026100779
winter wheat,1,45.14101676346905,42.08360069396826
winter wheat,1,45.122152142502536,42.26550953900246
winter wheat,1,45.14344221473617,42.10542975537236
winter wheat,1,45.1248470883549,42.26173661480916
winter wheat,1,45.1504490739523,42.09815340157099
winter wheat,1,45.144789687662346,42.13507415974831
winter wheat,1,45.131853947571024,42.08656513440585
winter wheat,1,45.12269113167301,42.07497686724071
winter wheat,1,45.144250698491874,42.27601982782666
winter wheat,1,45.12888950713343,42.2514958205702
winter wheat,1,45.14856261185565,42.089529574843446
winter wheat,1,45.14964059019659,42.09195502611057
winter wheat,1,45.117840229138764,42.07093444846217
potato,11,45.12080466957636,42.252304304325904
winter wheat,1,45.129967485474374,42.269282463195765
winter wheat,1,45.14775412809994,42.10839419580996
winter wheat,1,45.12969799088914,42.2552687447635
winter wheat,1,45.15125755770801,42.093571993621985
winter wheat,1,45.1437117093214,42.09303300445151
winter wheat,1,45.14182524722475,42.105699249957595
winter wheat,1,45.143172720150936,42.281409719531375
winter wheat,1,45.150718568537535,42.13318769765166
winter wheat,1,45.13805232303145,42.275750333241426
winter wheat,1,45.13778282844621,42.283296181628025
winter wheat,1,45.138591312201925,42.275211344070954
winter wheat,1,45.14101676346905,42.264970549831986
winter wheat,1,45.14344221473617,42.13157073014024
potato,11,45.13535737717909,42.26874347402529
winter wheat,1,45.12376911001395,42.2657790335877
winter wheat,1,45.13589636634956,42.28491314913944
winter wheat,1,45.12511658294013,42.26173661480916
winter wheat,1,45.12134365874683,42.07497686724071
winter wheat,1,45.13697434469051,42.285182643724674
winter wheat,1,45.15314401980466,42.10839419580996
winter wheat,1,45.132392936741496,42.273055387389064
winter wheat,1,45.14559817141806,42.10893318498043
winter wheat,1,45.13778282844621,42.28060123577567
winter wheat,1,45.11837921830924,42.066083545927924
winter wheat,1,45.130775969230086,42.085217661479675
winter wheat,1,45.13724383927574,42.26766549568435
winter wheat,1,45.132123442156264,42.25931116354204
winter wheat,1,45.14398120390664,42.09680592864481
winter wheat,1,45.14748463351471,42.13022325721406
winter wheat,1,45.12727253962202,42.275211344070954
winter wheat,1,45.13697434469051,42.283296181628025
winter wheat,1,45.14586766600329,42.12806730053217
winter wheat,1,45.14020827971334,42.28302668704279
winter wheat,1,45.142903225565696,42.08279221021255
winter wheat,1,45.13104546381532,42.27601982782666
winter wheat,1,45.12269113167301,42.074168383485
winter wheat,1,45.12134365874683,42.258772174371565
winter wheat,1,45.124308099184425,42.26092813105345
winter wheat,1,45.142903225565696,42.269551957781
winter wheat,1,45.148832106440885,42.09491946654816
potato,11,45.150718568537535,42.13965556769732
winter wheat,1,45.144789687662346,42.099231379911934
winter wheat,1,45.12242163708777,42.07605484558165
winter wheat,1,45.12646405586631,42.252304304325904
winter wheat,1,45.14775412809994,42.27817578450855
winter wheat,1,45.14937109561136,42.10030935825288
potato,11,45.14398120390664,42.1275283113617
winter wheat,1,45.12538607752536,42.26470105524675
potato,11,45.142903225565696,42.08818210191727
winter wheat,1,45.125925066695835,42.26362307690581
winter wheat,1,45.14452019307711,42.088990585672974
winter wheat,1,45.14802362268518,42.09276350986627
winter wheat,1,45.14829311727041,42.095188961133395
winter wheat,1,45.13589636634956,42.08279221021255
winter wheat,1,45.14586766600329,42.10650773371331
winter wheat,1,45.12269113167301,42.072551415973585
winter wheat,1,45.13374040966768,42.27817578450855
winter wheat,1,45.138591312201925,42.12779780594694
potato,11,45.143172720150936,42.131301235555
winter wheat,1,45.14802362268518,42.2770978061676
winter wheat,1,45.14586766600329,42.2703604415367
winter wheat,1,45.128081023377725,42.25419076642255
winter wheat,1,45.146676149758996,42.132648708481184
potato,11,45.142633730980464,42.12725881677647
winter wheat,1,45.14452019307711,42.27979275201996
winter wheat,1,45.12915900171867,42.24960935847354
winter wheat,1,45.142364236395224,42.27979275201996
winter wheat,1,45.14586766600329,42.10731621746901
winter wheat,1,45.142364236395224,42.281679214116615
winter wheat,1,45.14640665517376,42.09060755318439
winter wheat,1,45.142903225565696,42.28437415996897
winter wheat,1,45.12646405586631,42.248531380132604
winter wheat,1,45.14398120390664,42.07955827518972
winter wheat,1,45.144789687662346,42.10542975537236
winter wheat,1,45.15125755770801,42.099231379911934
winter wheat,1,45.12457759376966,42.27062993612194
winter wheat,1,45.144250698491874,42.10920267956566
winter wheat,1,45.13104546381532,42.27413336573001
winter wheat,1,45.14748463351471,42.12968426804359
winter wheat,1,45.12835051796296,42.08575665065015
winter wheat,1,45.12969799088914,42.281409719531375
winter wheat,1,45.14775412809994,42.2800622466052
winter wheat,1,45.118109723724,42.072551415973585
winter wheat,1,45.11918770206494,42.25634672310444
winter wheat,1,45.12781152879249,42.27251639821859
winter wheat,1,45.115953767042114,42.06743101885411
winter wheat,1,45.14182524722475,42.2665875173434
winter wheat,1,45.119457196650174,42.25742470144539
winter wheat,1,45.14829311727041,42.09195502611057
winter wheat,1,45.140477774298574,42.269282463195765
potato,11,45.12835051796296,42.27386387114477
winter wheat,1,45.144250698491874,42.08225322104208
winter wheat,1,45.13400990425291,42.08548715606491
winter wheat,1,45.14748463351471,42.13103174096977
winter wheat,1,45.144789687662346,42.12537235467981
winter wheat,1,45.132392936741496,42.258772174371565
winter wheat,1,45.13589636634956,42.08387018855349
winter wheat,1,45.13724383927574,42.13210971931071
winter wheat,1,45.13805232303145,42.27278589280383
winter wheat,1,45.12754203420725,42.265240044417226
winter wheat,1,45.13724383927574,42.27359437655954
winter wheat,1,45.142364236395224,42.28410466538374
winter wheat,1,45.128081023377725,42.2514958205702
winter wheat,1,45.13886080678716,42.08791260733203
winter wheat,1,45.132662431326736,42.27817578450855
winter wheat,1,45.14559817141806,42.08225322104208
winter wheat,1,45.14182524722475,42.27251639821859
winter wheat,1,45.1361658609348,42.28302668704279
winter wheat,1,45.144250698491874,42.10354329327571
winter wheat,1,45.13751333386098,42.27655881699713
winter wheat,1,45.13481838800862,42.27979275201996
winter wheat,1,45.14344221473617,42.26820448485482
winter wheat,1,45.149101601026125,42.09249401528104
winter wheat,1,45.12835051796296,42.08198372645684
winter wheat,1,45.13508788259386,42.281679214116615
winter wheat,1,45.14586766600329,42.12698932219123
winter wheat,1,45.14991008478183,42.086834628991085
winter wheat,1,45.14991008478183,42.10246531493477
winter wheat,1,45.13751333386098,42.283565676213264
winter wheat,1,45.12323012084348,42.26631802275817
winter wheat,1,45.14748463351471,42.09869239074146
winter wheat,1,45.130775969230086,42.28033174119043
winter wheat,1,45.130775969230086,42.28194870870185
winter wheat,1,45.134279398838146,42.279253762849486
winter wheat,1,45.143172720150936,42.09438047737769
winter wheat,1,45.138591312201925,42.26766549568435
winter wheat,1,45.13320142049721,42.267126506513875
winter wheat,1,45.144789687662346,42.08063625353066
winter wheat,1,45.12727253962202,42.2560772285192
potato,11,45.144789687662346,42.12348589258316
winter wheat,1,45.130775969230086,42.2733248819743
winter wheat,1,45.125925066695835,42.26389257149104
winter wheat,1,45.136704850105275,42.12725881677647
winter wheat,1,45.14802362268518,42.10731621746901
potato,11,45.148832106440885,42.13561314891878
winter wheat,1,45.12727253962202,42.2552687447635
winter wheat,1,45.124308099184425,42.06150213797892
winter wheat,1,45.12269113167301,42.06500556758698
winter wheat,1,45.12296062625824,42.25446026100779
winter wheat,1,45.13805232303145,42.2770978061676
winter wheat,1,45.124308099184425,42.25580773393397
winter wheat,1,45.13562687176433,42.08413968313873
winter wheat,1,45.12323012084348,42.25365177725208
potato,11,45.14074726888381,42.13561314891878
winter wheat,1,45.124308099184425,42.06096314880845
potato,11,45.1504490739523,42.08872109108774
winter wheat,1,45.13104546381532,42.26470105524675
winter wheat,1,45.13293192591197,42.26173661480916
winter wheat,1,45.13589636634956,42.275480838656186
winter wheat,1,45.12835051796296,42.25931116354204
winter wheat,1,45.13778282844621,42.2808707303609
winter wheat,1,45.13966929054287,42.12995376262882
winter wheat,1,45.13724383927574,42.2808707303609
winter wheat,1,45.136435355520035,42.28248769787232
winter wheat,1,45.136704850105275,42.27601982782666
winter wheat,1,45.1391303013724,42.13615213808925
winter wheat,1,45.15152705229325,42.097614412400524
winter wheat,1,45.13724383927574,42.08629563982061
winter wheat,1,45.1218826479173,42.25634672310444
winter wheat,1,45.143172720150936,42.28275719245755
winter wheat,1,45.145059182247586,42.08198372645684
winter wheat,1,45.150988063122774,42.10219582034953
winter wheat,1,45.12646405586631,42.07767181309307
winter wheat,1,45.128081023377725,42.08602614523538
winter wheat,1,45.13293192591197,42.27386387114477
winter wheat,1,45.1391303013724,42.08198372645684
winter wheat,1,45.12107416416159,42.254729755593026
winter wheat,1,45.12646405586631,42.26604852817293
winter wheat,1,45.130236980059614,42.26173661480916
winter wheat,1,45.130775969230086,42.26092813105345
winter wheat,1,45.14101676346905,42.285182643724674
winter wheat,1,45.14586766600329,42.2808707303609
winter wheat,1,45.129967485474374,42.258772174371565
winter wheat,1,45.129967485474374,42.25365177725208
winter wheat,1,45.146945644344235,42.09464997196293
winter wheat,1,45.14721513892947,42.12968426804359
winter wheat,1,45.12754203420725,42.24880087471784
winter wheat,1,45.14209474180999,42.126719827605996
winter wheat,1,45.128081023377725,42.250417842229254
winter wheat,1,45.14344221473617,42.13507415974831
winter wheat,1,45.115684272456875,42.0703954592917
winter wheat,1,45.12727253962202,42.08440917772396
winter wheat,1,45.14640665517376,42.26793499026958
winter wheat,1,45.12296062625824,42.25958065812727
winter wheat,1,45.12349961542871,42.26470105524675
winter wheat,1,45.13293192591197,42.08171423187161
winter wheat,1,45.131853947571024,42.26092813105345
winter wheat,1,45.13589636634956,42.279253762849486
winter wheat,1,45.142903225565696,42.0989618853267
winter wheat,1,45.119457196650174,42.0703954592917
winter wheat,1,45.12646405586631,42.07632434016689
winter wheat,1,45.14532867683282,42.107855206639485
winter wheat,1,45.144250698491874,42.2657790335877
winter wheat,1,45.146945644344235,42.09869239074146
winter wheat,1,45.12053517499112,42.25419076642255
winter wheat,1,45.14155575263952,42.079288780604486
winter wheat,1,45.12296062625824,42.06311910549033
winter wheat,1,45.14074726888381,42.26631802275817
winter wheat,1,45.14452019307711,42.09303300445151
winter wheat,1,45.142633730980464,42.132648708481184
winter wheat,1,45.1218826479173,42.0598851704675
winter wheat,1,45.144789687662346,42.10920267956566
winter wheat,1,45.1256555721106,42.271168925292415
winter wheat,1,45.14721513892947,42.08387018855349
winter wheat,1,45.14344221473617,42.136960621844956
winter wheat,1,45.12053517499112,42.07389888889977
winter wheat,1,45.14802362268518,42.10489076620189
winter wheat,1,45.14074726888381,42.136960621844956
winter wheat,1,45.142903225565696,42.105968744542835
winter wheat,1,45.11649275621258,42.07174293221788
winter wheat,1,45.13400990425291,42.08225322104208
winter wheat,1,45.13158445298579,42.08144473728637
winter wheat,1,45.138321817616685,42.27386387114477
winter wheat,1,45.138321817616685,42.269551957781
winter wheat,1,45.13886080678716,42.08387018855349
winter wheat,1,45.14559817141806,42.12887578428788
winter wheat,1,45.1218826479173,42.258772174371565
winter wheat,1,45.1294284963039,42.256616217689675
winter wheat,1,45.146945644344235,42.13103174096977
winter wheat,1,45.15233553604895,42.09411098279246
winter wheat,1,45.12053517499112,42.062310621734625
winter wheat,1,45.15125755770801,42.107585712054245
winter wheat,1,45.14640665517376,42.28221820328708
winter wheat,1,45.145059182247586,42.128606289702645
winter wheat,1,45.12080466957636,42.07012596470646
winter wheat,1,45.1437117093214,42.28464365455421
winter wheat,1,45.14937109561136,42.105699249957595
winter wheat,1,45.15314401980466,42.09869239074146
winter wheat,1,45.14398120390664,42.097614412400524
winter wheat,1,45.12107416416159,42.066083545927924
winter wheat,1,45.13481838800862,42.275750333241426
winter wheat,1,45.14182524722475,42.285991127480386
winter wheat,1,45.126194561281075,42.256616217689675
winter wheat,1,45.15017957936706,42.13210971931071
winter wheat,1,45.13104546381532,42.08629563982061
potato,11,45.14020827971334,42.13561314891878
winter wheat,1,45.124038604599185,42.25715520686015
winter wheat,1,45.144789687662346,42.28221820328708
winter wheat,1,45.11891820747971,42.074168383485
winter wheat,1,45.13966929054287,42.27979275201996
winter wheat,1,45.136435355520035,42.0846786723092
winter wheat,1,45.130775969230086,42.08818210191727
winter wheat,1,45.152874525219424,42.10516026078712
winter wheat,1,45.11622326162735,42.06527506217222
winter wheat,1,45.14613716058853,42.13561314891878
winter wheat,1,45.14748463351471,42.08979906942868
winter wheat,1,45.14559817141806,42.10300430410524
winter wheat,1,45.150988063122774,42.10677722829854
winter wheat,1,45.12323012084348,42.25823318520109
winter wheat,1,45.14398120390664,42.279523257434725
winter wheat,1,45.14640665517376,42.086834628991085
winter wheat,1,45.14721513892947,42.13749961101543
winter wheat,1,45.144789687662346,42.08818210191727
winter wheat,1,45.12134365874683,42.05799870837085
winter wheat,1,45.132392936741496,42.28194870870185
winter wheat,1,45.14209474180999,42.269282463195765
winter wheat,1,45.142364236395224,42.285991127480386
winter wheat,1,45.14532867683282,42.13938607311208
winter wheat,1,45.136704850105275,42.26982145236624
winter wheat,1,45.14721513892947,42.08926008025821
winter wheat,1,45.12646405586631,42.27655881699713
winter wheat,1,45.12888950713343,42.2800622466052
winter wheat,1,45.13481838800862,42.08225322104208
winter wheat,1,45.14155575263952,42.0876431127468
winter wheat,1,45.14532867683282,42.28221820328708
winter wheat,1,45.14532867683282,42.283565676213264
winter wheat,1,45.136435355520035,42.27197740904812
winter wheat,1,45.14182524722475,42.13615213808925
winter wheat,1,45.12107416416159,42.26200610939439
winter wheat,1,45.15233553604895,42.10623823912807
winter wheat,1,45.14775412809994,42.090877047769624
winter wheat,1,45.143172720150936,42.124024881753634
winter wheat,1,45.142903225565696,42.124024881753634
winter wheat,1,45.15206604146372,42.099500874497174
winter wheat,1,45.144250698491874,42.265240044417226
winter wheat,1,45.124308099184425,42.2703604415367
winter wheat,1,45.13347091508244,42.27009094695147
winter wheat,1,45.13347091508244,42.27898426826425
winter wheat,1,45.13751333386098,42.086834628991085
winter wheat,1,45.15017957936706,42.09815340157099
winter wheat,1,45.11864871289447,42.25392127183732
winter wheat,1,45.146676149758996,42.14019455686779
winter wheat,1,45.146945644344235,42.093302499036746
winter wheat,1,45.12323012084348,42.060424159637975
potato,11,45.12349961542871,42.271168925292415
winter wheat,1,45.134279398838146,42.27359437655954
winter wheat,1,45.125925066695835,42.273055387389064
winter wheat,1,45.130775969230086,42.275750333241426
winter wheat,1,45.13966929054287,42.08818210191727
potato,11,45.13966929054287,42.134265675992594
winter wheat,1,45.144789687662346,42.101117842008584
winter wheat,1,45.1218826479173,42.05907668671179
winter wheat,1,45.12781152879249,42.26847397944005
winter wheat,1,45.144789687662346,42.26874347402529
potato,11,45.12349961542871,42.27143841987765
winter wheat,1,45.12781152879249,42.26550953900246
winter wheat,1,45.11676225079782,42.068778491780286
winter wheat,1,45.11918770206494,42.066892029683636
winter wheat,1,45.12781152879249,42.252573798911136
winter wheat,1,45.12053517499112,42.07174293221788
winter wheat,1,45.14344221473617,42.264431560661514
winter wheat,1,45.13751333386098,42.083061704797785
winter wheat,1,45.150988063122774,42.107855206639485
winter wheat,1,45.12781152879249,42.252843293496376
winter wheat,1,45.13778282844621,42.08333119938302
winter wheat,1,45.122152142502536,42.064466578416514
winter wheat,1,45.13778282844621,42.12618083843552
winter wheat,1,45.13535737717909,42.08279221021255
winter wheat,1,45.14775412809994,42.27790628992331
winter wheat,1,45.12161315333206,42.25958065812727
winter wheat,1,45.128081023377725,42.24745340179166
winter wheat,1,45.12915900171867,42.277367300752836
winter wheat,1,45.14964059019659,42.097344917815285
winter wheat,1,45.13158445298579,42.08440917772396
winter wheat,1,45.12242163708777,42.26793499026958
winter wheat,1,45.11837921830924,42.25446026100779
winter wheat,1,45.11891820747971,42.07120394304741
winter wheat,1,45.14452019307711,42.078749791434014
winter wheat,1,45.124308099184425,42.265240044417226
winter wheat,1,45.13481838800862,42.279523257434725
winter wheat,1,45.13508788259386,42.27790628992331
winter wheat,1,45.132392936741496,42.27817578450855
winter wheat,1,45.142633730980464,42.26874347402529
winter wheat,1,45.13050647464485,42.281679214116615
winter wheat,1,45.14101676346905,42.275750333241426
winter wheat,1,45.13320142049721,42.27440286031524
winter wheat,1,45.13697434469051,42.080905748115896
winter wheat,1,45.14020827971334,42.28464365455421
winter wheat,1,45.13104546381532,42.283296181628025
winter wheat,1,45.12700304503678,42.27251639821859
winter wheat,1,45.119726691235414,42.07228192138835
winter wheat,1,45.144250698491874,42.28221820328708
winter wheat,1,45.15152705229325,42.107855206639485
winter wheat,1,45.129967485474374,42.2703604415367
winter wheat,1,45.131853947571024,42.264970549831986
winter wheat,1,45.14802362268518,42.10246531493477
winter wheat,1,45.140477774298574,42.13669112725972
winter wheat,1,45.1391303013724,42.27440286031524
winter wheat,1,45.12511658294013,42.24933986388831
winter wheat,1,45.1361658609348,42.086834628991085
winter wheat,1,45.136704850105275,42.285452138309914
winter wheat,1,45.13805232303145,42.273055387389064
winter wheat,1,45.12888950713343,42.269012968610525
potato,11,45.14182524722475,42.09572795030387
winter wheat,1,45.13320142049721,42.275750333241426
winter wheat,1,45.1399387851281,42.27844527909378
winter wheat,1,45.12511658294013,42.24987885305878
winter wheat,1,45.14586766600329,42.10246531493477
winter wheat,1,45.14398120390664,42.124294376338874
winter wheat,1,45.134548893423386,42.27790628992331
winter wheat,1,45.129967485474374,42.08144473728637
winter wheat,1,45.119726691235414,42.06958697553599
winter wheat,1,45.14209474180999,42.28194870870185
winter wheat,1,45.119457196650174,42.07362939431453
winter wheat,1,45.14586766600329,42.10084834742335
winter wheat,1,45.13778282844621,42.28653011665086
winter wheat,1,45.13805232303145,42.277367300752836
winter wheat,1,45.13939979595763,42.12914527887312
winter wheat,1,45.12134365874683,42.06069365422321
winter wheat,1,45.14802362268518,42.281409719531375
winter wheat,1,45.14074726888381,42.078480296848774
winter wheat,1,45.12107416416159,42.06770051343934
winter wheat,1,45.14586766600329,42.091416036940096
winter wheat,1,45.14613716058853,42.10677722829854
winter wheat,1,45.148832106440885,42.09842289615623
winter wheat,1,45.131853947571024,42.269282463195765
winter wheat,1,45.12754203420725,42.27979275201996
winter wheat,1,45.12161315333206,42.25580773393397
winter wheat,1,45.129967485474374,42.08656513440585
winter wheat,1,45.14964059019659,42.09680592864481
winter wheat,1,45.13778282844621,42.28679961123609
potato,11,45.149101601026125,42.095458455718635
potato,11,45.14074726888381,42.27682831158236
winter wheat,1,45.12969799088914,42.28464365455421
winter wheat,1,45.1437117093214,42.269282463195765
winter wheat,1,45.14748463351471,42.27682831158236
winter wheat,1,45.11487578870117,42.068508997195046
winter wheat,1,45.14128625805428,42.28437415996897
winter wheat,1,45.14856261185565,42.27844527909378
winter wheat,1,45.12080466957636,42.26173661480916
winter wheat,1,45.13886080678716,42.27979275201996
winter wheat,1,45.14344221473617,42.101117842008584
winter wheat,1,45.14128625805428,42.27278589280383
winter wheat,1,45.14128625805428,42.27170791446289
winter wheat,1,45.130236980059614,42.26874347402529
winter wheat,1,45.13724383927574,42.269551957781
winter wheat,1,45.12969799088914,42.27898426826425
winter wheat,1,45.14964059019659,42.2800622466052
winter wheat,1,45.131853947571024,42.26146712022392
winter wheat,1,45.13778282844621,42.27251639821859
winter wheat,1,45.13966929054287,42.28706910582133
winter wheat,1,45.119457196650174,42.0628496109051
winter wheat,1,45.126194561281075,42.25365177725208
winter wheat,1,45.12673355045155,42.24933986388831
winter wheat,1,45.14020827971334,42.08791260733203
winter wheat,1,45.14074726888381,42.28491314913944
winter wheat,1,45.14640665517376,42.2703604415367
winter wheat,1,45.13886080678716,42.08629563982061
winter wheat,1,45.142633730980464,42.09977036908241
winter wheat,1,45.129967485474374,42.2552687447635
winter wheat,1,45.124308099184425,42.25338228266685
winter wheat,1,45.1391303013724,42.26820448485482
winter wheat,1,45.14532867683282,42.13615213808925
winter wheat,1,45.1391303013724,42.08602614523538
potato,11,45.14398120390664,42.12698932219123
winter wheat,1,45.14721513892947,42.10731621746901
winter wheat,1,45.12053517499112,42.254729755593026
winter wheat,1,45.14209474180999,42.124563870924106
winter wheat,1,45.14128625805428,42.088990585672974
winter wheat,1,45.1294284963039,42.28033174119043
winter wheat,1,45.13697434469051,42.27790628992331
winter wheat,1,45.14155575263952,42.078480296848774
winter wheat,1,45.14613716058853,42.10057885283812
winter wheat,1,45.14586766600329,42.09384148820722
winter wheat,1,45.132123442156264,42.27628932241189
potato,11,45.13562687176433,42.267126506513875
winter wheat,1,45.12242163708777,42.06069365422321
winter wheat,1,45.14829311727041,42.08575665065015
winter wheat,1,45.12107416416159,42.26038914188298
winter wheat,1,45.14209474180999,42.12510286009458
winter wheat,1,45.14209474180999,42.09060755318439
winter wheat,1,45.13104546381532,42.27170791446289
winter wheat,1,45.129967485474374,42.28114022494614
winter wheat,1,45.143172720150936,42.097344917815285
winter wheat,1,45.12835051796296,42.2657790335877
winter wheat,1,45.13966929054287,42.13723011643019
winter wheat,1,45.132123442156264,42.263353582320576
winter wheat,1,45.14182524722475,42.124833365509346
winter wheat,1,45.14721513892947,42.09303300445151
winter wheat,1,45.12835051796296,42.252843293496376
winter wheat,1,45.13535737717909,42.270899430707175
winter wheat,1,45.13886080678716,42.12725881677647
potato,11,45.15017957936706,42.095458455718635
winter wheat,1,45.13131495840055,42.2657790335877
winter wheat,1,45.146945644344235,42.132379213895945
winter wheat,1,45.14829311727041,42.10003986366765
winter wheat,1,45.12134365874683,42.25338228266685
winter wheat,1,45.145059182247586,42.080905748115896
winter wheat,1,45.12511658294013,42.26038914188298
winter wheat,1,45.140477774298574,42.078749791434014
winter wheat,1,45.14155575263952,42.0989618853267
winter wheat,1,45.14452019307711,42.274941849485714
winter wheat,1,45.14209474180999,42.08279221021255
winter wheat,1,45.1391303013724,42.2800622466052
winter wheat,1,45.14128625805428,42.08656513440585
potato,11,45.12781152879249,42.080366758945424
winter wheat,1,45.1256555721106,42.27251639821859
winter wheat,1,45.142633730980464,42.093571993621985
winter wheat,1,45.14128625805428,42.264970549831986
winter wheat,1,45.14398120390664,42.283565676213264
winter wheat,1,45.12754203420725,42.26874347402529
winter wheat,1,45.13535737717909,42.27224690363336
winter wheat,1,45.13374040966768,42.274941849485714
winter wheat,1,45.13104546381532,42.266857011928636
winter wheat,1,45.15233553604895,42.103812787860946
winter wheat,1,45.11703174538305,42.07147343763264
winter wheat,1,45.129967485474374,42.25985015271251
winter wheat,1,45.12349961542871,42.06150213797892
potato,11,45.13508788259386,42.26550953900246
winter wheat,1,45.14937109561136,42.10273480952
winter wheat,1,45.12646405586631,42.25715520686015
winter wheat,1,45.130775969230086,42.087104123576324
winter wheat,1,45.13104546381532,42.2703604415367
winter wheat,1,45.13805232303145,42.26847397944005
winter wheat,1,45.13400990425291,42.26793499026958
winter wheat,1,45.138321817616685,42.13399618140736
winter wheat,1,45.14182524722475,42.07740231850783
winter wheat,1,45.146676149758996,42.28060123577567
potato,11,45.144789687662346,42.138847083941606
winter wheat,1,45.124308099184425,42.07389888889977
winter wheat,1,45.142633730980464,42.09653643405958
winter wheat,1,45.14182524722475,42.0922245206958
winter wheat,1,45.134548893423386,42.27682831158236
winter wheat,1,45.124038604599185,42.0636580946608
winter wheat,1,45.13131495840055,42.27413336573001
winter wheat,1,45.13347091508244,42.27386387114477
winter wheat,1,45.13400990425291,42.08602614523538
winter wheat,1,45.14074726888381,42.283296181628025
winter wheat,1,45.13320142049721,42.08198372645684
winter wheat,1,45.15125755770801,42.10812470122472
winter wheat,1,45.13724383927574,42.28653011665086
winter wheat,1,45.14559817141806,42.08737361816156
winter wheat,1,45.14452019307711,42.283565676213264
winter wheat,1,45.14991008478183,42.10516026078712
winter wheat,1,45.13374040966768,42.275750333241426
winter wheat,1,45.14829311727041,42.10408228244618
winter wheat,1,45.12781152879249,42.24907036930307
winter wheat,1,45.14532867683282,42.10327379869047
potato,11,45.14398120390664,42.130762246384535
winter wheat,1,45.12296062625824,42.25499925017826
winter wheat,1,45.152605030634184,42.099231379911934
winter wheat,1,45.13724383927574,42.27871477367902
winter wheat,1,45.12242163708777,42.26362307690581
winter wheat,1,45.14209474180999,42.28464365455421
winter wheat,1,45.12888950713343,42.254729755593026
winter wheat,1,45.124038604599185,42.258772174371565
winter wheat,1,45.14559817141806,42.09249401528104
winter wheat,1,45.12915900171867,42.25392127183732
winter wheat,1,45.12888950713343,42.08360069396826
winter wheat,1,45.122152142502536,42.066353040513164
winter wheat,1,45.12727253962202,42.2665875173434
winter wheat,1,45.14128625805428,42.27817578450855
winter wheat,1,45.14344221473617,42.1275283113617
winter wheat,1,45.11837921830924,42.068508997195046
winter wheat,1,45.138321817616685,42.26793499026958
winter wheat,1,45.142364236395224,42.27278589280383
winter wheat,1,45.12376911001395,42.2665875173434
winter wheat,1,45.132392936741496,42.266857011928636
winter wheat,1,45.13751333386098,42.26874347402529
winter wheat,1,45.12646405586631,42.25392127183732
winter wheat,1,45.14182524722475,42.09491946654816
winter wheat,1,45.124308099184425,42.0636580946608
winter wheat,1,45.13320142049721,42.08413968313873
winter wheat,1,45.119457196650174,42.06338860007557
potato,11,45.12511658294013,42.24907036930307
winter wheat,1,45.14101676346905,42.09276350986627
winter wheat,1,45.14532867683282,42.10300430410524
winter wheat,1,45.14182524722475,42.27386387114477
winter wheat,1,45.1437117093214,42.09438047737769
winter wheat,1,45.13347091508244,42.08575665065015
winter wheat,1,45.14155575263952,42.274941849485714
winter wheat,1,45.14155575263952,42.09114654235486
winter wheat,1,45.117570734553524,42.07120394304741
winter wheat,1,45.13374040966768,42.08063625353066
winter wheat,1,45.152605030634184,42.10650773371331
winter wheat,1,45.144250698491874,42.101926325764296
winter wheat,1,45.128081023377725,42.27655881699713
potato,11,45.1504490739523,42.13561314891878
winter wheat,1,45.14074726888381,42.2808707303609
winter wheat,1,45.14155575263952,42.27062993612194
winter wheat,1,45.142903225565696,42.09491946654816
winter wheat,1,45.125925066695835,42.26227560397963
winter wheat,1,45.13886080678716,42.28706910582133
winter wheat,1,45.14856261185565,42.281679214116615
winter wheat,1,45.1391303013724,42.12995376262882
winter wheat,1,45.12107416416159,42.07228192138835
winter wheat,1,45.1361658609348,42.26982145236624
winter wheat,1,45.14532867683282,42.10030935825288
winter wheat,1,45.13131495840055,42.267126506513875
winter wheat,1,45.12161315333206,42.252034809740664
winter wheat,1,45.13293192591197,42.08279221021255
winter wheat,1,45.12781152879249,42.25311278808161
winter wheat,1,45.12835051796296,42.262814593150104
winter wheat,1,45.13400990425291,42.28033174119043
winter wheat,1,45.14586766600329,42.13830809477113
winter wheat,1,45.120265680405886,42.2560772285192
winter wheat,1,45.15017957936706,42.28033174119043
winter wheat,1,45.12646405586631,42.27817578450855
winter wheat,1,45.12646405586631,42.264431560661514
winter wheat,1,45.14586766600329,42.138847083941606
winter wheat,1,45.146945644344235,42.0922245206958
winter wheat,1,45.130236980059614,42.2733248819743
winter wheat,1,45.13886080678716,42.28275719245755
winter wheat,1,45.14640665517376,42.28248769787232
winter wheat,1,45.150718568537535,42.13669112725972
winter wheat,1,45.126194561281075,42.258502679786325
winter wheat,1,45.12107416416159,42.07578535099642
winter wheat,1,45.12269113167301,42.074707372655475
winter wheat,1,45.142633730980464,42.10246531493477
winter wheat,1,45.14721513892947,42.10057885283812
winter wheat,1,45.14182524722475,42.13399618140736
winter wheat,1,45.12835051796296,42.26874347402529
winter wheat,1,45.150988063122774,42.09842289615623
winter wheat,1,45.12538607752536,42.26739600109911
winter wheat,1,45.12727253962202,42.270899430707175
winter wheat,1,45.1294284963039,42.27655881699713
winter wheat,1,45.12888950713343,42.08387018855349
winter wheat,1,45.14532867683282,42.086834628991085
winter wheat,1,45.132123442156264,42.08252271562731
winter wheat,1,45.142364236395224,42.09249401528104
winter wheat,1,45.12538607752536,42.266857011928636
winter wheat,1,45.14775412809994,42.13776910560066
winter wheat,1,45.138591312201925,42.285991127480386
winter wheat,1,45.12376911001395,42.2703604415367
winter wheat,1,45.130236980059614,42.25742470144539
winter wheat,1,45.119996185820646,42.06150213797892
winter wheat,1,45.12080466957636,42.074168383485
winter wheat,1,45.119996185820646,42.07012596470646
winter wheat,1,45.13886080678716,42.27898426826425
winter wheat,1,45.14586766600329,42.084948166894435
winter wheat,1,45.12511658294013,42.25419076642255
winter wheat,1,45.1256555721106,42.252843293496376
winter wheat,1,45.14856261185565,42.2808707303609
winter wheat,1,45.13966929054287,42.26739600109911
winter wheat,1,45.14128625805428,42.2657790335877
winter wheat,1,45.142633730980464,42.27278589280383
winter wheat,1,45.14829311727041,42.277636795338076
winter wheat,1,45.138321817616685,42.28679961123609
winter wheat,1,45.118109723724,42.07120394304741
winter wheat,1,45.119726691235414,42.25742470144539
winter wheat,1,45.14775412809994,42.1380386001859
winter wheat,1,45.119457196650174,42.06554455675745
winter wheat,1,45.12835051796296,42.252034809740664
winter wheat,1,45.14829311727041,42.275480838656186
winter wheat,1,45.14748463351471,42.105699249957595
winter wheat,1,45.132662431326736,42.27386387114477
winter wheat,1,45.14721513892947,42.08360069396826
potato,11,45.14020827971334,42.13480466516307
winter wheat,1,45.138321817616685,42.0876431127468
winter wheat,1,45.14748463351471,42.099500874497174
winter wheat,1,45.15233553604895,42.10839419580996
winter wheat,1,45.12888950713343,42.25742470144539
winter wheat,1,45.119457196650174,42.25958065812727
winter wheat,1,45.12053517499112,42.26200610939439
winter wheat,1,45.15314401980466,42.10866369039519
winter wheat,1,45.13158445298579,42.26389257149104
winter wheat,1,45.1361658609348,42.28248769787232
winter wheat,1,45.14398120390664,42.078749791434014
winter wheat,1,45.13050647464485,42.2770978061676
winter wheat,1,45.136704850105275,42.2733248819743
winter wheat,1,45.128081023377725,42.08575665065015
winter wheat,1,45.146676149758996,42.28248769787232
winter wheat,1,45.124038604599185,42.264431560661514
potato,11,45.14802362268518,42.08333119938302
winter wheat,1,45.119457196650174,42.06392758924604
winter wheat,1,45.143172720150936,42.277367300752836
winter wheat,1,45.14748463351471,42.10542975537236
winter wheat,1,45.150718568537535,42.09060755318439
winter wheat,1,45.12538607752536,42.26847397944005
winter wheat,1,45.14802362268518,42.107855206639485
winter wheat,1,45.14209474180999,42.128336795117406
winter wheat,1,45.1437117093214,42.2838351707985
winter wheat,1,45.14452019307711,42.107855206639485
winter wheat,1,45.144250698491874,42.13615213808925
winter wheat,1,45.14640665517376,42.27386387114477
winter wheat,1,45.14829311727041,42.097344917815285
winter wheat,1,45.119457196650174,42.06150213797892
winter wheat,1,45.15017957936706,42.086834628991085
winter wheat,1,45.14209474180999,42.08144473728637
winter wheat,1,45.14398120390664,42.28221820328708
winter wheat,1,45.14398120390664,42.26982145236624
winter wheat,1,45.12053517499112,42.060424159637975
winter wheat,1,45.115953767042114,42.06931748095076
winter wheat,1,45.14532867683282,42.2838351707985
winter wheat,1,45.13158445298579,42.269282463195765
winter wheat,1,45.144789687662346,42.12887578428788
winter wheat,1,45.14020827971334,42.091416036940096
winter wheat,1,45.11649275621258,42.067970008024574
winter wheat,1,45.13347091508244,42.26766549568435
winter wheat,1,45.12134365874683,42.26227560397963
winter wheat,1,45.1391303013724,42.269551957781
winter wheat,1,45.142364236395224,42.10677722829854
winter wheat,1,45.136435355520035,42.27844527909378
winter wheat,1,45.130236980059614,42.08387018855349
winter wheat,1,45.128081023377725,42.08387018855349
winter wheat,1,45.14613716058853,42.089529574843446
winter wheat,1,45.14721513892947,42.10435177703142
winter wheat,1,45.13805232303145,42.27601982782666
winter wheat,1,45.14344221473617,42.08602614523538
winter wheat,1,45.14640665517376,42.08791260733203
winter wheat,1,45.144789687662346,42.13830809477113
winter wheat,1,45.12323012084348,42.2703604415367
winter wheat,1,45.14128625805428,42.081175242701136
winter wheat,1,45.14101676346905,42.087104123576324
winter wheat,1,45.12969799088914,42.262545098564864
winter wheat,1,45.15125755770801,42.089529574843446
winter wheat,1,45.13050647464485,42.26874347402529
winter wheat,1,45.1361658609348,42.27628932241189
winter wheat,1,45.15125755770801,42.101926325764296
winter wheat,1,45.13374040966768,42.2665875173434
winter wheat,1,45.144250698491874,42.26631802275817
winter wheat,1,45.14613716058853,42.12968426804359
winter wheat,1,45.1248470883549,42.250956831399726
potato,11,45.142633730980464,42.13561314891878
winter wheat,1,45.13697434469051,42.081175242701136
winter wheat,1,45.14964059019659,42.2808707303609
winter wheat,1,45.13158445298579,42.281679214116615
winter wheat,1,45.1218826479173,42.066353040513164
winter wheat,1,45.150988063122774,42.09977036908241
winter wheat,1,45.13131495840055,42.27682831158236
winter wheat,1,45.14748463351471,42.270899430707175
winter wheat,1,45.144250698491874,42.09977036908241
winter wheat,1,45.129967485474374,42.08360069396826
winter wheat,1,45.146945644344235,42.27413336573001
winter wheat,1,45.148832106440885,42.10812470122472
winter wheat,1,45.14532867683282,42.09438047737769
winter wheat,1,45.14532867683282,42.134535170577834
winter wheat,1,45.125925066695835,42.25176531515543
winter wheat,1,45.12969799088914,42.27979275201996
winter wheat,1,45.14640665517376,42.08575665065015
winter wheat,1,45.14398120390664,42.10920267956566
winter wheat,1,45.13805232303145,42.270899430707175
winter wheat,1,45.13050647464485,42.26604852817293
winter wheat,1,45.14532867683282,42.10246531493477
winter wheat,1,45.1504490739523,42.10731621746901
winter wheat,1,45.12969799088914,42.08144473728637
winter wheat,1,45.14182524722475,42.13372668682213
winter wheat,1,45.143172720150936,42.12537235467981
winter wheat,1,45.1504490739523,42.09114654235486
winter wheat,1,45.14344221473617,42.10812470122472
winter wheat,1,45.11837921830924,42.066892029683636
winter wheat,1,45.14182524722475,42.271168925292415
winter wheat,1,45.146676149758996,42.101387336593824
winter wheat,1,45.13939979595763,42.28706910582133
winter wheat,1,45.14182524722475,42.08198372645684
winter wheat,1,45.144250698491874,42.269282463195765
winter wheat,1,45.142633730980464,42.09276350986627
winter wheat,1,45.14128625805428,42.08575665065015
winter wheat,1,45.149101601026125,42.089529574843446
winter wheat,1,45.146676149758996,42.097614412400524
winter wheat,1,45.13050647464485,42.26631802275817
winter wheat,1,45.136435355520035,42.281409719531375
winter wheat,1,45.13886080678716,42.28114022494614
winter wheat,1,45.142364236395224,42.089529574843446
winter wheat,1,45.14964059019659,42.13291820306642
winter wheat,1,45.11837921830924,42.256885712274915
winter wheat,1,45.11622326162735,42.06904798636552
winter wheat,1,45.14775412809994,42.27898426826425
winter wheat,1,45.14964059019659,42.091416036940096
winter wheat,1,45.138321817616685,42.28491314913944
winter wheat,1,45.14074726888381,42.27359437655954
winter wheat,1,45.11541477787164,42.06958697553599
winter wheat,1,45.14101676346905,42.09438047737769
winter wheat,1,45.14721513892947,42.138847083941606
winter wheat,1,45.15233553604895,42.101656831179056
winter wheat,1,45.12700304503678,42.252843293496376
winter wheat,1,45.13131495840055,42.08198372645684
winter wheat,1,45.1286200125482,42.26982145236624
winter wheat,1,45.145059182247586,42.27278589280383
winter wheat,1,45.14344221473617,42.27359437655954
winter wheat,1,45.14398120390664,42.2657790335877
winter wheat,1,45.119726691235414,42.25715520686015
potato,11,45.14856261185565,42.095458455718635
winter wheat,1,45.12161315333206,42.05880719212656
winter wheat,1,45.12754203420725,42.28060123577567
potato,11,45.14532867683282,42.13965556769732
winter wheat,1,45.12969799088914,42.08629563982061
winter wheat,1,45.120265680405886,42.060424159637975
winter wheat,1,45.12511658294013,42.26982145236624
winter wheat,1,45.136704850105275,42.27224690363336
winter wheat,1,45.145059182247586,42.088990585672974
winter wheat,1,45.14964059019659,42.10866369039519
winter wheat,1,45.1248470883549,42.25634672310444
winter wheat,1,45.15017957936706,42.090877047769624
winter wheat,1,45.138591312201925,42.128336795117406
winter wheat,1,45.12053517499112,42.25499925017826
winter wheat,1,45.14586766600329,42.275211344070954
winter wheat,1,45.14937109561136,42.08575665065015
winter wheat,1,45.145059182247586,42.1380386001859
winter wheat,1,45.144250698491874,42.09491946654816
winter wheat,1,45.122152142502536,42.258502679786325
potato,11,45.150988063122774,42.10327379869047
winter wheat,1,45.129967485474374,42.08252271562731
winter wheat,1,45.14182524722475,42.27467235490048
potato,11,45.134279398838146,42.281679214116615
winter wheat,1,45.146945644344235,42.099231379911934
winter wheat,1,45.11622326162735,42.06985647012123
winter wheat,1,45.143172720150936,42.275750333241426
winter wheat,1,45.12700304503678,42.25823318520109
winter wheat,1,45.14532867683282,42.093302499036746
winter wheat,1,45.13104546381532,42.26092813105345
winter wheat,1,45.1391303013724,42.267126506513875
winter wheat,1,45.129967485474374,42.25392127183732
winter wheat,1,45.130775969230086,42.256616217689675
winter wheat,1,45.140477774298574,42.12887578428788
winter wheat,1,45.14020827971334,42.27062993612194
winter wheat,1,45.14020827971334,42.275750333241426
winter wheat,1,45.152605030634184,42.101656831179056
winter wheat,1,45.142364236395224,42.28437415996897
winter wheat,1,45.125925066695835,42.25338228266685
winter wheat,1,45.14775412809994,42.27844527909378
potato,11,45.13751333386098,42.12995376262882
winter wheat,1,45.13374040966768,42.27628932241189
winter wheat,1,45.129967485474374,42.27628932241189
winter wheat,1,45.11541477787164,42.06258011631986
winter wheat,1,45.146676149758996,42.08548715606491
winter wheat,1,45.1437117093214,42.08279221021255
winter wheat,1,45.144789687662346,42.08440917772396
winter wheat,1,45.12269113167301,42.26739600109911
potato,11,45.15314401980466,42.09599744488911
winter wheat,1,45.119996185820646,42.25958065812727
winter wheat,1,45.142364236395224,42.09599744488911
winter wheat,1,45.14721513892947,42.27628932241189
winter wheat,1,45.14856261185565,42.27386387114477
winter wheat,1,45.14586766600329,42.08791260733203
winter wheat,1,45.13724383927574,42.26820448485482
winter wheat,1,45.14721513892947,42.083061704797785
potato,11,45.14559817141806,42.273055387389064
winter wheat,1,45.130775969230086,42.25446026100779
winter wheat,1,45.13400990425291,42.27359437655954
winter wheat,1,45.14182524722475,42.09653643405958
winter wheat,1,45.125925066695835,42.26739600109911
winter wheat,1,45.143172720150936,42.27898426826425
winter wheat,1,45.12269113167301,42.264431560661514
winter wheat,1,45.14829311727041,42.27440286031524
winter wheat,1,45.11649275621258,42.070664953876935
winter wheat,1,45.130775969230086,42.2703604415367
winter wheat,1,45.142364236395224,42.12618083843552
winter wheat,1,45.14613716058853,42.27413336573001
winter wheat,1,45.124038604599185,42.2590416689568
winter wheat,1,45.14128625805428,42.269282463195765
winter wheat,1,45.1256555721106,42.250417842229254
winter wheat,1,45.12673355045155,42.2590416689568
winter wheat,1,45.13562687176433,42.28437415996897
winter wheat,1,45.12161315333206,42.26038914188298
winter wheat,1,45.12673355045155,42.25580773393397
winter wheat,1,45.1218826479173,42.262545098564864
winter wheat,1,45.150718568537535,42.279523257434725
winter wheat,1,45.12053517499112,42.06258011631986
winter wheat,1,45.13050647464485,42.25392127183732
winter wheat,1,45.14559817141806,42.281409719531375
winter wheat,1,45.15206604146372,42.097614412400524
winter wheat,1,45.134548893423386,42.08602614523538
winter wheat,1,45.146676149758996,42.26847397944005
winter wheat,1,45.14748463351471,42.275750333241426
winter wheat,1,45.12888950713343,42.2665875173434
potato,11,45.142903225565696,42.13534365433354
potato,11,45.14748463351471,42.08279221021255
winter wheat,1,45.1504490739523,42.09438047737769
winter wheat,1,45.12269113167301,42.26631802275817
winter wheat,1,45.1151452832864,42.068508997195046
winter wheat,1,45.14640665517376,42.10542975537236
winter wheat,1,45.14398120390664,42.27197740904812
winter wheat,1,45.146945644344235,42.09977036908241
winter wheat,1,45.13939979595763,42.27898426826425
winter wheat,1,45.1286200125482,42.258772174371565
potato,11,45.13886080678716,42.124024881753634
winter wheat,1,45.14613716058853,42.275480838656186
winter wheat,1,45.129967485474374,42.26092813105345
winter wheat,1,45.11541477787164,42.066353040513164
winter wheat,1,45.14209474180999,42.10435177703142
winter wheat,1,45.142364236395224,42.09411098279246
winter wheat,1,45.1504490739523,42.10030935825288
winter wheat,1,45.1151452832864,42.06392758924604
winter wheat,1,45.1286200125482,42.08252271562731
winter wheat,1,45.14398120390664,42.270899430707175
winter wheat,1,45.14128625805428,42.12914527887312
winter wheat,1,45.14964059019659,42.13210971931071
winter wheat,1,45.128081023377725,42.28194870870185
winter wheat,1,45.11918770206494,42.062310621734625
winter wheat,1,45.12107416416159,42.06473607300175
potato,11,45.122152142502536,42.25122632598496
winter wheat,1,45.12242163708777,42.25769419603062
winter wheat,1,45.11918770206494,42.25392127183732
winter wheat,1,45.12269113167301,42.26011964729774
winter wheat,1,45.130236980059614,42.277367300752836
winter wheat,1,45.150988063122774,42.09491946654816
winter wheat,1,45.136704850105275,42.275480838656186
winter wheat,1,45.146945644344235,42.091685531525336
winter wheat,1,45.134279398838146,42.28033174119043
winter wheat,1,45.14856261185565,42.27359437655954
winter wheat,1,45.14532867683282,42.26766549568435
winter wheat,1,45.12781152879249,42.27359437655954
winter wheat,1,45.12646405586631,42.27413336573001
winter wheat,1,45.14937109561136,42.08737361816156
winter wheat,1,45.13158445298579,42.28248769787232
winter wheat,1,45.12161315333206,42.07389888889977
winter wheat,1,45.13050647464485,42.25823318520109
winter wheat,1,45.144789687662346,42.27682831158236
winter wheat,1,45.148832106440885,42.2770978061676
winter wheat,1,45.15206604146372,42.09869239074146
winter wheat,1,45.14856261185565,42.27413336573001
winter wheat,1,45.14532867683282,42.26470105524675
potato,11,45.14452019307711,42.12995376262882
winter wheat,1,45.11676225079782,42.066622535098396
winter wheat,1,45.115953767042114,42.06716152426887
winter wheat,1,45.150718568537535,42.101926325764296
winter wheat,1,45.13347091508244,42.277367300752836
winter wheat,1,45.14991008478183,42.105968744542835
winter wheat,1,45.122152142502536,42.05934618129703
winter wheat,1,45.1437117093214,42.26416206607628
winter wheat,1,45.12296062625824,42.26146712022392
winter wheat,1,45.1151452832864,42.067970008024574
winter wheat,1,45.12511658294013,42.25068733681449
winter wheat,1,45.146945644344235,42.09006856401392
winter wheat,1,45.14937109561136,42.277636795338076
winter wheat,1,45.14209474180999,42.27197740904812
winter wheat,1,45.13778282844621,42.26739600109911
winter wheat,1,45.14721513892947,42.28302668704279
potato,11,45.13104546381532,42.27224690363336
winter wheat,1,45.12134365874683,42.25634672310444
winter wheat,1,45.142633730980464,42.28275719245755
winter wheat,1,45.130775969230086,42.26982145236624
winter wheat,1,45.144789687662346,42.263084087735336
potato,11,45.13778282844621,42.27844527909378
winter wheat,1,45.119996185820646,42.25365177725208
winter wheat,1,45.14613716058853,42.09411098279246
winter wheat,1,45.12457759376966,42.25769419603062
winter wheat,1,45.14748463351471,42.0989618853267
winter wheat,1,45.13104546381532,42.27386387114477
winter wheat,1,45.12323012084348,42.2560772285192
winter wheat,1,45.1294284963039,42.28437415996897
winter wheat,1,45.14101676346905,42.27979275201996
winter wheat,1,45.12727253962202,42.26631802275817
winter wheat,1,45.14721513892947,42.269282463195765
winter wheat,1,45.13751333386098,42.08575665065015
winter wheat,1,45.128081023377725,42.277367300752836
winter wheat,1,45.149101601026125,42.0989618853267
winter wheat,1,45.130236980059614,42.26011964729774
potato,11,45.142903225565696,42.13480466516307
winter wheat,1,45.1437117093214,42.085217661479675
winter wheat,1,45.12376911001395,42.25580773393397
winter wheat,1,45.14829311727041,42.28114022494614
winter wheat,1,45.146945644344235,42.101387336593824
winter wheat,1,45.136704850105275,42.27844527909378
winter wheat,1,45.1437117093214,42.28410466538374
winter wheat,1,45.148832106440885,42.08602614523538
winter wheat,1,45.144250698491874,42.27359437655954
winter wheat,1,45.120265680405886,42.0703954592917
winter wheat,1,45.14209474180999,42.10704672288378
potato,11,45.14155575263952,42.27601982782666
potato,11,45.13939979595763,42.08009726436019
winter wheat,1,45.119457196650174,42.066083545927924
winter wheat,1,45.130236980059614,42.265240044417226
winter wheat,1,45.12969799088914,42.279253762849486
winter wheat,1,45.136435355520035,42.270899430707175
winter wheat,1,45.1391303013724,42.271168925292415
winter wheat,1,45.14559817141806,42.10219582034953
winter wheat,1,45.138591312201925,42.08360069396826
winter wheat,1,45.14398120390664,42.09599744488911
potato,11,45.143172720150936,42.08872109108774
winter wheat,1,45.12161315333206,42.26416206607628
potato,11,45.15017957936706,42.134535170577834
winter wheat,1,45.148832106440885,42.10920267956566
winter wheat,1,45.1248470883549,42.25311278808161
winter wheat,1,45.15152705229325,42.10219582034953
winter wheat,1,45.14559817141806,42.283565676213264
winter wheat,1,45.14856261185565,42.27628932241189
winter wheat,1,45.12511658294013,42.252034809740664
winter wheat,1,45.115953767042114,42.0636580946608
winter wheat,1,45.12727253962202,42.26874347402529
winter wheat,1,45.12053517499112,42.06500556758698
winter wheat,1,45.1248470883549,42.25122632598496
winter wheat,1,45.13535737717909,42.275750333241426
winter wheat,1,45.144789687662346,42.09249401528104
winter wheat,1,45.14155575263952,42.27224690363336
winter wheat,1,45.136435355520035,42.28464365455421
winter wheat,1,45.131853947571024,42.263353582320576
winter wheat,1,45.14640665517376,42.283296181628025
winter wheat,1,45.122152142502536,42.06527506217222
winter wheat,1,45.13535737717909,42.27197740904812
winter wheat,1,45.14613716058853,42.27143841987765
winter wheat,1,45.13805232303145,42.269012968610525
winter wheat,1,45.12835051796296,42.25176531515543
winter wheat,1,45.1437117093214,42.28194870870185
winter wheat,1,45.14101676346905,42.09303300445151
winter wheat,1,45.14532867683282,42.08333119938302
winter wheat,1,45.14964059019659,42.10057885283812
winter wheat,1,45.14532867683282,42.1380386001859
winter wheat,1,45.14532867683282,42.28410466538374
winter wheat,1,45.134548893423386,42.28033174119043
winter wheat,1,45.1437117093214,42.26766549568435
winter wheat,1,45.11541477787164,42.066622535098396
winter wheat,1,45.13158445298579,42.27628932241189
winter wheat,1,45.142903225565696,42.08979906942868
winter wheat,1,45.14964059019659,42.13534365433354
winter wheat,1,45.13481838800862,42.26982145236624
winter wheat,1,45.145059182247586,42.101387336593824
winter wheat,1,45.119996185820646,42.06338860007557
winter wheat,1,45.12242163708777,42.26227560397963
winter wheat,1,45.130236980059614,42.28114022494614
potato,11,45.13751333386098,42.13184022472547
winter wheat,1,45.1399387851281,42.28275719245755
winter wheat,1,45.14802362268518,42.27628932241189
winter wheat,1,45.14748463351471,42.0846786723092
winter wheat,1,45.14559817141806,42.086834628991085
winter wheat,1,45.11837921830924,42.072551415973585
winter wheat,1,45.132662431326736,42.08144473728637
winter wheat,1,45.14128625805428,42.12510286009458
winter wheat,1,45.124308099184425,42.2665875173434
winter wheat,1,45.14775412809994,42.13399618140736
winter wheat,1,45.14532867683282,42.10273480952
winter wheat,1,45.1534135143899,42.10920267956566
potato,11,45.13886080678716,42.13534365433354
winter wheat,1,45.14856261185565,42.10219582034953
potato,11,45.150718568537535,42.27898426826425
winter wheat,1,45.12673355045155,42.26820448485482
winter wheat,1,45.13751333386098,42.085217661479675
winter wheat,1,45.146676149758996,42.09869239074146
potato,11,45.14559817141806,42.12537235467981
winter wheat,1,45.12700304503678,42.07740231850783
winter wheat,1,45.13966929054287,42.283296181628025
winter wheat,1,45.150988063122774,42.13372668682213
winter wheat,1,45.12538607752536,42.252843293496376
potato,11,45.14344221473617,42.13480466516307
potato,11,45.136704850105275,42.080366758945424
winter wheat,1,45.136704850105275,42.083061704797785
winter wheat,1,45.13751333386098,42.27790628992331
winter wheat,1,45.1399387851281,42.269012968610525
winter wheat,1,45.14532867683282,42.1094721741509
winter wheat,1,45.14829311727041,42.08413968313873
winter wheat,1,45.1437117093214,42.13615213808925
winter wheat,1,45.12242163708777,42.062041127149385
winter wheat,1,45.13562687176433,42.08279221021255
winter wheat,1,45.13724383927574,42.27197740904812
winter wheat,1,45.130775969230086,42.27601982782666
winter wheat,1,45.13805232303145,42.269282463195765
winter wheat,1,45.14020827971334,42.08872109108774
winter wheat,1,45.14532867683282,42.09842289615623
winter wheat,1,45.14775412809994,42.08360069396826
winter wheat,1,45.130236980059614,42.081175242701136
winter wheat,1,45.13939979595763,42.285991127480386
winter wheat,1,45.13481838800862,42.0846786723092
winter wheat,1,45.14128625805428,42.26982145236624
winter wheat,1,45.12511658294013,42.25742470144539
winter wheat,1,45.138321817616685,42.08225322104208
winter wheat,1,45.12296062625824,42.2657790335877
winter wheat,1,45.11622326162735,42.07012596470646
winter wheat,1,45.12457759376966,42.076863329337364
winter wheat,1,45.1294284963039,42.2808707303609
winter wheat,1,45.14991008478183,42.10812470122472
winter wheat,1,45.1218826479173,42.07605484558165
winter wheat,1,45.1256555721106,42.267126506513875
winter wheat,1,45.132392936741496,42.086834628991085
winter wheat,1,45.142903225565696,42.087104123576324
winter wheat,1,45.15125755770801,42.09195502611057
winter wheat,1,45.132392936741496,42.27359437655954
winter wheat,1,45.13104546381532,42.256885712274915
winter wheat,1,45.1437117093214,42.08548715606491
winter wheat,1,45.12888950713343,42.262545098564864
winter wheat,1,45.142903225565696,42.085217661479675
winter wheat,1,45.14398120390664,42.2808707303609
winter wheat,1,45.14155575263952,42.08413968313873
winter wheat,1,45.136704850105275,42.26820448485482
winter wheat,1,45.14209474180999,42.281409719531375
winter wheat,1,45.1534135143899,42.10408228244618
winter wheat,1,45.14182524722475,42.12537235467981
winter wheat,1,45.12161315333206,42.07120394304741
winter wheat,1,45.117840229138764,42.066892029683636
winter wheat,1,45.122152142502536,42.2665875173434
winter wheat,1,45.14856261185565,42.101117842008584
winter wheat,1,45.134279398838146,42.27790628992331
winter wheat,1,45.142903225565696,42.08225322104208
winter wheat,1,45.12754203420725,42.085217661479675
winter wheat,1,45.13751333386098,42.28275719245755
winter wheat,1,45.14452019307711,42.27817578450855
potato,11,45.13886080678716,42.124833365509346
winter wheat,1,45.1294284963039,42.28194870870185
winter wheat,1,45.14074726888381,42.28626062206562
winter wheat,1,45.14748463351471,42.14019455686779
winter wheat,1,45.13589636634956,42.27197740904812
winter wheat,1,45.12457759376966,42.273055387389064
winter wheat,1,45.13805232303145,42.27413336573001
potato,11,45.14398120390664,42.12618083843552
winter wheat,1,45.12727253962202,42.26146712022392
winter wheat,1,45.132123442156264,42.26092813105345
winter wheat,1,45.14128625805428,42.281409719531375
winter wheat,1,45.14155575263952,42.07955827518972
winter wheat,1,45.13751333386098,42.13318769765166
winter wheat,1,45.130236980059614,42.25419076642255
winter wheat,1,45.13778282844621,42.08198372645684
winter wheat,1,45.14721513892947,42.10839419580996
winter wheat,1,45.136704850105275,42.27009094695147
winter wheat,1,45.14586766600329,42.10866369039519
winter wheat,1,45.12511658294013,42.258502679786325
winter wheat,1,45.134548893423386,42.27817578450855
winter wheat,1,45.1294284963039,42.275480838656186
winter wheat,1,45.13589636634956,42.27143841987765
winter wheat,1,45.14074726888381,42.26766549568435
winter wheat,1,45.149101601026125,42.274941849485714
winter wheat,1,45.14344221473617,42.0846786723092
winter wheat,1,45.11837921830924,42.06958697553599
winter wheat,1,45.12915900171867,42.26038914188298
winter wheat,1,45.132662431326736,42.27359437655954
winter wheat,1,45.12511658294013,42.269012968610525
winter wheat,1,45.14344221473617,42.078749791434014
winter wheat,1,45.1361658609348,42.08252271562731
winter wheat,1,45.144250698491874,42.09276350986627
winter wheat,1,45.14721513892947,42.09033805859915
winter wheat,1,45.148832106440885,42.132379213895945
winter wheat,1,45.150718568537535,42.09438047737769
winter wheat,1,45.13400990425291,42.27682831158236
winter wheat,1,45.13050647464485,42.27979275201996
winter wheat,1,45.13374040966768,42.27898426826425
winter wheat,1,45.11864871289447,42.0628496109051
winter wheat,1,45.12161315333206,42.26146712022392
winter wheat,1,45.144250698491874,42.27898426826425
winter wheat,1,45.140477774298574,42.27601982782666
winter wheat,1,45.144250698491874,42.2800622466052
winter wheat,1,45.13535737717909,42.27251639821859
winter wheat,1,45.12323012084348,42.2552687447635
winter wheat,1,45.14452019307711,42.27224690363336
winter wheat,1,45.14155575263952,42.27278589280383
winter wheat,1,45.13131495840055,42.26766549568435
winter wheat,1,45.12053517499112,42.066353040513164
winter wheat,1,45.12080466957636,42.064466578416514
winter wheat,1,45.150988063122774,42.09249401528104
winter wheat,1,45.13562687176433,42.27413336573001
winter wheat,1,45.12296062625824,42.252843293496376
winter wheat,1,45.14991008478183,42.10084834742335
winter wheat,1,45.119726691235414,42.066353040513164
winter wheat,1,45.140477774298574,42.128336795117406
winter wheat,1,45.148832106440885,42.088990585672974
winter wheat,1,45.13104546381532,42.083061704797785
winter wheat,1,45.13939979595763,42.083061704797785
winter wheat,1,45.14802362268518,42.084948166894435
potato,11,45.142903225565696,42.13184022472547
winter wheat,1,45.145059182247586,42.26847397944005
winter wheat,1,45.14452019307711,42.27871477367902
winter wheat,1,45.138591312201925,42.08063625353066
winter wheat,1,45.13751333386098,42.28194870870185
winter wheat,1,45.132392936741496,42.08387018855349
winter wheat,1,45.14020827971334,42.081175242701136
winter wheat,1,45.14128625805428,42.079019286019246
winter wheat,1,45.129967485474374,42.27440286031524
winter wheat,1,45.14020827971334,42.266857011928636
winter wheat,1,45.13050647464485,42.080905748115896
winter wheat,1,45.14721513892947,42.2800622466052
winter wheat,1,45.12457759376966,42.263353582320576
winter wheat,1,45.138321817616685,42.130762246384535
winter wheat,1,45.12161315333206,42.25365177725208
winter wheat,1,45.1437117093214,42.279253762849486
winter wheat,1,45.14829311727041,42.10246531493477
winter wheat,1,45.14721513892947,42.13291820306642
winter wheat,1,45.12969799088914,42.25985015271251
winter wheat,1,45.132662431326736,42.08656513440585
winter wheat,1,45.144250698491874,42.26416206607628
winter wheat,1,45.14964059019659,42.09114654235486
winter wheat,1,45.14452019307711,42.26793499026958
winter wheat,1,45.146945644344235,42.097614412400524
winter wheat,1,45.1294284963039,42.25823318520109
winter wheat,1,45.13966929054287,42.28114022494614
winter wheat,1,45.1399387851281,42.0876431127468
winter wheat,1,45.14128625805428,42.281679214116615
winter wheat,1,45.14559817141806,42.083061704797785
winter wheat,1,45.14775412809994,42.132379213895945
winter wheat,1,45.12323012084348,42.26766549568435
winter wheat,1,45.14398120390664,42.27790628992331
winter wheat,1,45.13293192591197,42.275750333241426
winter wheat,1,45.150718568537535,42.13723011643019
winter wheat,1,45.14452019307711,42.264431560661514
winter wheat,1,45.14155575263952,42.134265675992594
winter wheat,1,45.14101676346905,42.27009094695147
winter wheat,1,45.14559817141806,42.08171423187161
winter wheat,1,45.150988063122774,42.13588264350401
winter wheat,1,45.13508788259386,42.28302668704279
winter wheat,1,45.14398120390664,42.275480838656186
winter wheat,1,45.14640665517376,42.10354329327571
potato,11,45.14856261185565,42.13534365433354
potato,11,45.148832106440885,42.08440917772396
winter wheat,1,45.12781152879249,42.27871477367902
winter wheat,1,45.14829311727041,42.28194870870185
winter wheat,1,45.13535737717909,42.28302668704279
winter wheat,1,45.129967485474374,42.26793499026958
winter wheat,1,45.1256555721106,42.24960935847354
winter wheat,1,45.12080466957636,42.262545098564864
potato,11,45.14559817141806,42.128606289702645
winter wheat,1,45.12969799088914,42.27844527909378
winter wheat,1,45.14559817141806,42.27359437655954
winter wheat,1,45.142633730980464,42.279523257434725
winter wheat,1,45.12969799088914,42.28114022494614
winter wheat,1,45.12673355045155,42.26200610939439
winter wheat,1,45.146945644344235,42.09680592864481
potato,11,45.150718568537535,42.095458455718635
winter wheat,1,45.125925066695835,42.27790628992331
winter wheat,1,45.140477774298574,42.09060755318439
winter wheat,1,45.14721513892947,42.105968744542835
winter wheat,1,45.14074726888381,42.08440917772396
winter wheat,1,45.13805232303145,42.28868607333274
winter wheat,1,45.14452019307711,42.27278589280383
winter wheat,1,45.132662431326736,42.27790628992331
winter wheat,1,45.144250698491874,42.091685531525336
winter wheat,1,45.1504490739523,42.10866369039519
winter wheat,1,45.13751333386098,42.12914527887312
winter wheat,1,45.14128625805428,42.12995376262882
winter wheat,1,45.13158445298579,42.27413336573001
winter wheat,1,45.150988063122774,42.10057885283812
winter wheat,1,45.12969799088914,42.25553823934873
winter wheat,1,45.13939979595763,42.126450333020756
winter wheat,1,45.14452019307711,42.101656831179056
winter wheat,1,45.12323012084348,42.25985015271251
winter wheat,1,45.12888950713343,42.275211344070954
winter wheat,1,45.132392936741496,42.27467235490048
winter wheat,1,45.131853947571024,42.26874347402529
winter wheat,1,45.14101676346905,42.0779413076783
winter wheat,1,45.13939979595763,42.08387018855349
winter wheat,1,45.12538607752536,42.26766549568435
winter wheat,1,45.13508788259386,42.275750333241426
winter wheat,1,45.131853947571024,42.2590416689568
winter wheat,1,45.140477774298574,42.13345719223689
winter wheat,1,45.14829311727041,42.0876431127468
winter wheat,1,45.12835051796296,42.256616217689675
winter wheat,1,45.1437117093214,42.09977036908241
winter wheat,1,45.12349961542871,42.26874347402529
winter wheat,1,45.13347091508244,42.269282463195765
winter wheat,1,45.1399387851281,42.281409719531375
potato,11,45.14775412809994,42.27143841987765
winter wheat,1,45.1256555721106,42.254729755593026
winter wheat,1,45.14101676346905,42.079288780604486
winter wheat,1,45.14964059019659,42.10489076620189
winter wheat,1,45.14101676346905,42.12725881677647
winter wheat,1,45.12053517499112,42.256616217689675
winter wheat,1,45.128081023377725,42.08737361816156
winter wheat,1,45.15125755770801,42.10354329327571
winter wheat,1,45.14101676346905,42.277636795338076
potato,11,45.1286200125482,42.27359437655954
winter wheat,1,45.13724383927574,42.08198372645684
winter wheat,1,45.131853947571024,42.080905748115896
winter wheat,1,45.1399387851281,42.130762246384535
winter wheat,1,45.142633730980464,42.103812787860946
winter wheat,1,45.12969799088914,42.26146712022392
potato,11,45.14964059019659,42.08818210191727
winter wheat,1,45.12727253962202,42.26092813105345
winter wheat,1,45.132662431326736,42.27062993612194
winter wheat,1,45.13589636634956,42.27224690363336
winter wheat,1,45.14829311727041,42.10650773371331
winter wheat,1,45.148832106440885,42.277636795338076
winter wheat,1,45.1391303013724,42.277367300752836
winter wheat,1,45.14937109561136,42.09303300445151
winter wheat,1,45.1248470883549,42.26631802275817
winter wheat,1,45.142903225565696,42.28572163289515
winter wheat,1,45.119996185820646,42.074168383485
winter wheat,1,45.14155575263952,42.09464997196293
winter wheat,1,45.14155575263952,42.26982145236624
winter wheat,1,45.13535737717909,42.269282463195765
winter wheat,1,45.14452019307711,42.13561314891878
winter wheat,1,45.126194561281075,42.2552687447635
winter wheat,1,45.14937109561136,42.09842289615623
winter wheat,1,45.136435355520035,42.086834628991085
winter wheat,1,45.14829311727041,42.10462127161665
potato,11,45.1286200125482,42.080366758945424
winter wheat,1,45.115953767042114,42.06904798636552
winter wheat,1,45.12781152879249,42.26389257149104
winter wheat,1,45.13104546381532,42.269012968610525
winter wheat,1,45.119457196650174,42.07093444846217
winter wheat,1,45.12781152879249,42.27628932241189
winter wheat,1,45.13966929054287,42.2808707303609
winter wheat,1,45.14748463351471,42.0922245206958
potato,11,45.14775412809994,42.134535170577834
winter wheat,1,45.13966929054287,42.27817578450855
winter wheat,1,45.14101676346905,42.285991127480386
winter wheat,1,45.14964059019659,42.28060123577567
winter wheat,1,45.13886080678716,42.28410466538374
winter wheat,1,45.130236980059614,42.271168925292415
winter wheat,1,45.14398120390664,42.09438047737769
winter wheat,1,45.14559817141806,42.09114654235486
winter wheat,1,45.12700304503678,42.267126506513875
winter wheat,1,45.14074726888381,42.132648708481184
winter wheat,1,45.14452019307711,42.269282463195765
winter wheat,1,45.13751333386098,42.2703604415367
winter wheat,1,45.14074726888381,42.131301235555
winter wheat,1,45.13751333386098,42.08144473728637
winter wheat,1,45.122152142502536,42.06258011631986
winter wheat,1,45.143172720150936,42.281679214116615
winter wheat,1,45.14209474180999,42.28275719245755
winter wheat,1,45.14613716058853,42.087104123576324
winter wheat,1,45.132662431326736,42.081175242701136
winter wheat,1,45.14613716058853,42.10246531493477
potato,11,45.13562687176433,42.266857011928636
winter wheat,1,45.13104546381532,42.269551957781
winter wheat,1,45.14452019307711,42.08791260733203
winter wheat,1,45.132123442156264,42.26200610939439
winter wheat,1,45.138321817616685,42.27062993612194
winter wheat,1,45.12511658294013,42.2552687447635
winter wheat,1,45.13966929054287,42.285452138309914
winter wheat,1,45.14802362268518,42.105699249957595
winter wheat,1,45.152605030634184,42.10677722829854
winter wheat,1,45.1534135143899,42.101387336593824
potato,11,45.14398120390664,42.12779780594694
winter wheat,1,45.14586766600329,42.08225322104208
winter wheat,1,45.12888950713343,42.26847397944005
winter wheat,1,45.132392936741496,42.08171423187161
winter wheat,1,45.15017957936706,42.10677722829854
winter wheat,1,45.14829311727041,42.10839419580996
winter wheat,1,45.11703174538305,42.06823950260981
winter wheat,1,45.119726691235414,42.26038914188298
winter wheat,1,45.12376911001395,42.0628496109051
winter wheat,1,45.14559817141806,42.12968426804359
potato,11,45.150718568537535,42.13507415974831
winter wheat,1,45.14721513892947,42.08737361816156
winter wheat,1,45.131853947571024,42.267126506513875
winter wheat,1,45.136435355520035,42.08171423187161
potato,11,45.1437117093214,42.12321639799793
potato,11,45.142364236395224,42.12806730053217
winter wheat,1,45.145059182247586,42.12618083843552
winter wheat,1,45.128081023377725,42.26119762563869
winter wheat,1,45.1294284963039,42.27251639821859
winter wheat,1,45.13886080678716,42.26874347402529
winter wheat,1,45.12673355045155,42.250417842229254
winter wheat,1,45.129967485474374,42.2770978061676
winter wheat,1,45.14613716058853,42.269012968610525
winter wheat,1,45.14937109561136,42.09006856401392
potato,11,45.14937109561136,42.13372668682213
potato,11,45.14640665517376,42.09572795030387
winter wheat,1,45.14559817141806,42.13615213808925
winter wheat,1,45.13104546381532,42.27440286031524
potato,11,45.13966929054287,42.13480466516307
winter wheat,1,45.15206604146372,42.13615213808925
winter wheat,1,45.13293192591197,42.28194870870185
potato,11,45.145059182247586,42.09572795030387
winter wheat,1,45.14748463351471,42.27062993612194
winter wheat,1,45.150988063122774,42.13345719223689
winter wheat,1,45.13374040966768,42.26416206607628
winter wheat,1,45.130236980059614,42.26200610939439
winter wheat,1,45.12646405586631,42.2552687447635
winter wheat,1,45.136435355520035,42.08818210191727
winter wheat,1,45.14640665517376,42.088990585672974
winter wheat,1,45.12969799088914,42.269282463195765
winter wheat,1,45.15152705229325,42.091685531525336
winter wheat,1,45.14586766600329,42.131301235555
winter wheat,1,45.14829311727041,42.13830809477113
winter wheat,1,45.125925066695835,42.263353582320576
winter wheat,1,45.12349961542871,42.25634672310444
winter wheat,1,45.134279398838146,42.270899430707175
winter wheat,1,45.14209474180999,42.10920267956566
winter wheat,1,45.145059182247586,42.28033174119043
winter wheat,1,45.14721513892947,42.28114022494614
winter wheat,1,45.1248470883549,42.25392127183732
potato,11,45.132392936741496,42.27143841987765
winter wheat,1,45.145059182247586,42.13507415974831
winter wheat,1,45.11891820747971,42.06904798636552
winter wheat,1,45.129967485474374,42.28248769787232
winter wheat,1,45.15017957936706,42.13318769765166
winter wheat,1,45.131853947571024,42.26793499026958
winter wheat,1,45.140477774298574,42.079288780604486
winter wheat,1,45.142633730980464,42.26793499026958
winter wheat,1,45.11649275621258,42.066083545927924
winter wheat,1,45.14344221473617,42.099500874497174
winter wheat,1,45.12376911001395,42.250956831399726
winter wheat,1,45.12673355045155,42.27009094695147
winter wheat,1,45.138321817616685,42.28194870870185
winter wheat,1,45.14613716058853,42.275750333241426
winter wheat,1,45.15152705229325,42.093571993621985
winter wheat,1,45.15314401980466,42.103812787860946
winter wheat,1,45.130775969230086,42.27278589280383
winter wheat,1,45.12511658294013,42.26793499026958
winter wheat,1,45.13535737717909,42.273055387389064
winter wheat,1,45.142903225565696,42.1094721741509
winter wheat,1,45.13481838800862,42.08144473728637
winter wheat,1,45.117840229138764,42.066083545927924
winter wheat,1,45.12080466957636,42.06123264339368
winter wheat,1,45.1361658609348,42.27655881699713
winter wheat,1,45.142364236395224,42.0922245206958
winter wheat,1,45.138591312201925,42.081175242701136
winter wheat,1,45.13778282844621,42.28626062206562
winter wheat,1,45.14532867683282,42.099500874497174
potato,11,45.13320142049721,42.080366758945424
winter wheat,1,45.1248470883549,42.26550953900246
winter wheat,1,45.13886080678716,42.1275283113617
winter wheat,1,45.1399387851281,42.08360069396826
winter wheat,1,45.15179654687848,42.13723011643019
potato,11,45.1399387851281,42.126450333020756
winter wheat,1,45.119457196650174,42.062041127149385
winter wheat,1,45.129967485474374,42.08602614523538
winter wheat,1,45.115953767042114,42.06958697553599
winter wheat,1,45.132662431326736,42.279523257434725
winter wheat,1,45.12754203420725,42.27413336573001
winter wheat,1,45.13508788259386,42.27197740904812
winter wheat,1,45.138591312201925,42.269551957781
winter wheat,1,45.12269113167301,42.267126506513875
winter wheat,1,45.13751333386098,42.279253762849486
winter wheat,1,45.12457759376966,42.26874347402529
winter wheat,1,45.134279398838146,42.26739600109911
winter wheat,1,45.124308099184425,42.260658636468214
winter wheat,1,45.12700304503678,42.27143841987765
winter wheat,1,45.124308099184425,42.258772174371565
winter wheat,1,45.14209474180999,42.27467235490048
winter wheat,1,45.142364236395224,42.27386387114477
winter wheat,1,45.138591312201925,42.084948166894435
winter wheat,1,45.146945644344235,42.08737361816156
winter wheat,1,45.14209474180999,42.13291820306642
winter wheat,1,45.14532867683282,42.139116578526846
winter wheat,1,45.12376911001395,42.074707372655475
winter wheat,1,45.142633730980464,42.28437415996897
winter wheat,1,45.14020827971334,42.08818210191727
winter wheat,1,45.14586766600329,42.093571993621985
winter wheat,1,45.1391303013724,42.275480838656186
winter wheat,1,45.14613716058853,42.128606289702645
winter wheat,1,45.14182524722475,42.09680592864481
winter wheat,1,45.138591312201925,42.28841657874751
winter wheat,1,45.143172720150936,42.26604852817293
winter wheat,1,45.12134365874683,42.26011964729774
winter wheat,1,45.125925066695835,42.25580773393397
winter wheat,1,45.13939979595763,42.283565676213264
winter wheat,1,45.14344221473617,42.09626693947434
winter wheat,1,45.14775412809994,42.27251639821859
winter wheat,1,45.140477774298574,42.134265675992594
winter wheat,1,45.12457759376966,42.266857011928636
winter wheat,1,45.143172720150936,42.08602614523538
winter wheat,1,45.14452019307711,42.10300430410524
winter wheat,1,45.11864871289447,42.06500556758698
winter wheat,1,45.14209474180999,42.277367300752836
winter wheat,1,45.13158445298579,42.26739600109911
winter wheat,1,45.12888950713343,42.281409719531375
winter wheat,1,45.130236980059614,42.25985015271251
winter wheat,1,45.129967485474374,42.26874347402529
winter wheat,1,45.14532867683282,42.281679214116615
winter wheat,1,45.15179654687848,42.0922245206958
winter wheat,1,45.143172720150936,42.08575665065015
winter wheat,1,45.1286200125482,42.277367300752836
winter wheat,1,45.13508788259386,42.26739600109911
winter wheat,1,45.12673355045155,42.27871477367902
winter wheat,1,45.14182524722475,42.27359437655954
winter wheat,1,45.144789687662346,42.09384148820722
potato,11,45.15206604146372,42.09572795030387
winter wheat,1,45.14586766600329,42.2838351707985
winter wheat,1,45.13374040966768,42.279523257434725
winter wheat,1,45.14559817141806,42.26739600109911
winter wheat,1,45.12242163708777,42.074707372655475
winter wheat,1,45.136435355520035,42.277636795338076
winter wheat,1,45.1399387851281,42.08171423187161
winter wheat,1,45.15233553604895,42.10516026078712
potato,11,45.14101676346905,42.13507415974831
winter wheat,1,45.132392936741496,42.274941849485714
winter wheat,1,45.12754203420725,42.24907036930307
winter wheat,1,45.13751333386098,42.27170791446289
winter wheat,1,45.15179654687848,42.10327379869047
winter wheat,1,45.12754203420725,42.277636795338076
winter wheat,1,45.11730123996829,42.068508997195046
winter wheat,1,45.13697434469051,42.27979275201996
winter wheat,1,45.14398120390664,42.079019286019246
winter wheat,1,45.13535737717909,42.085217661479675
winter wheat,1,45.14559817141806,42.28248769787232
winter wheat,1,45.146945644344235,42.08872109108774
winter wheat,1,45.12457759376966,42.26793499026958
winter wheat,1,45.12538607752536,42.27359437655954
winter wheat,1,45.14856261185565,42.275211344070954
winter wheat,1,45.14586766600329,42.09033805859915
winter wheat,1,45.12835051796296,42.25985015271251
winter wheat,1,45.132662431326736,42.2657790335877
winter wheat,1,45.14640665517376,42.101117842008584
winter wheat,1,45.146676149758996,42.10516026078712
winter wheat,1,45.11918770206494,42.0628496109051
winter wheat,1,45.14101676346905,42.1275283113617
winter wheat,1,45.146945644344235,42.08387018855349
winter wheat,1,45.12969799088914,42.26739600109911
winter wheat,1,45.144789687662346,42.28275719245755
winter wheat,1,45.138591312201925,42.08629563982061
winter wheat,1,45.146676149758996,42.10623823912807
winter wheat,1,45.14452019307711,42.080905748115896
winter wheat,1,45.146945644344235,42.136421632674484
winter wheat,1,45.132662431326736,42.08387018855349
winter wheat,1,45.14209474180999,42.27898426826425
winter wheat,1,45.14586766600329,42.09195502611057
winter wheat,1,45.119996185820646,42.25769419603062
potato,11,45.13697434469051,42.131301235555
winter wheat,1,45.148832106440885,42.27628932241189
winter wheat,1,45.132662431326736,42.27170791446289
winter wheat,1,45.142364236395224,42.085217661479675
winter wheat,1,45.12242163708777,42.0636580946608
winter wheat,1,45.12888950713343,42.26119762563869
winter wheat,1,45.14074726888381,42.124294376338874
winter wheat,1,45.12376911001395,42.25958065812727
winter wheat,1,45.14155575263952,42.076863329337364
winter wheat,1,45.14559817141806,42.12806730053217
winter wheat,1,45.14964059019659,42.10003986366765
winter wheat,1,45.12646405586631,42.258502679786325
winter wheat,1,45.13293192591197,42.26470105524675
winter wheat,1,45.140477774298574,42.287338600406564
winter wheat,1,45.12673355045155,42.248261885547365
winter wheat,1,45.14721513892947,42.0846786723092
winter wheat,1,45.148832106440885,42.13615213808925
winter wheat,1,45.14074726888381,42.266857011928636
winter wheat,1,45.12915900171867,42.267126506513875
winter wheat,1,45.119457196650174,42.06311910549033
winter wheat,1,45.11891820747971,42.25769419603062
winter wheat,1,45.14452019307711,42.28302668704279
winter wheat,1,45.13724383927574,42.134535170577834
winter wheat,1,45.13778282844621,42.26793499026958
winter wheat,1,45.1361658609348,42.08440917772396
winter wheat,1,45.13939979595763,42.27440286031524
winter wheat,1,45.1399387851281,42.283296181628025
winter wheat,1,45.143172720150936,42.26362307690581
winter wheat,1,45.12269113167301,42.06069365422321
winter wheat,1,45.12888950713343,42.281679214116615
winter wheat,1,45.124038604599185,42.25419076642255
winter wheat,1,45.138321817616685,42.13507415974831
winter wheat,1,45.13158445298579,42.2657790335877
winter wheat,1,45.15152705229325,42.13615213808925
winter wheat,1,45.142364236395224,42.07605484558165
winter wheat,1,45.128081023377725,42.26766549568435
winter wheat,1,45.144250698491874,42.10057885283812
winter wheat,1,45.14532867683282,42.27224690363336
winter wheat,1,45.124038604599185,42.25392127183732
winter wheat,1,45.119726691235414,42.070664953876935
winter wheat,1,45.142364236395224,42.13372668682213
winter wheat,1,45.14613716058853,42.08979906942868
winter wheat,1,45.146945644344235,42.09815340157099
winter wheat,1,45.14802362268518,42.10003986366765
winter wheat,1,45.124038604599185,42.25931116354204
winter wheat,1,45.11891820747971,42.07147343763264
winter wheat,1,45.128081023377725,42.087104123576324
winter wheat,1,45.1256555721106,42.26119762563869
winter wheat,1,45.14020827971334,42.27413336573001
winter wheat,1,45.1437117093214,42.091685531525336
winter wheat,1,45.1391303013724,42.273055387389064
winter wheat,1,45.142903225565696,42.08333119938302
winter wheat,1,45.136704850105275,42.08225322104208
winter wheat,1,45.140477774298574,42.28464365455421
winter wheat,1,45.14155575263952,42.275211344070954
winter wheat,1,45.12376911001395,42.26793499026958
winter wheat,1,45.124038604599185,42.256885712274915
winter wheat,1,45.14128625805428,42.125911343850284
winter wheat,1,45.12835051796296,42.26038914188298
winter wheat,1,45.14344221473617,42.09869239074146
winter wheat,1,45.14829311727041,42.10542975537236
winter wheat,1,45.14586766600329,42.273055387389064
winter wheat,1,45.134279398838146,42.08440917772396
winter wheat,1,45.125925066695835,42.25715520686015
winter wheat,1,45.14559817141806,42.13022325721406
winter wheat,1,45.12969799088914,42.25958065812727
winter wheat,1,45.14829311727041,42.13291820306642
winter wheat,1,45.14640665517376,42.09599744488911
winter wheat,1,45.13751333386098,42.08063625353066
winter wheat,1,45.14829311727041,42.09815340157099
potato,11,45.14613716058853,42.27251639821859
winter wheat,1,45.13805232303145,42.269551957781
winter wheat,1,45.145059182247586,42.10704672288378
winter wheat,1,45.12107416416159,42.252304304325904
winter wheat,1,45.138591312201925,42.27682831158236
winter wheat,1,45.144250698491874,42.2703604415367
winter wheat,1,45.144789687662346,42.28033174119043
winter wheat,1,45.14721513892947,42.089529574843446
winter wheat,1,45.13050647464485,42.25715520686015
winter wheat,1,45.1218826479173,42.26416206607628
winter wheat,1,45.14748463351471,42.28060123577567
winter wheat,1,45.1286200125482,42.263353582320576
winter wheat,1,45.11837921830924,42.06904798636552
winter wheat,1,45.125925066695835,42.2665875173434
winter wheat,1,45.13050647464485,42.08063625353066
winter wheat,1,45.14775412809994,42.08548715606491
winter wheat,1,45.134279398838146,42.264431560661514
winter wheat,1,45.14101676346905,42.13615213808925
winter wheat,1,45.14721513892947,42.08440917772396
winter wheat,1,45.140477774298574,42.27359437655954
winter wheat,1,45.14964059019659,42.090877047769624
winter wheat,1,45.1504490739523,42.0876431127468
winter wheat,1,45.150988063122774,42.10246531493477
winter wheat,1,45.12323012084348,42.0733598997293
winter wheat,1,45.134279398838146,42.081175242701136
winter wheat,1,45.14640665517376,42.1275283113617
winter wheat,1,45.13347091508244,42.08252271562731
winter wheat,1,45.14721513892947,42.10920267956566
winter wheat,1,45.15233553604895,42.09384148820722
winter wheat,1,45.14155575263952,42.09384148820722
winter wheat,1,45.144789687662346,42.09626693947434
winter wheat,1,45.12700304503678,42.27790628992331
winter wheat,1,45.12915900171867,42.2808707303609
winter wheat,1,45.14775412809994,42.279253762849486
winter wheat,1,45.122152142502536,42.256885712274915
winter wheat,1,45.14209474180999,42.28491314913944
winter wheat,1,45.13347091508244,42.264970549831986
winter wheat,1,45.142633730980464,42.09438047737769
winter wheat,1,45.12161315333206,42.066892029683636
winter wheat,1,45.119457196650174,42.07147343763264
winter wheat,1,45.142633730980464,42.2703604415367
winter wheat,1,45.14452019307711,42.08602614523538
winter wheat,1,45.14020827971334,42.28060123577567
winter wheat,1,45.14209474180999,42.28653011665086
winter wheat,1,45.15152705229325,42.09869239074146
winter wheat,1,45.11703174538305,42.06743101885411
winter wheat,1,45.149101601026125,42.10516026078712
winter wheat,1,45.14991008478183,42.10030935825288
potato,11,45.12053517499112,42.263353582320576
winter wheat,1,45.15125755770801,42.10219582034953
winter wheat,1,45.143172720150936,42.124833365509346
winter wheat,1,45.14991008478183,42.101117842008584
winter wheat,1,45.1218826479173,42.25338228266685
winter wheat,1,45.1361658609348,42.269551957781
winter wheat,1,45.14640665517376,42.274941849485714
winter wheat,1,45.11918770206494,42.07389888889977
winter wheat,1,45.1437117093214,42.27682831158236
winter wheat,1,45.12673355045155,42.252843293496376
potato,11,45.14613716058853,42.27224690363336
winter wheat,1,45.13104546381532,42.262545098564864
winter wheat,1,45.12269113167301,42.06473607300175
winter wheat,1,45.126194561281075,42.25338228266685
winter wheat,1,45.1504490739523,42.09491946654816
winter wheat,1,45.1361658609348,42.27682831158236
winter wheat,1,45.1294284963039,42.26874347402529
winter wheat,1,45.152605030634184,42.105968744542835
winter wheat,1,45.12781152879249,42.281409719531375
winter wheat,1,45.14074726888381,42.27790628992331
winter wheat,1,45.14155575263952,42.28464365455421
winter wheat,1,45.142364236395224,42.277636795338076
winter wheat,1,45.14344221473617,42.09006856401392
winter wheat,1,45.14748463351471,42.08656513440585
winter wheat,1,45.14101676346905,42.28653011665086
winter wheat,1,45.144789687662346,42.26389257149104
potato,11,45.1504490739523,42.08656513440585
winter wheat,1,45.132123442156264,42.08171423187161
winter wheat,1,45.1286200125482,42.275211344070954
winter wheat,1,45.132123442156264,42.080905748115896
winter wheat,1,45.13805232303145,42.285991127480386
winter wheat,1,45.14775412809994,42.09599744488911
winter wheat,1,45.12538607752536,42.256616217689675
winter wheat,1,45.14937109561136,42.27628932241189
winter wheat,1,45.14640665517376,42.10704672288378
winter wheat,1,45.12835051796296,42.25580773393397
winter wheat,1,45.12915900171867,42.26793499026958
winter wheat,1,45.146676149758996,42.090877047769624
winter wheat,1,45.11703174538305,42.06931748095076
winter wheat,1,45.11406730494546,42.06823950260981
winter wheat,1,45.14344221473617,42.08144473728637
winter wheat,1,45.13535737717909,42.27386387114477
winter wheat,1,45.142633730980464,42.10542975537236
winter wheat,1,45.142633730980464,42.10920267956566
winter wheat,1,45.144789687662346,42.12806730053217
winter wheat,1,45.134548893423386,42.27440286031524
winter wheat,1,45.115953767042114,42.06473607300175
winter wheat,1,45.122152142502536,42.25419076642255
winter wheat,1,45.14182524722475,42.09411098279246
winter wheat,1,45.132392936741496,42.26011964729774
winter wheat,1,45.145059182247586,42.27062993612194
winter wheat,1,45.12915900171867,42.26173661480916
winter wheat,1,45.117840229138764,42.07174293221788
winter wheat,1,45.14128625805428,42.08818210191727
winter wheat,1,45.143172720150936,42.27871477367902
winter wheat,1,45.14398120390664,42.277636795338076
winter wheat,1,45.14074726888381,42.126719827605996
winter wheat,1,45.14452019307711,42.089529574843446
winter wheat,1,45.12323012084348,42.26470105524675
winter wheat,1,45.14074726888381,42.08872109108774
winter wheat,1,45.13724383927574,42.269012968610525
winter wheat,1,45.13158445298579,42.25796369061585
winter wheat,1,45.129967485474374,42.26820448485482
winter wheat,1,45.152874525219424,42.10677722829854
winter wheat,1,45.130775969230086,42.27844527909378
winter wheat,1,45.129967485474374,42.27413336573001
winter wheat,1,45.15314401980466,42.10542975537236
winter wheat,1,45.12754203420725,42.2514958205702
potato,11,45.14802362268518,42.0884515965025
winter wheat,1,45.12242163708777,42.06554455675745
winter wheat,1,45.12376911001395,42.064197083831274
winter wheat,1,45.13966929054287,42.08144473728637
winter wheat,1,45.15179654687848,42.099231379911934
winter wheat,1,45.132662431326736,42.264431560661514
winter wheat,1,45.13158445298579,42.08063625353066
winter wheat,1,45.1294284963039,42.27386387114477
winter wheat,1,45.12323012084348,42.263084087735336
winter wheat,1,45.12161315333206,42.07147343763264
winter wheat,1,45.146945644344235,42.09842289615623
winter wheat,1,45.122152142502536,42.26092813105345
winter wheat,1,45.12511658294013,42.25634672310444
winter wheat,1,45.12915900171867,42.27682831158236
winter wheat,1,45.1294284963039,42.28060123577567
winter wheat,1,45.14802362268518,42.12968426804359
winter wheat,1,45.13481838800862,42.265240044417226
winter wheat,1,45.1399387851281,42.13749961101543
winter wheat,1,45.145059182247586,42.26470105524675
winter wheat,1,45.152605030634184,42.10731621746901
winter wheat,1,45.14209474180999,42.27871477367902
winter wheat,1,45.148832106440885,42.099500874497174
winter wheat,1,45.13481838800862,42.275480838656186
potato,11,45.15125755770801,42.13615213808925
winter wheat,1,45.132392936741496,42.277367300752836
winter wheat,1,45.1294284963039,42.27682831158236
winter wheat,1,45.14721513892947,42.27682831158236
winter wheat,1,45.144250698491874,42.101387336593824
winter wheat,1,45.128081023377725,42.08413968313873
potato,11,45.1391303013724,42.12968426804359
winter wheat,1,45.12269113167301,42.062041127149385
winter wheat,1,45.14613716058853,42.13615213808925
winter wheat,1,45.14613716058853,42.27817578450855
winter wheat,1,45.13966929054287,42.27844527909378
winter wheat,1,45.132123442156264,42.26173661480916
winter wheat,1,45.14802362268518,42.101926325764296
winter wheat,1,45.14074726888381,42.083061704797785
winter wheat,1,45.14344221473617,42.265240044417226
winter wheat,1,45.12296062625824,42.25715520686015
winter wheat,1,45.12888950713343,42.277636795338076
winter wheat,1,45.146945644344235,42.08818210191727
winter wheat,1,45.13778282844621,42.27440286031524
winter wheat,1,45.132662431326736,42.260658636468214
winter wheat,1,45.14209474180999,42.09249401528104
winter wheat,1,45.146676149758996,42.28033174119043
winter wheat,1,45.13805232303145,42.08656513440585
winter wheat,1,45.14721513892947,42.28275719245755
winter wheat,1,45.13697434469051,42.126719827605996
winter wheat,1,45.13939979595763,42.28464365455421
winter wheat,1,45.13697434469051,42.085217661479675
winter wheat,1,45.12107416416159,42.25419076642255
winter wheat,1,45.13293192591197,42.08387018855349
winter wheat,1,45.14613716058853,42.27655881699713
winter wheat,1,45.14775412809994,42.105968744542835
winter wheat,1,45.12915900171867,42.26092813105345
winter wheat,1,45.12511658294013,42.074707372655475
winter wheat,1,45.146945644344235,42.10408228244618
winter wheat,1,45.13778282844621,42.13318769765166
winter wheat,1,45.12242163708777,42.26604852817293
winter wheat,1,45.140477774298574,42.28679961123609
winter wheat,1,45.1286200125482,42.267126506513875
winter wheat,1,45.120265680405886,42.25769419603062
winter wheat,1,45.13886080678716,42.28437415996897
winter wheat,1,45.14074726888381,42.080905748115896
winter wheat,1,45.14101676346905,42.08602614523538
winter wheat,1,45.14856261185565,42.08548715606491
winter wheat,1,45.14532867683282,42.125911343850284
winter wheat,1,45.14856261185565,42.09276350986627
winter wheat,1,45.14344221473617,42.26874347402529
winter wheat,1,45.14128625805428,42.12618083843552
winter wheat,1,45.12700304503678,42.24987885305878
winter wheat,1,45.132123442156264,42.08063625353066
winter wheat,1,45.14074726888381,42.08737361816156
winter wheat,1,45.12080466957636,42.06311910549033
winter wheat,1,45.14991008478183,42.13184022472547
winter wheat,1,45.1437117093214,42.101926325764296
winter wheat,1,45.14452019307711,42.1094721741509
winter wheat,1,45.120265680405886,42.060154665052735
winter wheat,1,45.14020827971334,42.26982145236624
winter wheat,1,45.142903225565696,42.08171423187161
winter wheat,1,45.142364236395224,42.26739600109911
winter wheat,1,45.14532867683282,42.089529574843446
winter wheat,1,45.15017957936706,42.08656513440585
winter wheat,1,45.14559817141806,42.26847397944005
winter wheat,1,45.1151452832864,42.06931748095076
winter wheat,1,45.14802362268518,42.27278589280383
winter wheat,1,45.145059182247586,42.26631802275817
winter wheat,1,45.14856261185565,42.10516026078712
winter wheat,1,45.15017957936706,42.107855206639485
winter wheat,1,45.122152142502536,42.252034809740664
winter wheat,1,45.13562687176433,42.084948166894435
winter wheat,1,45.142903225565696,42.08926008025821
winter wheat,1,45.144789687662346,42.08926008025821
winter wheat,1,45.13104546381532,42.2552687447635
winter wheat,1,45.1151452832864,42.066353040513164
winter wheat,1,45.138321817616685,42.275750333241426
winter wheat,1,45.138591312201925,42.279523257434725
winter wheat,1,45.14398120390664,42.281679214116615
winter wheat,1,45.131853947571024,42.25715520686015
winter wheat,1,45.134279398838146,42.0846786723092
winter wheat,1,45.134548893423386,42.086834628991085
winter wheat,1,45.143172720150936,42.28464365455421
winter wheat,1,45.13886080678716,42.2800622466052
winter wheat,1,45.12915900171867,42.28194870870185
winter wheat,1,45.14344221473617,42.10408228244618
winter wheat,1,45.14721513892947,42.13210971931071
winter wheat,1,45.12888950713343,42.25580773393397
winter wheat,1,45.15125755770801,42.09438047737769
winter wheat,1,45.12888950713343,42.27628932241189
winter wheat,1,45.14586766600329,42.101656831179056
winter wheat,1,45.144789687662346,42.267126506513875
winter wheat,1,45.12080466957636,42.06770051343934
winter wheat,1,45.144250698491874,42.09842289615623
winter wheat,1,45.148832106440885,42.281679214116615
winter wheat,1,45.1218826479173,42.062310621734625
winter wheat,1,45.124308099184425,42.27009094695147
winter wheat,1,45.13104546381532,42.08575665065015
winter wheat,1,45.134279398838146,42.26470105524675
winter wheat,1,45.15017957936706,42.09842289615623
winter wheat,1,45.143172720150936,42.128606289702645
potato,11,45.150718568537535,42.13399618140736
winter wheat,1,45.11487578870117,42.06392758924604
winter wheat,1,45.14101676346905,42.081175242701136
winter wheat,1,45.15179654687848,42.10812470122472
winter wheat,1,45.14775412809994,42.099231379911934
winter wheat,1,45.13320142049721,42.08360069396826
winter wheat,1,45.14640665517376,42.279253762849486
winter wheat,1,45.14452019307711,42.08333119938302
winter wheat,1,45.14398120390664,42.09411098279246
winter wheat,1,45.144789687662346,42.10408228244618
winter wheat,1,45.12107416416159,42.262814593150104
winter wheat,1,45.14532867683282,42.12941477345835
potato,11,45.144789687662346,42.124294376338874
winter wheat,1,45.12242163708777,42.25176531515543
winter wheat,1,45.1391303013724,42.27979275201996
winter wheat,1,45.12161315333206,42.07201242680311
winter wheat,1,45.14128625805428,42.089529574843446
winter wheat,1,45.12323012084348,42.06123264339368
winter wheat,1,45.14452019307711,42.275480838656186
winter wheat,1,45.12107416416159,42.263353582320576
winter wheat,1,45.15152705229325,42.10084834742335
winter wheat,1,45.138591312201925,42.28221820328708
winter wheat,1,45.14452019307711,42.267126506513875
winter wheat,1,45.14613716058853,42.14019455686779
winter wheat,1,45.13724383927574,42.2770978061676
winter wheat,1,45.146676149758996,42.132379213895945
winter wheat,1,45.12754203420725,42.07821080226354
winter wheat,1,45.142903225565696,42.27170791446289
winter wheat,1,45.144789687662346,42.09869239074146
winter wheat,1,45.13886080678716,42.27386387114477
winter wheat,1,45.13374040966768,42.08198372645684
winter wheat,1,45.143172720150936,42.10731621746901
potato,11,45.145059182247586,42.124294376338874
winter wheat,1,45.13697434469051,42.28221820328708
winter wheat,1,45.14964059019659,42.275750333241426
winter wheat,1,45.136435355520035,42.28114022494614
winter wheat,1,45.14155575263952,42.087104123576324
winter wheat,1,45.13374040966768,42.27170791446289
winter wheat,1,45.12107416416159,42.25823318520109
winter wheat,1,45.12888950713343,42.26793499026958
winter wheat,1,45.149101601026125,42.101117842008584
winter wheat,1,45.124308099184425,42.25985015271251
winter wheat,1,45.12080466957636,42.066892029683636
winter wheat,1,45.12269113167301,42.07524636182595
winter wheat,1,45.13939979595763,42.27359437655954
winter wheat,1,45.131853947571024,42.27197740904812
winter wheat,1,45.12915900171867,42.26389257149104
winter wheat,1,45.14559817141806,42.275750333241426
winter wheat,1,45.146676149758996,42.105699249957595
winter wheat,1,45.14559817141806,42.10057885283812
winter wheat,1,45.1256555721106,42.25985015271251
winter wheat,1,45.13966929054287,42.279523257434725
winter wheat,1,45.11837921830924,42.066622535098396
winter wheat,1,45.130775969230086,42.08252271562731
winter wheat,1,45.14586766600329,42.08252271562731
winter wheat,1,45.130236980059614,42.08629563982061
winter wheat,1,45.11703174538305,42.06581405134269
winter wheat,1,45.142364236395224,42.086834628991085
winter wheat,1,45.13589636634956,42.274941849485714
winter wheat,1,45.140477774298574,42.08656513440585
potato,11,45.14532867683282,42.12806730053217
winter wheat,1,45.14182524722475,42.2838351707985
winter wheat,1,45.14802362268518,42.27898426826425
winter wheat,1,45.12511658294013,42.07551585641118
winter wheat,1,45.122152142502536,42.066083545927924
winter wheat,1,45.14721513892947,42.27224690363336
winter wheat,1,45.11703174538305,42.070664953876935
winter wheat,1,45.142364236395224,42.095188961133395
winter wheat,1,45.1286200125482,42.248531380132604
winter wheat,1,45.130236980059614,42.0876431127468
winter wheat,1,45.13050647464485,42.258502679786325
winter wheat,1,45.13778282844621,42.08737361816156
winter wheat,1,45.14128625805428,42.28572163289515
winter wheat,1,45.12053517499112,42.068778491780286
winter wheat,1,45.150988063122774,42.09411098279246
winter wheat,1,45.146945644344235,42.274941849485714
winter wheat,1,45.120265680405886,42.258772174371565
winter wheat,1,45.12754203420725,42.26092813105345
winter wheat,1,45.13966929054287,42.28194870870185
winter wheat,1,45.13805232303145,42.26793499026958
potato,11,45.140477774298574,42.27628932241189
winter wheat,1,45.15179654687848,42.10246531493477
winter wheat,1,45.11891820747971,42.0636580946608
winter wheat,1,45.14937109561136,42.279523257434725
winter wheat,1,45.15233553604895,42.10677722829854
winter wheat,1,45.14613716058853,42.10273480952
winter wheat,1,45.13805232303145,42.28437415996897
winter wheat,1,45.124038604599185,42.25985015271251
winter wheat,1,45.13535737717909,42.27440286031524
winter wheat,1,45.12969799088914,42.28221820328708
winter wheat,1,45.14155575263952,42.26820448485482
winter wheat,1,45.1218826479173,42.26604852817293
winter wheat,1,45.142633730980464,42.27790628992331
winter wheat,1,45.1286200125482,42.0846786723092
winter wheat,1,45.12242163708777,42.06096314880845
winter wheat,1,45.12161315333206,42.263084087735336
potato,11,45.134548893423386,42.2808707303609
winter wheat,1,45.132662431326736,42.266857011928636
winter wheat,1,45.15152705229325,42.09438047737769
winter wheat,1,45.13131495840055,42.27628932241189
winter wheat,1,45.14209474180999,42.12321639799793
winter wheat,1,45.142364236395224,42.0771328239226
winter wheat,1,45.144250698491874,42.10003986366765
winter wheat,1,45.1286200125482,42.26874347402529
winter wheat,1,45.134279398838146,42.2665875173434
winter wheat,1,45.14964059019659,42.28033174119043
winter wheat,1,45.1286200125482,42.277636795338076
winter wheat,1,45.1437117093214,42.078749791434014
winter wheat,1,45.13320142049721,42.086834628991085
winter wheat,1,45.12269113167301,42.058537697541325
winter wheat,1,45.13050647464485,42.27009094695147
winter wheat,1,45.14613716058853,42.08602614523538
winter wheat,1,45.14748463351471,42.10623823912807
winter wheat,1,45.146945644344235,42.27682831158236
winter wheat,1,45.132123442156264,42.26766549568435
winter wheat,1,45.12053517499112,42.26011964729774
winter wheat,1,45.144789687662346,42.09653643405958
winter wheat,1,45.142364236395224,42.28114022494614
winter wheat,1,45.134279398838146,42.27655881699713
winter wheat,1,45.15206604146372,42.097344917815285
winter wheat,1,45.14829311727041,42.27979275201996
winter wheat,1,45.14452019307711,42.12725881677647
winter wheat,1,45.13778282844621,42.285991127480386
winter wheat,1,45.11891820747971,42.25823318520109
potato,11,45.144250698491874,42.080366758945424
winter wheat,1,45.12242163708777,42.25580773393397
winter wheat,1,45.13697434469051,42.08171423187161
winter wheat,1,45.14964059019659,42.107855206639485
winter wheat,1,45.12915900171867,42.256616217689675
winter wheat,1,45.128081023377725,42.08548715606491
winter wheat,1,45.12538607752536,42.24907036930307
winter wheat,1,45.1361658609348,42.27386387114477
winter wheat,1,45.13697434469051,42.12806730053217
winter wheat,1,45.142364236395224,42.266857011928636
winter wheat,1,45.11918770206494,42.25823318520109
winter wheat,1,45.12107416416159,42.26389257149104
winter wheat,1,45.12107416416159,42.06931748095076
potato,11,45.14209474180999,42.26416206607628
winter wheat,1,45.15179654687848,42.136421632674484
winter wheat,1,45.1399387851281,42.07982776977496
winter wheat,1,45.131853947571024,42.26362307690581
winter wheat,1,45.142903225565696,42.08387018855349
winter wheat,1,45.12457759376966,42.06150213797892
winter wheat,1,45.119996185820646,42.25338228266685
winter wheat,1,45.13751333386098,42.08333119938302
winter wheat,1,45.14074726888381,42.128336795117406
winter wheat,1,45.145059182247586,42.091416036940096
potato,11,45.14613716058853,42.10327379869047
winter wheat,1,45.138321817616685,42.277636795338076
winter wheat,1,45.14155575263952,42.08225322104208
winter wheat,1,45.14128625805428,42.27062993612194
winter wheat,1,45.14074726888381,42.0922245206958
winter wheat,1,45.15206604146372,42.101117842008584
winter wheat,1,45.13697434469051,42.2703604415367
winter wheat,1,45.138321817616685,42.2876080949918
winter wheat,1,45.15233553604895,42.10327379869047
winter wheat,1,45.14020827971334,42.2800622466052
potato,11,45.146945644344235,42.09572795030387
winter wheat,1,45.118109723724,42.07147343763264
potato,11,45.149101601026125,42.134535170577834
winter wheat,1,45.119996185820646,42.258772174371565
winter wheat,1,45.142903225565696,42.09680592864481
winter wheat,1,45.14101676346905,42.07821080226354
winter wheat,1,45.1248470883549,42.254729755593026
winter wheat,1,45.150988063122774,42.101656831179056
winter wheat,1,45.15152705229325,42.0989618853267
winter wheat,1,45.12161315333206,42.074707372655475
winter wheat,1,45.124038604599185,42.26146712022392
winter wheat,1,45.13481838800862,42.084948166894435
winter wheat,1,45.142903225565696,42.26766549568435
winter wheat,1,45.14775412809994,42.27655881699713
winter wheat,1,45.14856261185565,42.08791260733203
winter wheat,1,45.149101601026125,42.088990585672974
winter wheat,1,45.1504490739523,42.09788390698576
winter wheat,1,45.1256555721106,42.2703604415367
winter wheat,1,45.14020827971334,42.13723011643019
winter wheat,1,45.14802362268518,42.09626693947434
winter wheat,1,45.152874525219424,42.107855206639485
winter wheat,1,45.1437117093214,42.08144473728637
winter wheat,1,45.119457196650174,42.2560772285192
winter wheat,1,45.12349961542871,42.062041127149385
winter wheat,1,45.12538607752536,42.252573798911136
winter wheat,1,45.144789687662346,42.27790628992331
winter wheat,1,45.14613716058853,42.2703604415367
winter wheat,1,45.132662431326736,42.08333119938302
winter wheat,1,45.12888950713343,42.273055387389064
winter wheat,1,45.132392936741496,42.28060123577567
winter wheat,1,45.1256555721106,42.252573798911136
winter wheat,1,45.14452019307711,42.10354329327571
winter wheat,1,45.124038604599185,42.06311910549033
winter wheat,1,45.14155575263952,42.128606289702645
winter wheat,1,45.14344221473617,42.27817578450855
winter wheat,1,45.12835051796296,42.26173661480916
winter wheat,1,45.12457759376966,42.25176531515543
winter wheat,1,45.12646405586631,42.252034809740664
winter wheat,1,45.146945644344235,42.13749961101543
winter wheat,1,45.130236980059614,42.08225322104208
winter wheat,1,45.12107416416159,42.060154665052735
potato,11,45.150718568537535,42.13938607311208
winter wheat,1,45.113528315774985,42.06770051343934
winter wheat,1,45.131853947571024,42.28033174119043
winter wheat,1,45.142903225565696,42.2733248819743
winter wheat,1,45.1437117093214,42.08440917772396
winter wheat,1,45.142633730980464,42.28221820328708
winter wheat,1,45.12781152879249,42.2800622466052
winter wheat,1,45.15206604146372,42.10650773371331
winter wheat,1,45.122152142502536,42.25958065812727
winter wheat,1,45.1294284963039,42.08548715606491
winter wheat,1,45.134548893423386,42.26739600109911
winter wheat,1,45.138321817616685,42.085217661479675
winter wheat,1,45.134279398838146,42.266857011928636
winter wheat,1,45.14802362268518,42.09680592864481
winter wheat,1,45.12969799088914,42.262814593150104
winter wheat,1,45.12269113167301,42.0636580946608
potato,11,45.130236980059614,42.27278589280383
winter wheat,1,45.119457196650174,42.06985647012123
winter wheat,1,45.142364236395224,42.27009094695147
winter wheat,1,45.14344221473617,42.08872109108774
winter wheat,1,45.14452019307711,42.09114654235486
potato,11,45.14452019307711,42.0884515965025
winter wheat,1,45.14101676346905,42.283565676213264
winter wheat,1,45.144789687662346,42.283565676213264
winter wheat,1,45.146676149758996,42.10003986366765
winter wheat,1,45.119996185820646,42.074437878070235
winter wheat,1,45.14128625805428,42.270899430707175
winter wheat,1,45.14532867683282,42.13723011643019
winter wheat,1,45.14559817141806,42.131301235555
winter wheat,1,45.132662431326736,42.279253762849486
winter wheat,1,45.12888950713343,42.08225322104208
winter wheat,1,45.14101676346905,42.275480838656186
winter wheat,1,45.148832106440885,42.27467235490048
winter wheat,1,45.14613716058853,42.10812470122472
potato,11,45.14155575263952,42.08872109108774
winter wheat,1,45.131853947571024,42.26820448485482
winter wheat,1,45.12646405586631,42.2733248819743
winter wheat,1,45.1286200125482,42.26200610939439
winter wheat,1,45.13347091508244,42.262814593150104
winter wheat,1,45.12134365874683,42.05934618129703
winter wheat,1,45.15206604146372,42.091685531525336
winter wheat,1,45.128081023377725,42.26874347402529
winter wheat,1,45.13050647464485,42.26820448485482
winter wheat,1,45.11703174538305,42.07093444846217
winter wheat,1,45.13589636634956,42.08656513440585
winter wheat,1,45.132662431326736,42.28060123577567
winter wheat,1,45.14532867683282,42.09707542323005
winter wheat,1,45.13481838800862,42.08737361816156
winter wheat,1,45.119726691235414,42.06500556758698
winter wheat,1,45.12134365874683,42.263084087735336
winter wheat,1,45.14775412809994,42.279523257434725
winter wheat,1,45.148832106440885,42.10462127161665
winter wheat,1,45.14721513892947,42.27979275201996
winter wheat,1,45.11730123996829,42.07201242680311
winter wheat,1,45.14559817141806,42.080905748115896
winter wheat,1,45.12080466957636,42.2590416689568
winter wheat,1,45.12781152879249,42.254729755593026
winter wheat,1,45.14937109561136,42.277367300752836
winter wheat,1,45.13805232303145,42.279253762849486
winter wheat,1,45.13050647464485,42.27062993612194
winter wheat,1,45.132123442156264,42.262545098564864
winter wheat,1,45.145059182247586,42.275211344070954
winter wheat,1,45.142903225565696,42.275750333241426
winter wheat,1,45.146945644344235,42.12914527887312
winter wheat,1,45.14748463351471,42.28221820328708
winter wheat,1,45.1391303013724,42.285182643724674
winter wheat,1,45.1248470883549,42.26874347402529
winter wheat,1,45.14128625805428,42.26604852817293
winter wheat,1,45.14991008478183,42.13588264350401
winter wheat,1,45.1143367995307,42.067970008024574
winter wheat,1,45.13158445298579,42.258772174371565
winter wheat,1,45.14209474180999,42.283296181628025
winter wheat,1,45.12242163708777,42.2657790335877
winter wheat,1,45.12915900171867,42.08737361816156
winter wheat,1,45.13104546381532,42.262814593150104
potato,11,45.144789687662346,42.273055387389064
potato,11,45.15017957936706,42.08872109108774
winter wheat,1,45.130775969230086,42.28221820328708
winter wheat,1,45.13050647464485,42.27817578450855
winter wheat,1,45.130236980059614,42.25634672310444
winter wheat,1,45.1437117093214,42.12348589258316
winter wheat,1,45.12538607752536,42.27009094695147
winter wheat,1,45.13939979595763,42.275211344070954
winter wheat,1,45.129967485474374,42.25931116354204
winter wheat,1,45.13886080678716,42.0876431127468
winter wheat,1,45.1248470883549,42.25742470144539
winter wheat,1,45.14101676346905,42.09033805859915
winter wheat,1,45.146945644344235,42.10003986366765
winter wheat,1,45.12969799088914,42.26604852817293
winter wheat,1,45.136704850105275,42.27440286031524
winter wheat,1,45.1286200125482,42.26470105524675
winter wheat,1,45.13131495840055,42.08171423187161
winter wheat,1,45.14532867683282,42.10677722829854
winter wheat,1,45.14613716058853,42.093302499036746
winter wheat,1,45.1437117093214,42.07821080226354
winter wheat,1,45.146676149758996,42.099500874497174
winter wheat,1,45.12376911001395,42.06069365422321
winter wheat,1,45.132392936741496,42.264970549831986
potato,11,45.13966929054287,42.12564184926505
winter wheat,1,45.144250698491874,42.28437415996897
winter wheat,1,45.1286200125482,42.25715520686015
winter wheat,1,45.12538607752536,42.27682831158236
winter wheat,1,45.143172720150936,42.107855206639485
winter wheat,1,45.150988063122774,42.105699249957595
winter wheat,1,45.14856261185565,42.0876431127468
winter wheat,1,45.13724383927574,42.28060123577567
winter wheat,1,45.144250698491874,42.09464997196293
winter wheat,1,45.12296062625824,42.07309040514406
winter wheat,1,45.131853947571024,42.258502679786325
winter wheat,1,45.132123442156264,42.262814593150104
winter wheat,1,45.12161315333206,42.25553823934873
winter wheat,1,45.13508788259386,42.0846786723092
winter wheat,1,45.14128625805428,42.124024881753634
winter wheat,1,45.146676149758996,42.08602614523538
winter wheat,1,45.134548893423386,42.279523257434725
winter wheat,1,45.12781152879249,42.275211344070954
winter wheat,1,45.13966929054287,42.27413336573001
winter wheat,1,45.12296062625824,42.26470105524675
potato,11,45.13966929054287,42.2770978061676
winter wheat,1,45.14452019307711,42.26362307690581
winter wheat,1,45.13481838800862,42.27278589280383
winter wheat,1,45.13751333386098,42.28302668704279
winter wheat,1,45.129967485474374,42.25769419603062
winter wheat,1,45.13724383927574,42.0876431127468
winter wheat,1,45.14640665517376,42.0922245206958
winter wheat,1,45.13158445298579,42.27682831158236
winter wheat,1,45.145059182247586,42.10866369039519
winter wheat,1,45.138591312201925,42.28491314913944
winter wheat,1,45.120265680405886,42.0733598997293
winter wheat,1,45.12700304503678,42.26739600109911
winter wheat,1,45.12673355045155,42.258772174371565
winter wheat,1,45.14101676346905,42.26793499026958
winter wheat,1,45.13939979595763,42.12618083843552
winter wheat,1,45.13589636634956,42.27817578450855
winter wheat,1,45.13966929054287,42.08548715606491
winter wheat,1,45.12242163708777,42.256616217689675
winter wheat,1,45.12754203420725,42.275750333241426
winter wheat,1,45.14802362268518,42.10704672288378
winter wheat,1,45.12700304503678,42.27871477367902
potato,11,45.13050647464485,42.27251639821859
winter wheat,1,45.12888950713343,42.263084087735336
winter wheat,1,45.14344221473617,42.281679214116615
winter wheat,1,45.13939979595763,42.28410466538374
winter wheat,1,45.14532867683282,42.08252271562731
potato,11,45.1534135143899,42.10677722829854
winter wheat,1,45.11622326162735,42.066083545927924
winter wheat,1,45.12727253962202,42.250417842229254
winter wheat,1,45.1248470883549,42.25769419603062
winter wheat,1,45.142364236395224,42.10623823912807
potato,11,45.15233553604895,42.09303300445151
winter wheat,1,45.15314401980466,42.09680592864481
winter wheat,1,45.12349961542871,42.264431560661514
potato,11,45.1504490739523,42.27844527909378
winter wheat,1,45.12376911001395,42.26739600109911
winter wheat,1,45.130775969230086,42.27790628992331
winter wheat,1,45.14802362268518,42.101656831179056
winter wheat,1,45.12269113167301,42.25553823934873
winter wheat,1,45.13104546381532,42.2657790335877
winter wheat,1,45.145059182247586,42.279523257434725
winter wheat,1,45.14856261185565,42.10542975537236
winter wheat,1,45.149101601026125,42.27844527909378
winter wheat,1,45.14775412809994,42.12995376262882
winter wheat,1,45.1504490739523,42.09411098279246
winter wheat,1,45.13697434469051,42.13184022472547
winter wheat,1,45.14128625805428,42.08440917772396
winter wheat,1,45.14074726888381,42.0779413076783
winter wheat,1,45.12754203420725,42.258772174371565
winter wheat,1,45.122152142502536,42.05880719212656
winter wheat,1,45.124308099184425,42.25122632598496
winter wheat,1,45.12915900171867,42.266857011928636
winter wheat,1,45.14856261185565,42.131301235555
winter wheat,1,45.15179654687848,42.09464997196293
winter wheat,1,45.12969799088914,42.28248769787232
winter wheat,1,45.128081023377725,42.258502679786325
winter wheat,1,45.1399387851281,42.08063625353066
winter wheat,1,45.14559817141806,42.2665875173434
winter wheat,1,45.13886080678716,42.2733248819743
potato,11,45.14344221473617,42.12887578428788
winter wheat,1,45.12754203420725,42.270899430707175
winter wheat,1,45.136435355520035,42.27601982782666
winter wheat,1,45.12781152879249,42.274941849485714
winter wheat,1,45.143172720150936,42.132379213895945
winter wheat,1,45.14748463351471,42.27224690363336
winter wheat,1,45.12457759376966,42.26604852817293
winter wheat,1,45.14856261185565,42.0989618853267
winter wheat,1,45.14991008478183,42.277636795338076
winter wheat,1,45.14344221473617,42.28302668704279
winter wheat,1,45.1437117093214,42.26793499026958
winter wheat,1,45.1437117093214,42.12510286009458
winter wheat,1,45.131853947571024,42.273055387389064
winter wheat,1,45.12107416416159,42.26227560397963
winter wheat,1,45.128081023377725,42.274941849485714
winter wheat,1,45.12269113167301,42.26766549568435
winter wheat,1,45.144250698491874,42.13507415974831
winter wheat,1,45.12134365874683,42.252573798911136
potato,11,45.13886080678716,42.12941477345835
winter wheat,1,45.144789687662346,42.09033805859915
winter wheat,1,45.12161315333206,42.07012596470646
winter wheat,1,45.1143367995307,42.068508997195046
winter wheat,1,45.119726691235414,42.07012596470646
winter wheat,1,45.13104546381532,42.08818210191727
winter wheat,1,45.12457759376966,42.262545098564864
winter wheat,1,45.13751333386098,42.27628932241189
winter wheat,1,45.140477774298574,42.28248769787232
potato,11,45.142633730980464,42.10354329327571
winter wheat,1,45.144250698491874,42.13480466516307
winter wheat,1,45.14559817141806,42.27979275201996
winter wheat,1,45.13562687176433,42.085217661479675
winter wheat,1,45.140477774298574,42.0922245206958
winter wheat,1,45.12376911001395,42.26982145236624
winter wheat,1,45.1437117093214,42.08387018855349
winter wheat,1,45.136435355520035,42.2800622466052
winter wheat,1,45.13805232303145,42.13345719223689
winter wheat,1,45.14856261185565,42.091416036940096
winter wheat,1,45.149101601026125,42.09653643405958
winter wheat,1,45.146676149758996,42.10704672288378
winter wheat,1,45.15179654687848,42.09195502611057
winter wheat,1,45.14209474180999,42.264970549831986
winter wheat,1,45.13751333386098,42.27413336573001
winter wheat,1,45.14964059019659,42.08979906942868
winter wheat,1,45.14802362268518,42.095188961133395
winter wheat,1,45.14775412809994,42.13857758935637
winter wheat,1,45.1286200125482,42.2657790335877
winter wheat,1,45.13724383927574,42.08602614523538
winter wheat,1,45.14532867683282,42.08063625353066
winter wheat,1,45.134279398838146,42.28194870870185
potato,11,45.144250698491874,42.125911343850284
winter wheat,1,45.1399387851281,42.08413968313873
winter wheat,1,45.14398120390664,42.274941849485714
winter wheat,1,45.13050647464485,42.26092813105345
winter wheat,1,45.14344221473617,42.08198372645684
winter wheat,1,45.13778282844621,42.27386387114477
winter wheat,1,45.148832106440885,42.089529574843446
winter wheat,1,45.132392936741496,42.28221820328708
winter wheat,1,45.14613716058853,42.13776910560066
winter wheat,1,45.15179654687848,42.09653643405958
winter wheat,1,45.12646405586631,42.262545098564864
winter wheat,1,45.132123442156264,42.26416206607628
winter wheat,1,45.13778282844621,42.27278589280383
winter wheat,1,45.13886080678716,42.28194870870185
winter wheat,1,45.152874525219424,42.10084834742335
winter wheat,1,45.14964059019659,42.28114022494614
winter wheat,1,45.126194561281075,42.2703604415367
winter wheat,1,45.14829311727041,42.09006856401392
potato,11,45.14964059019659,42.134535170577834
winter wheat,1,45.152874525219424,42.09815340157099
winter wheat,1,45.136435355520035,42.08656513440585
winter wheat,1,45.13562687176433,42.275750333241426
winter wheat,1,45.14586766600329,42.10839419580996
winter wheat,1,45.119996185820646,42.26011964729774
potato,11,45.138321817616685,42.12995376262882
winter wheat,1,45.13347091508244,42.08279221021255
winter wheat,1,45.15179654687848,42.09249401528104
winter wheat,1,45.143172720150936,42.103812787860946
winter wheat,1,45.142903225565696,42.10623823912807
winter wheat,1,45.13805232303145,42.26739600109911
winter wheat,1,45.1286200125482,42.080905748115896
winter wheat,1,45.13939979595763,42.275480838656186
winter wheat,1,45.14209474180999,42.26550953900246
winter wheat,1,45.146676149758996,42.2703604415367
winter wheat,1,45.14775412809994,42.107855206639485
winter wheat,1,45.148832106440885,42.2808707303609
winter wheat,1,45.14155575263952,42.27009094695147
winter wheat,1,45.144250698491874,42.2665875173434
winter wheat,1,45.152605030634184,42.10489076620189
winter wheat,1,45.13158445298579,42.27440286031524
winter wheat,1,45.145059182247586,42.13615213808925
winter wheat,1,45.14452019307711,42.101387336593824
winter wheat,1,45.1286200125482,42.25985015271251
winter wheat,1,45.14721513892947,42.09599744488911
winter wheat,1,45.13778282844621,42.28491314913944
winter wheat,1,45.13320142049721,42.08602614523538
winter wheat,1,45.13508788259386,42.08818210191727
winter wheat,1,45.14775412809994,42.08629563982061
winter wheat,1,45.140477774298574,42.09195502611057
winter wheat,1,45.149101601026125,42.107585712054245
winter wheat,1,45.13050647464485,42.08252271562731
winter wheat,1,45.14020827971334,42.08602614523538
winter wheat,1,45.12538607752536,42.25715520686015
winter wheat,1,45.142903225565696,42.07632434016689
winter wheat,1,45.14613716058853,42.09195502611057
winter wheat,1,45.144789687662346,42.09114654235486
winter wheat,1,45.143172720150936,42.28410466538374
winter wheat,1,45.145059182247586,42.09842289615623
winter wheat,1,45.118109723724,42.2560772285192
winter wheat,1,45.12538607752536,42.26227560397963
potato,11,45.13347091508244,42.27062993612194
winter wheat,1,45.14344221473617,42.088990585672974
winter wheat,1,45.142633730980464,42.101387336593824
winter wheat,1,45.144250698491874,42.27224690363336
winter wheat,1,45.14101676346905,42.283296181628025
winter wheat,1,45.14398120390664,42.07982776977496
winter wheat,1,45.144789687662346,42.26631802275817
winter wheat,1,45.1294284963039,42.264970549831986
winter wheat,1,45.13104546381532,42.275480838656186
winter wheat,1,45.14344221473617,42.08360069396826
winter wheat,1,45.15206604146372,42.10435177703142
winter wheat,1,45.12915900171867,42.085217661479675
winter wheat,1,45.1286200125482,42.26631802275817
winter wheat,1,45.1294284963039,42.265240044417226
winter wheat,1,45.150988063122774,42.13938607311208
winter wheat,1,45.140477774298574,42.2665875173434
winter wheat,1,45.11891820747971,42.06958697553599
winter wheat,1,45.13562687176433,42.08629563982061
winter wheat,1,45.142633730980464,42.27386387114477
winter wheat,1,45.12161315333206,42.0636580946608
winter wheat,1,45.12080466957636,42.060424159637975
winter wheat,1,45.132392936741496,42.0876431127468
winter wheat,1,45.14209474180999,42.285452138309914
winter wheat,1,45.14748463351471,42.27197740904812
winter wheat,1,45.152874525219424,42.09707542323005
winter wheat,1,45.14182524722475,42.28033174119043
winter wheat,1,45.13778282844621,42.08818210191727
winter wheat,1,45.1437117093214,42.08926008025821
winter wheat,1,45.14532867683282,42.13561314891878
winter wheat,1,45.1286200125482,42.27251639821859
winter wheat,1,45.132662431326736,42.084948166894435
winter wheat,1,45.125925066695835,42.25958065812727
winter wheat,1,45.14586766600329,42.126719827605996
winter wheat,1,45.13589636634956,42.08333119938302
winter wheat,1,45.13158445298579,42.27844527909378
winter wheat,1,45.13751333386098,42.08656513440585
winter wheat,1,45.138591312201925,42.27898426826425
winter wheat,1,45.1286200125482,42.252573798911136
winter wheat,1,45.14209474180999,42.27413336573001
potato,11,45.150718568537535,42.08791260733203
winter wheat,1,45.150988063122774,42.09006856401392
winter wheat,1,45.14020827971334,42.08548715606491
winter wheat,1,45.13535737717909,42.279523257434725
potato,11,45.12323012084348,42.05907668671179
winter wheat,1,45.13293192591197,42.26146712022392
winter wheat,1,45.13966929054287,42.126450333020756
winter wheat,1,45.1504490739523,42.091416036940096
winter wheat,1,45.11837921830924,42.0733598997293
winter wheat,1,45.145059182247586,42.10731621746901
winter wheat,1,45.13131495840055,42.25769419603062
winter wheat,1,45.14074726888381,42.090877047769624
winter wheat,1,45.115684272456875,42.06338860007557
winter wheat,1,45.149101601026125,42.093302499036746
winter wheat,1,45.13778282844621,42.287338600406564
winter wheat,1,45.14802362268518,42.08360069396826
winter wheat,1,45.14775412809994,42.09869239074146
potato,11,45.148832106440885,42.095458455718635
winter wheat,1,45.14586766600329,42.10623823912807
winter wheat,1,45.132662431326736,42.28194870870185
winter wheat,1,45.14802362268518,42.08548715606491
winter wheat,1,45.1391303013724,42.27278589280383
potato,11,45.144789687662346,42.080366758945424
potato,11,45.14559817141806,42.080366758945424
winter wheat,1,45.14398120390664,42.105968744542835
winter wheat,1,45.124038604599185,42.25446026100779
winter wheat,1,45.124038604599185,42.267126506513875
winter wheat,1,45.1399387851281,42.27655881699713
winter wheat,1,45.144250698491874,42.10516026078712
winter wheat,1,45.14559817141806,42.277636795338076
winter wheat,1,45.11891820747971,42.068778491780286
winter wheat,1,45.14640665517376,42.28302668704279
winter wheat,1,45.14209474180999,42.27386387114477
winter wheat,1,45.144789687662346,42.087104123576324
winter wheat,1,45.142633730980464,42.27062993612194
winter wheat,1,45.142903225565696,42.09276350986627
winter wheat,1,45.12781152879249,42.27844527909378
winter wheat,1,45.14344221473617,42.283296181628025
winter wheat,1,45.131853947571024,42.0846786723092
winter wheat,1,45.130775969230086,42.27251639821859
potato,11,45.142364236395224,42.12698932219123
winter wheat,1,45.15233553604895,42.105968744542835
winter wheat,1,45.13966929054287,42.275750333241426
winter wheat,1,45.1256555721106,42.27467235490048
winter wheat,1,45.14775412809994,42.099500874497174
winter wheat,1,45.129967485474374,42.275211344070954
winter wheat,1,45.142633730980464,42.12887578428788
winter wheat,1,45.1248470883549,42.26416206607628
winter wheat,1,45.132123442156264,42.2657790335877
winter wheat,1,45.14155575263952,42.2770978061676
winter wheat,1,45.12969799088914,42.279523257434725
potato,11,45.1399387851281,42.27682831158236
winter wheat,1,45.149101601026125,42.085217661479675
winter wheat,1,45.12915900171867,42.08225322104208
winter wheat,1,45.14586766600329,42.12618083843552
winter wheat,1,45.13535737717909,42.08629563982061
winter wheat,1,45.14128625805428,42.126719827605996
winter wheat,1,45.143172720150936,42.13291820306642
winter wheat,1,45.130236980059614,42.087104123576324
winter wheat,1,45.14398120390664,42.09276350986627
winter wheat,1,45.14452019307711,42.2665875173434
winter wheat,1,45.14452019307711,42.0846786723092
winter wheat,1,45.14640665517376,42.26874347402529
potato,11,45.13939979595763,42.07982776977496
winter wheat,1,45.14559817141806,42.277367300752836
winter wheat,1,45.1391303013724,42.27386387114477
winter wheat,1,45.144789687662346,42.09411098279246
potato,11,45.14937109561136,42.13507415974831
winter wheat,1,45.12888950713343,42.080905748115896
winter wheat,1,45.13347091508244,42.26389257149104
winter wheat,1,45.1399387851281,42.08656513440585
winter wheat,1,45.14128625805428,42.12348589258316
winter wheat,1,45.15125755770801,42.105699249957595
winter wheat,1,45.12080466957636,42.0628496109051
winter wheat,1,45.14344221473617,42.26389257149104
winter wheat,1,45.134279398838146,42.08252271562731
winter wheat,1,45.144250698491874,42.08926008025821
winter wheat,1,45.144789687662346,42.27628932241189
potato,11,45.144789687662346,42.12698932219123
winter wheat,1,45.1218826479173,42.25715520686015
winter wheat,1,45.12349961542871,42.25392127183732
winter wheat,1,45.142364236395224,42.10731621746901
winter wheat,1,45.14559817141806,42.264970549831986
winter wheat,1,45.12673355045155,42.25419076642255
winter wheat,1,45.124038604599185,42.26092813105345
winter wheat,1,45.124038604599185,42.26362307690581
potato,11,45.143172720150936,42.12618083843552
winter wheat,1,45.13293192591197,42.27871477367902
winter wheat,1,45.126194561281075,42.252573798911136
winter wheat,1,45.144789687662346,42.093302499036746
winter wheat,1,45.125925066695835,42.277636795338076
winter wheat,1,45.14128625805428,42.27790628992331
winter wheat,1,45.14775412809994,42.087104123576324
winter wheat,1,45.12888950713343,42.085217661479675
potato,11,45.1437117093214,42.12618083843552
winter wheat,1,45.131853947571024,42.26038914188298
winter wheat,1,45.14452019307711,42.13669112725972
winter wheat,1,45.14856261185565,42.132379213895945
winter wheat,1,45.14398120390664,42.0876431127468
winter wheat,1,45.12457759376966,42.26631802275817
winter wheat,1,45.15152705229325,42.10462127161665
winter wheat,1,45.12888950713343,42.24907036930307
winter wheat,1,45.149101601026125,42.10273480952
potato,11,45.14532867683282,42.27278589280383
winter wheat,1,45.13131495840055,42.08413968313873
winter wheat,1,45.14586766600329,42.26874347402529
winter wheat,1,45.118109723724,42.066892029683636
winter wheat,1,45.148832106440885,42.13103174096977
potato,11,45.1534135143899,42.10812470122472
winter wheat,1,45.12376911001395,42.25931116354204
winter wheat,1,45.14991008478183,42.27844527909378
winter wheat,1,45.13374040966768,42.080905748115896
winter wheat,1,45.1294284963039,42.28410466538374
winter wheat,1,45.117570734553524,42.068778491780286
winter wheat,1,45.140477774298574,42.275750333241426
winter wheat,1,45.12969799088914,42.2770978061676
winter wheat,1,45.14748463351471,42.12941477345835
winter wheat,1,45.12969799088914,42.258772174371565
winter wheat,1,45.152605030634184,42.09680592864481
winter wheat,1,45.150988063122774,42.10731621746901
winter wheat,1,45.13158445298579,42.2733248819743
winter wheat,1,45.13131495840055,42.2703604415367
winter wheat,1,45.150718568537535,42.0922245206958
winter wheat,1,45.129967485474374,42.26982145236624
winter wheat,1,45.145059182247586,42.12887578428788
potato,11,45.13886080678716,42.12914527887312
winter wheat,1,45.13050647464485,42.08818210191727
winter wheat,1,45.12269113167301,42.263353582320576
winter wheat,1,45.13508788259386,42.08575665065015
winter wheat,1,45.14775412809994,42.12968426804359
winter wheat,1,45.13400990425291,42.2657790335877
winter wheat,1,45.13966929054287,42.084948166894435
winter wheat,1,45.11676225079782,42.06473607300175
winter wheat,1,45.12888950713343,42.08198372645684
winter wheat,1,45.12888950713343,42.26173661480916
winter wheat,1,45.12700304503678,42.27386387114477
winter wheat,1,45.12673355045155,42.2514958205702
winter wheat,1,45.1286200125482,42.08791260733203
winter wheat,1,45.1437117093214,42.078480296848774
winter wheat,1,45.12915900171867,42.277636795338076
winter wheat,1,45.14613716058853,42.2808707303609
winter wheat,1,45.13158445298579,42.275480838656186
winter wheat,1,45.12323012084348,42.258502679786325
winter wheat,1,45.13293192591197,42.271168925292415
winter wheat,1,45.14613716058853,42.13210971931071
winter wheat,1,45.14586766600329,42.13157073014024
winter wheat,1,45.1256555721106,42.07632434016689
potato,11,45.132123442156264,42.27170791446289
winter wheat,1,45.117840229138764,42.066353040513164
winter wheat,1,45.130236980059614,42.080905748115896
winter wheat,1,45.126194561281075,42.266857011928636
potato,11,45.14937109561136,42.08818210191727
winter wheat,1,45.145059182247586,42.095458455718635
winter wheat,1,45.142903225565696,42.086834628991085
winter wheat,1,45.146945644344235,42.09303300445151
winter wheat,1,45.119457196650174,42.066353040513164
winter wheat,1,45.14452019307711,42.26416206607628
winter wheat,1,45.12457759376966,42.26982145236624
winter wheat,1,45.144789687662346,42.101656831179056
winter wheat,1,45.14991008478183,42.10893318498043
winter wheat,1,45.13562687176433,42.2808707303609
winter wheat,1,45.12538607752536,42.26874347402529
winter wheat,1,45.12538607752536,42.250956831399726
winter wheat,1,45.144250698491874,42.10408228244618
winter wheat,1,45.12915900171867,42.25122632598496
winter wheat,1,45.12646405586631,42.256885712274915
winter wheat,1,45.14586766600329,42.27359437655954
winter wheat,1,45.14640665517376,42.10057885283812
winter wheat,1,45.1504490739523,42.09599744488911
winter wheat,1,45.1248470883549,42.2657790335877
potato,11,45.14344221473617,42.263084087735336
winter wheat,1,45.14640665517376,42.279523257434725
winter wheat,1,45.136435355520035,42.27251639821859
winter wheat,1,45.14559817141806,42.08818210191727
winter wheat,1,45.11864871289447,42.256616217689675
winter wheat,1,45.14775412809994,42.12941477345835
winter wheat,1,45.1399387851281,42.27224690363336
winter wheat,1,45.128081023377725,42.2560772285192
winter wheat,1,45.136704850105275,42.2838351707985
winter wheat,1,45.132123442156264,42.27224690363336
winter wheat,1,45.130775969230086,42.081175242701136
winter wheat,1,45.122152142502536,42.26200610939439
winter wheat,1,45.12107416416159,42.26173661480916
winter wheat,1,45.14074726888381,42.13291820306642
winter wheat,1,45.12888950713343,42.08575665065015
winter wheat,1,45.142903225565696,42.10489076620189
winter wheat,1,45.13347091508244,42.27440286031524
winter wheat,1,45.12754203420725,42.08656513440585
winter wheat,1,45.13050647464485,42.2838351707985
winter wheat,1,45.14721513892947,42.103812787860946
winter wheat,1,45.13805232303145,42.13372668682213
winter wheat,1,45.11649275621258,42.0703954592917
winter wheat,1,45.132392936741496,42.26173661480916
winter wheat,1,45.150988063122774,42.101387336593824
winter wheat,1,45.12053517499112,42.25715520686015
winter wheat,1,45.1218826479173,42.252304304325904
winter wheat,1,45.144789687662346,42.10030935825288
winter wheat,1,45.132123442156264,42.08656513440585
winter wheat,1,45.13966929054287,42.13749961101543
winter wheat,1,45.14344221473617,42.26416206607628
winter wheat,1,45.12888950713343,42.25715520686015
winter wheat,1,45.13939979595763,42.26739600109911
winter wheat,1,45.12673355045155,42.27413336573001
winter wheat,1,45.13320142049721,42.2808707303609
winter wheat,1,45.14398120390664,42.079288780604486
winter wheat,1,45.152874525219424,42.097614412400524
winter wheat,1,45.14074726888381,42.273055387389064
winter wheat,1,45.1361658609348,42.08171423187161
winter wheat,1,45.144789687662346,42.28464365455421
winter wheat,1,45.12161315333206,42.06150213797892
winter wheat,1,45.130236980059614,42.25769419603062
winter wheat,1,45.13158445298579,42.081175242701136
winter wheat,1,45.14532867683282,42.28275719245755
winter wheat,1,45.13347091508244,42.277636795338076
winter wheat,1,45.12781152879249,42.26200610939439
winter wheat,1,45.122152142502536,42.25742470144539
winter wheat,1,45.142903225565696,42.10542975537236
winter wheat,1,45.150718568537535,42.09869239074146
potato,11,45.14586766600329,42.14019455686779
winter wheat,1,45.14128625805428,42.128336795117406
winter wheat,1,45.1437117093214,42.10408228244618
winter wheat,1,45.1399387851281,42.28060123577567
winter wheat,1,45.124038604599185,42.06258011631986
winter wheat,1,45.14748463351471,42.277367300752836
winter wheat,1,45.13939979595763,42.28194870870185
winter wheat,1,45.13751333386098,42.28437415996897
winter wheat,1,45.13535737717909,42.08225322104208
winter wheat,1,45.144789687662346,42.084948166894435
winter wheat,1,45.14020827971334,42.28194870870185
winter wheat,1,45.13697434469051,42.27844527909378
winter wheat,1,45.12349961542871,42.07497686724071
winter wheat,1,45.145059182247586,42.12779780594694
winter wheat,1,45.129967485474374,42.27251639821859
winter wheat,1,45.14586766600329,42.13507415974831
winter wheat,1,45.126194561281075,42.262814593150104
potato,11,45.14802362268518,42.27143841987765
potato,11,45.15125755770801,42.1380386001859
winter wheat,1,45.13347091508244,42.263084087735336
winter wheat,1,45.1391303013724,42.275211344070954
winter wheat,1,45.14856261185565,42.13992506228255
winter wheat,1,45.130236980059614,42.27682831158236
winter wheat,1,45.146676149758996,42.088990585672974
winter wheat,1,45.13481838800862,42.08279221021255
winter wheat,1,45.14559817141806,42.266857011928636
winter wheat,1,45.13508788259386,42.26604852817293
winter wheat,1,45.13131495840055,42.0846786723092
winter wheat,1,45.120265680405886,42.25823318520109
winter wheat,1,45.15125755770801,42.09249401528104
winter wheat,1,45.149101601026125,42.08656513440585
winter wheat,1,45.15233553604895,42.09977036908241
winter wheat,1,45.146945644344235,42.138847083941606
winter wheat,1,45.134548893423386,42.27844527909378
winter wheat,1,45.14856261185565,42.10650773371331
winter wheat,1,45.136435355520035,42.08198372645684
winter wheat,1,45.14640665517376,42.10866369039519
winter wheat,1,45.12161315333206,42.064466578416514
winter wheat,1,45.145059182247586,42.09276350986627
winter wheat,1,45.13805232303145,42.28194870870185
potato,11,45.142633730980464,42.12779780594694
winter wheat,1,45.13050647464485,42.265240044417226
winter wheat,1,45.14398120390664,42.089529574843446
winter wheat,1,45.12835051796296,42.252304304325904
winter wheat,1,45.132662431326736,42.26982145236624
winter wheat,1,45.1361658609348,42.27170791446289
winter wheat,1,45.143172720150936,42.10462127161665
winter wheat,1,45.14721513892947,42.27601982782666
winter wheat,1,45.1218826479173,42.26470105524675
potato,11,45.124308099184425,42.2733248819743
winter wheat,1,45.1399387851281,42.26874347402529
winter wheat,1,45.146945644344235,42.27790628992331
winter wheat,1,45.14748463351471,42.084948166894435
winter wheat,1,45.143172720150936,42.2657790335877
winter wheat,1,45.14640665517376,42.27628932241189
winter wheat,1,45.1286200125482,42.27197740904812
winter wheat,1,45.15206604146372,42.09491946654816
winter wheat,1,45.12242163708777,42.25634672310444
winter wheat,1,45.14155575263952,42.27170791446289
winter wheat,1,45.1437117093214,42.27009094695147
winter wheat,1,45.129967485474374,42.263084087735336
winter wheat,1,45.12538607752536,42.250148347644014
winter wheat,1,45.148832106440885,42.13372668682213
winter wheat,1,45.12673355045155,42.26793499026958
winter wheat,1,45.145059182247586,42.09006856401392
winter wheat,1,45.12915900171867,42.26766549568435
winter wheat,1,45.124308099184425,42.264431560661514
winter wheat,1,45.13131495840055,42.277636795338076
winter wheat,1,45.12296062625824,42.074168383485
winter wheat,1,45.13805232303145,42.279523257434725
winter wheat,1,45.14613716058853,42.12887578428788
winter wheat,1,45.13104546381532,42.08198372645684
winter wheat,1,45.14182524722475,42.13345719223689
winter wheat,1,45.1534135143899,42.09977036908241
winter wheat,1,45.13347091508244,42.2665875173434
winter wheat,1,45.14991008478183,42.27871477367902
winter wheat,1,45.14344221473617,42.10920267956566
winter wheat,1,45.117840229138764,42.07362939431453
winter wheat,1,45.15206604146372,42.105968744542835
winter wheat,1,45.14344221473617,42.105968744542835
winter wheat,1,45.136704850105275,42.08198372645684
winter wheat,1,45.14344221473617,42.132648708481184
winter wheat,1,45.13508788259386,42.273055387389064
winter wheat,1,45.12296062625824,42.26604852817293
winter wheat,1,45.143172720150936,42.09491946654816
winter wheat,1,45.138591312201925,42.28437415996897
winter wheat,1,45.14748463351471,42.2800622466052
winter wheat,1,45.14452019307711,42.093302499036746
winter wheat,1,45.148832106440885,42.09626693947434
winter wheat,1,45.14640665517376,42.13615213808925
winter wheat,1,45.14101676346905,42.091685531525336
winter wheat,1,45.119457196650174,42.064466578416514
winter wheat,1,45.15125755770801,42.13561314891878
winter wheat,1,45.14532867683282,42.10435177703142
winter wheat,1,45.119457196650174,42.06581405134269
winter wheat,1,45.15125755770801,42.10327379869047
winter wheat,1,45.14398120390664,42.10219582034953
winter wheat,1,45.12754203420725,42.281409719531375
winter wheat,1,45.12269113167301,42.269282463195765
winter wheat,1,45.14640665517376,42.136421632674484
winter wheat,1,45.148832106440885,42.27817578450855
winter wheat,1,45.14209474180999,42.269551957781
winter wheat,1,45.13508788259386,42.08252271562731
winter wheat,1,45.132392936741496,42.08575665065015
winter wheat,1,45.13697434469051,42.26982145236624
potato,11,45.15233553604895,42.095458455718635
winter wheat,1,45.142364236395224,42.26874347402529
winter wheat,1,45.14398120390664,42.13210971931071
winter wheat,1,45.1294284963039,42.08629563982061
winter wheat,1,45.13805232303145,42.12618083843552
winter wheat,1,45.12457759376966,42.26389257149104
winter wheat,1,45.150718568537535,42.09653643405958
winter wheat,1,45.12915900171867,42.083061704797785
winter wheat,1,45.13886080678716,42.26820448485482
winter wheat,1,45.1399387851281,42.26739600109911
winter wheat,1,45.132662431326736,42.26631802275817
winter wheat,1,45.132392936741496,42.2733248819743
winter wheat,1,45.1437117093214,42.08360069396826
winter wheat,1,45.1218826479173,42.25580773393397
winter wheat,1,45.126194561281075,42.275750333241426
winter wheat,1,45.14532867683282,42.101926325764296
winter wheat,1,45.126194561281075,42.27817578450855
winter wheat,1,45.12888950713343,42.08791260733203
winter wheat,1,45.142633730980464,42.09384148820722
winter wheat,1,45.14155575263952,42.09033805859915
winter wheat,1,45.144789687662346,42.27413336573001
winter wheat,1,45.12754203420725,42.25122632598496
winter wheat,1,45.1399387851281,42.28706910582133
winter wheat,1,45.14964059019659,42.09599744488911
winter wheat,1,45.150718568537535,42.13372668682213
winter wheat,1,45.120265680405886,42.06500556758698
winter wheat,1,45.13320142049721,42.271168925292415
potato,11,45.14640665517376,42.27251639821859
potato,11,45.14613716058853,42.12618083843552
winter wheat,1,45.14101676346905,42.078480296848774
winter wheat,1,45.14640665517376,42.13561314891878
winter wheat,1,45.15152705229325,42.09464997196293
potato,11,45.14398120390664,42.0884515965025
winter wheat,1,45.136704850105275,42.2800622466052
winter wheat,1,45.132392936741496,42.27009094695147
winter wheat,1,45.14074726888381,42.12914527887312
winter wheat,1,45.12269113167301,42.05880719212656
winter wheat,1,45.1361658609348,42.08360069396826
winter wheat,1,45.14128625805428,42.136421632674484
winter wheat,1,45.14398120390664,42.28248769787232
winter wheat,1,45.119996185820646,42.0733598997293
winter wheat,1,45.14074726888381,42.08656513440585
winter wheat,1,45.13131495840055,42.265240044417226
winter wheat,1,45.148832106440885,42.105968744542835
winter wheat,1,45.14074726888381,42.28060123577567
winter wheat,1,45.14937109561136,42.10542975537236
winter wheat,1,45.13050647464485,42.27413336573001
winter wheat,1,45.13751333386098,42.08737361816156
potato,11,45.148832106440885,42.13507415974831
winter wheat,1,45.12457759376966,42.269282463195765
potato,11,45.13104546381532,42.27197740904812
winter wheat,1,45.13939979595763,42.283296181628025
winter wheat,1,45.14559817141806,42.097614412400524
potato,11,45.14586766600329,42.125911343850284
winter wheat,1,45.14182524722475,42.267126506513875
winter wheat,1,45.145059182247586,42.2665875173434
potato,11,45.14802362268518,42.12941477345835
winter wheat,1,45.15152705229325,42.09114654235486
winter wheat,1,45.140477774298574,42.080905748115896
winter wheat,1,45.128081023377725,42.26092813105345
winter wheat,1,45.13293192591197,42.265240044417226
winter wheat,1,45.144789687662346,42.10219582034953
winter wheat,1,45.14802362268518,42.13992506228255
winter wheat,1,45.12835051796296,42.26847397944005
winter wheat,1,45.131853947571024,42.27628932241189
winter wheat,1,45.14398120390664,42.10435177703142
winter wheat,1,45.152874525219424,42.101387336593824
winter wheat,1,45.145059182247586,42.09195502611057
winter wheat,1,45.13508788259386,42.267126506513875
winter wheat,1,45.142364236395224,42.105968744542835
winter wheat,1,45.117570734553524,42.06473607300175
winter wheat,1,45.12376911001395,42.074437878070235
winter wheat,1,45.13886080678716,42.134535170577834
winter wheat,1,45.13697434469051,42.270899430707175
winter wheat,1,45.14101676346905,42.124024881753634
winter wheat,1,45.14074726888381,42.08791260733203
winter wheat,1,45.134279398838146,42.279523257434725
winter wheat,1,45.12888950713343,42.084948166894435
potato,11,45.14802362268518,42.13480466516307
winter wheat,1,45.13320142049721,42.28114022494614
winter wheat,1,45.14020827971334,42.26874347402529
winter wheat,1,45.13562687176433,42.087104123576324
winter wheat,1,45.13724383927574,42.08333119938302
winter wheat,1,45.15179654687848,42.09384148820722
winter wheat,1,45.12053517499112,42.26227560397963
winter wheat,1,45.131853947571024,42.277367300752836
winter wheat,1,45.14640665517376,42.27440286031524
winter wheat,1,45.12296062625824,42.060154665052735
winter wheat,1,45.134548893423386,42.2657790335877
winter wheat,1,45.131853947571024,42.27898426826425
winter wheat,1,45.14344221473617,42.263353582320576
winter wheat,1,45.12915900171867,42.27817578450855
winter wheat,1,45.14775412809994,42.139116578526846
winter wheat,1,45.138591312201925,42.28653011665086
winter wheat,1,45.12349961542871,42.25769419603062
potato,11,45.12323012084348,42.250417842229254
winter wheat,1,45.14964059019659,42.09303300445151
winter wheat,1,45.14209474180999,42.08225322104208
winter wheat,1,45.14344221473617,42.10084834742335
winter wheat,1,45.14128625805428,42.0779413076783
winter wheat,1,45.14182524722475,42.101117842008584
winter wheat,1,45.14748463351471,42.10462127161665
winter wheat,1,45.14856261185565,42.10300430410524
winter wheat,1,45.14937109561136,42.101656831179056
winter wheat,1,45.12269113167301,42.26874347402529
winter wheat,1,45.14182524722475,42.28653011665086
winter wheat,1,45.14532867683282,42.09653643405958
winter wheat,1,45.12080466957636,42.06904798636552
winter wheat,1,45.12835051796296,42.27440286031524
winter wheat,1,45.13589636634956,42.27359437655954
winter wheat,1,45.13104546381532,42.264431560661514
winter wheat,1,45.142633730980464,42.10650773371331
winter wheat,1,45.138591312201925,42.28302668704279
winter wheat,1,45.13886080678716,42.134265675992594
winter wheat,1,45.120265680405886,42.25392127183732
winter wheat,1,45.12700304503678,42.25796369061585
winter wheat,1,45.130236980059614,42.27062993612194
winter wheat,1,45.14559817141806,42.27817578450855
winter wheat,1,45.146676149758996,42.08629563982061
winter wheat,1,45.13158445298579,42.275211344070954
winter wheat,1,45.119996185820646,42.06096314880845
winter wheat,1,45.14775412809994,42.281679214116615
winter wheat,1,45.14991008478183,42.27979275201996
winter wheat,1,45.12296062625824,42.26227560397963
winter wheat,1,45.14344221473617,42.08926008025821
winter wheat,1,45.12242163708777,42.265240044417226
winter wheat,1,45.142903225565696,42.264970549831986
winter wheat,1,45.14398120390664,42.12510286009458
winter wheat,1,45.14532867683282,42.08198372645684
winter wheat,1,45.12053517499112,42.26038914188298
potato,11,45.13158445298579,42.080366758945424
winter wheat,1,45.136704850105275,42.28653011665086
winter wheat,1,45.1399387851281,42.269282463195765
potato,11,45.14155575263952,42.13534365433354
winter wheat,1,45.14209474180999,42.12725881677647
winter wheat,1,45.12457759376966,42.25446026100779
winter wheat,1,45.1286200125482,42.252304304325904
winter wheat,1,45.122152142502536,42.06069365422321
winter wheat,1,45.122152142502536,42.2657790335877
winter wheat,1,45.12781152879249,42.08656513440585
winter wheat,1,45.13293192591197,42.25985015271251
winter wheat,1,45.142364236395224,42.128606289702645
winter wheat,1,45.14613716058853,42.08252271562731
winter wheat,1,45.12969799088914,42.25446026100779
potato,11,45.13751333386098,42.26739600109911
winter wheat,1,45.14829311727041,42.138847083941606
winter wheat,1,45.131853947571024,42.081175242701136
winter wheat,1,45.11864871289447,42.2552687447635
potato,11,45.14209474180999,42.10354329327571
winter wheat,1,45.13131495840055,42.25796369061585
winter wheat,1,45.119726691235414,42.07497686724071
winter wheat,1,45.142633730980464,42.107585712054245
winter wheat,1,45.1256555721106,42.26389257149104
potato,11,45.130775969230086,42.27224690363336
winter wheat,1,45.13481838800862,42.27197740904812
winter wheat,1,45.12673355045155,42.27143841987765
winter wheat,1,45.12835051796296,42.08737361816156
winter wheat,1,45.13104546381532,42.26982145236624
winter wheat,1,45.131853947571024,42.28060123577567
winter wheat,1,45.14721513892947,42.13345719223689
winter wheat,1,45.12296062625824,42.267126506513875
winter wheat,1,45.13104546381532,42.2665875173434
winter wheat,1,45.140477774298574,42.269551957781
winter wheat,1,45.14128625805428,42.08926008025821
winter wheat,1,45.11891820747971,42.07201242680311
winter wheat,1,45.12754203420725,42.26820448485482
winter wheat,1,45.14020827971334,42.12995376262882
winter wheat,1,45.143172720150936,42.087104123576324
winter wheat,1,45.13697434469051,42.27817578450855
winter wheat,1,45.14101676346905,42.28437415996897
winter wheat,1,45.14586766600329,42.27601982782666
winter wheat,1,45.1437117093214,42.09195502611057
winter wheat,1,45.14452019307711,42.13615213808925
winter wheat,1,45.146676149758996,42.13938607311208
winter wheat,1,45.14074726888381,42.08333119938302
winter wheat,1,45.15152705229325,42.09303300445151
potato,11,45.14128625805428,42.13561314891878
winter wheat,1,45.14640665517376,42.09303300445151
winter wheat,1,45.144789687662346,42.27062993612194
winter wheat,1,45.138321817616685,42.131301235555
winter wheat,1,45.14344221473617,42.10003986366765
winter wheat,1,45.14802362268518,42.27467235490048
winter wheat,1,45.11918770206494,42.0733598997293
winter wheat,1,45.1218826479173,42.07632434016689
winter wheat,1,45.13562687176433,42.27062993612194
winter wheat,1,45.12915900171867,42.271168925292415
winter wheat,1,45.130775969230086,42.0846786723092
potato,11,45.140477774298574,42.13480466516307
winter wheat,1,45.12323012084348,42.25392127183732
winter wheat,1,45.13697434469051,42.28706910582133
winter wheat,1,45.12754203420725,42.274941849485714
winter wheat,1,45.1294284963039,42.27278589280383
winter wheat,1,45.142364236395224,42.12725881677647
winter wheat,1,45.14991008478183,42.099231379911934
winter wheat,1,45.14128625805428,42.08198372645684
winter wheat,1,45.142903225565696,42.10731621746901
winter wheat,1,45.15152705229325,42.097344917815285
winter wheat,1,45.12457759376966,42.263084087735336
winter wheat,1,45.1286200125482,42.250956831399726
winter wheat,1,45.13778282844621,42.269551957781
winter wheat,1,45.14532867683282,42.08548715606491
winter wheat,1,45.1248470883549,42.267126506513875
winter wheat,1,45.14128625805428,42.08602614523538
potato,11,45.14398120390664,42.27413336573001
winter wheat,1,45.118109723724,42.067970008024574
winter wheat,1,45.12269113167301,42.2590416689568
winter wheat,1,45.119726691235414,42.07389888889977
winter wheat,1,45.13481838800862,42.08656513440585
winter wheat,1,45.134279398838146,42.0876431127468
winter wheat,1,45.13966929054287,42.28221820328708
winter wheat,1,45.148832106440885,42.13965556769732
winter wheat,1,45.15179654687848,42.091685531525336
winter wheat,1,45.13939979595763,42.266857011928636
winter wheat,1,45.146945644344235,42.0846786723092
winter wheat,1,45.142633730980464,42.27197740904812
winter wheat,1,45.146676149758996,42.269551957781
winter wheat,1,45.13508788259386,42.28033174119043
potato,11,45.130775969230086,42.2838351707985
winter wheat,1,45.14452019307711,42.10084834742335
winter wheat,1,45.14802362268518,42.099500874497174
winter wheat,1,45.12754203420725,42.27278589280383
winter wheat,1,45.122152142502536,42.252304304325904
winter wheat,1,45.14856261185565,42.10839419580996
winter wheat,1,45.149101601026125,42.2808707303609
winter wheat,1,45.13886080678716,42.28653011665086
winter wheat,1,45.146945644344235,42.103812787860946
winter wheat,1,45.138591312201925,42.08440917772396
winter wheat,1,45.14398120390664,42.2838351707985
winter wheat,1,45.132123442156264,42.26847397944005
winter wheat,1,45.13778282844621,42.08791260733203
winter wheat,1,45.12134365874683,42.25742470144539
winter wheat,1,45.14856261185565,42.27817578450855
winter wheat,1,45.12700304503678,42.27440286031524
winter wheat,1,45.14640665517376,42.271168925292415
winter wheat,1,45.148832106440885,42.0922245206958
winter wheat,1,45.138591312201925,42.27278589280383
winter wheat,1,45.129967485474374,42.27817578450855
winter wheat,1,45.14748463351471,42.085217661479675
winter wheat,1,45.148832106440885,42.28033174119043
winter wheat,1,45.14937109561136,42.09060755318439
winter wheat,1,45.1294284963039,42.26416206607628
winter wheat,1,45.13751333386098,42.277636795338076
winter wheat,1,45.13320142049721,42.2770978061676
potato,11,45.14209474180999,42.13480466516307
winter wheat,1,45.12323012084348,42.05934618129703
potato,11,45.142903225565696,42.10354329327571
winter wheat,1,45.124308099184425,42.250956831399726
winter wheat,1,45.12915900171867,42.250417842229254
winter wheat,1,45.13104546381532,42.08413968313873
winter wheat,1,45.14155575263952,42.270899430707175
winter wheat,1,45.143172720150936,42.093571993621985
winter wheat,1,45.130775969230086,42.26119762563869
winter wheat,1,45.1504490739523,42.10623823912807
winter wheat,1,45.13158445298579,42.08387018855349
winter wheat,1,45.13778282844621,42.283565676213264
winter wheat,1,45.146945644344235,42.275480838656186
winter wheat,1,45.11864871289447,42.06473607300175
winter wheat,1,45.13751333386098,42.27979275201996
winter wheat,1,45.12134365874683,42.25580773393397
winter wheat,1,45.13158445298579,42.27979275201996
potato,11,45.144789687662346,42.095458455718635
winter wheat,1,45.145059182247586,42.26793499026958
winter wheat,1,45.14532867683282,42.13669112725972
winter wheat,1,45.128081023377725,42.26550953900246
winter wheat,1,45.130775969230086,42.08737361816156
winter wheat,1,45.1248470883549,42.262545098564864
winter wheat,1,45.12349961542871,42.06392758924604
winter wheat,1,45.128081023377725,42.27224690363336
winter wheat,1,45.131853947571024,42.28248769787232
winter wheat,1,45.13320142049721,42.2800622466052
winter wheat,1,45.14802362268518,42.10920267956566
winter wheat,1,45.13535737717909,42.2703604415367
winter wheat,1,45.13589636634956,42.277367300752836
winter wheat,1,45.143172720150936,42.10704672288378
winter wheat,1,45.12349961542871,42.074437878070235
winter wheat,1,45.138591312201925,42.28033174119043
winter wheat,1,45.146945644344235,42.09626693947434
potato,11,45.14344221473617,42.131301235555
winter wheat,1,45.140477774298574,42.079019286019246
winter wheat,1,45.1437117093214,42.09491946654816
winter wheat,1,45.148832106440885,42.277367300752836
winter wheat,1,45.13320142049721,42.26227560397963
winter wheat,1,45.1294284963039,42.267126506513875
winter wheat,1,45.1399387851281,42.28221820328708
winter wheat,1,45.128081023377725,42.26631802275817
winter wheat,1,45.138321817616685,42.27979275201996
winter wheat,1,45.14344221473617,42.10246531493477
winter wheat,1,45.145059182247586,42.09653643405958
winter wheat,1,45.12835051796296,42.250148347644014
winter wheat,1,45.14721513892947,42.10704672288378
potato,11,45.152605030634184,42.09572795030387
winter wheat,1,45.13400990425291,42.26470105524675
winter wheat,1,45.115953767042114,42.068508997195046
winter wheat,1,45.14182524722475,42.27009094695147
winter wheat,1,45.14586766600329,42.081175242701136
winter wheat,1,45.14128625805428,42.26793499026958
winter wheat,1,45.12969799088914,42.08360069396826
winter wheat,1,45.1399387851281,42.27386387114477
winter wheat,1,45.12242163708777,42.07174293221788
winter wheat,1,45.13374040966768,42.08171423187161
winter wheat,1,45.12323012084348,42.269551957781
winter wheat,1,45.14020827971334,42.2733248819743
winter wheat,1,45.14856261185565,42.27871477367902
winter wheat,1,45.12269113167301,42.06581405134269
winter wheat,1,45.14074726888381,42.093302499036746
winter wheat,1,45.12323012084348,42.26793499026958
winter wheat,1,45.12781152879249,42.263084087735336
winter wheat,1,45.1256555721106,42.25365177725208
winter wheat,1,45.14398120390664,42.09249401528104
winter wheat,1,45.12376911001395,42.060154665052735
winter wheat,1,45.145059182247586,42.28194870870185
winter wheat,1,45.143172720150936,42.09060755318439
winter wheat,1,45.13939979595763,42.080905748115896
winter wheat,1,45.142903225565696,42.27979275201996
winter wheat,1,45.12134365874683,42.0733598997293
winter wheat,1,45.12781152879249,42.263353582320576
winter wheat,1,45.146676149758996,42.08387018855349
winter wheat,1,45.144250698491874,42.085217661479675
winter wheat,1,45.12349961542871,42.252573798911136
potato,11,45.14991008478183,42.1380386001859
winter wheat,1,45.152605030634184,42.09626693947434
winter wheat,1,45.144789687662346,42.08575665065015
winter wheat,1,45.12915900171867,42.26416206607628
winter wheat,1,45.1361658609348,42.2808707303609
winter wheat,1,45.1399387851281,42.27278589280383
winter wheat,1,45.13131495840055,42.26362307690581
winter wheat,1,45.1399387851281,42.088990585672974
winter wheat,1,45.146676149758996,42.13184022472547
winter wheat,1,45.12349961542871,42.06258011631986
winter wheat,1,45.130236980059614,42.279253762849486
winter wheat,1,45.12538607752536,42.252304304325904
winter wheat,1,45.11837921830924,42.254729755593026
winter wheat,1,45.142364236395224,42.079019286019246
winter wheat,1,45.13400990425291,42.26820448485482
winter wheat,1,45.150718568537535,42.09411098279246
winter wheat,1,45.142633730980464,42.07632434016689
winter wheat,1,45.119996185820646,42.07174293221788
winter wheat,1,45.117570734553524,42.06743101885411
winter wheat,1,45.12835051796296,42.28033174119043
winter wheat,1,45.136435355520035,42.28302668704279
winter wheat,1,45.13589636634956,42.27170791446289
winter wheat,1,45.145059182247586,42.27628932241189
winter wheat,1,45.14398120390664,42.27467235490048
winter wheat,1,45.14991008478183,42.2770978061676
winter wheat,1,45.12835051796296,42.25392127183732
potato,11,45.14344221473617,42.13372668682213
winter wheat,1,45.126194561281075,42.27790628992331
winter wheat,1,45.13050647464485,42.2552687447635
winter wheat,1,45.15314401980466,42.10516026078712
winter wheat,1,45.14532867683282,42.10542975537236
winter wheat,1,45.12727253962202,42.26470105524675
winter wheat,1,45.1286200125482,42.27628932241189
winter wheat,1,45.12888950713343,42.2703604415367
winter wheat,1,45.1399387851281,42.2657790335877
winter wheat,1,45.14559817141806,42.10839419580996
winter wheat,1,45.1504490739523,42.107855206639485
winter wheat,1,45.119726691235414,42.06931748095076
winter wheat,1,45.12457759376966,42.25122632598496
winter wheat,1,45.12053517499112,42.05961567588226
winter wheat,1,45.142364236395224,42.12564184926505
winter wheat,1,45.142364236395224,42.27440286031524
winter wheat,1,45.14802362268518,42.27844527909378
winter wheat,1,45.14074726888381,42.28033174119043
winter wheat,1,45.134548893423386,42.08413968313873
winter wheat,1,45.13589636634956,42.275211344070954
winter wheat,1,45.129967485474374,42.2657790335877
winter wheat,1,45.130236980059614,42.08791260733203
winter wheat,1,45.14559817141806,42.09653643405958
winter wheat,1,45.13320142049721,42.08333119938302
winter wheat,1,45.134548893423386,42.081175242701136
winter wheat,1,45.132392936741496,42.083061704797785
winter wheat,1,45.14209474180999,42.12348589258316
winter wheat,1,45.11649275621258,42.066622535098396
winter wheat,1,45.13589636634956,42.081175242701136
winter wheat,1,45.144250698491874,42.279523257434725
winter wheat,1,45.14640665517376,42.12941477345835
winter wheat,1,45.15152705229325,42.09599744488911
winter wheat,1,45.14182524722475,42.10408228244618
winter wheat,1,45.13562687176433,42.08063625353066
winter wheat,1,45.13724383927574,42.08144473728637
winter wheat,1,45.124308099184425,42.25715520686015
winter wheat,1,45.146676149758996,42.138847083941606
winter wheat,1,45.14802362268518,42.08979906942868
winter wheat,1,45.122152142502536,42.25338228266685
potato,11,45.14991008478183,42.13399618140736
winter wheat,1,45.14155575263952,42.07632434016689
winter wheat,1,45.12269113167301,42.2560772285192
winter wheat,1,45.13400990425291,42.26362307690581
winter wheat,1,45.124038604599185,42.258502679786325
winter wheat,1,45.14182524722475,42.2770978061676
winter wheat,1,45.129967485474374,42.080905748115896
winter wheat,1,45.120265680405886,42.26038914188298
winter wheat,1,45.13589636634956,42.08063625353066
winter wheat,1,45.13320142049721,42.270899430707175
winter wheat,1,45.15179654687848,42.139116578526846
winter wheat,1,45.15233553604895,42.097344917815285
winter wheat,1,45.143172720150936,42.10057885283812
winter wheat,1,45.150988063122774,42.097344917815285
winter wheat,1,45.12700304503678,42.2703604415367
winter wheat,1,45.14829311727041,42.09869239074146
winter wheat,1,45.142364236395224,42.10435177703142
winter wheat,1,45.1256555721106,42.264970549831986
winter wheat,1,45.13697434469051,42.27628932241189
winter wheat,1,45.1504490739523,42.10219582034953
winter wheat,1,45.132662431326736,42.267126506513875
winter wheat,1,45.13374040966768,42.277367300752836
winter wheat,1,45.134548893423386,42.279253762849486
winter wheat,1,45.13481838800862,42.277636795338076
winter wheat,1,45.13886080678716,42.279253762849486
winter wheat,1,45.12107416416159,42.07524636182595
winter wheat,1,45.144250698491874,42.08737361816156
winter wheat,1,45.130775969230086,42.25499925017826
potato,11,45.14829311727041,42.095458455718635
winter wheat,1,45.12376911001395,42.26847397944005
winter wheat,1,45.146676149758996,42.0876431127468
winter wheat,1,45.1286200125482,42.27979275201996
potato,11,45.13347091508244,42.080366758945424
winter wheat,1,45.14209474180999,42.10677722829854
winter wheat,1,45.122152142502536,42.25365177725208
winter wheat,1,45.148832106440885,42.09788390698576
winter wheat,1,45.136704850105275,42.26847397944005
winter wheat,1,45.12754203420725,42.26793499026958
winter wheat,1,45.12915900171867,42.27440286031524
winter wheat,1,45.12242163708777,42.25338228266685
potato,11,45.134548893423386,42.26982145236624
winter wheat,1,45.14748463351471,42.136960621844956
winter wheat,1,45.13939979595763,42.2770978061676
winter wheat,1,45.13131495840055,42.083061704797785
winter wheat,1,45.12296062625824,42.07362939431453
winter wheat,1,45.12646405586631,42.250417842229254
winter wheat,1,45.142633730980464,42.12618083843552
winter wheat,1,45.1504490739523,42.10489076620189
winter wheat,1,45.12323012084348,42.26739600109911
winter wheat,1,45.13589636634956,42.27898426826425
winter wheat,1,45.138591312201925,42.27467235490048
winter wheat,1,45.132123442156264,42.26389257149104
winter wheat,1,45.13481838800862,42.28221820328708
winter wheat,1,45.12349961542871,42.064197083831274
winter wheat,1,45.13104546381532,42.08360069396826
winter wheat,1,45.14155575263952,42.124833365509346
winter wheat,1,45.12349961542871,42.07309040514406
winter wheat,1,45.142364236395224,42.10246531493477
winter wheat,1,45.124308099184425,42.0628496109051
winter wheat,1,45.122152142502536,42.263353582320576
winter wheat,1,45.142903225565696,42.26470105524675
winter wheat,1,45.130775969230086,42.08629563982061
winter wheat,1,45.13939979595763,42.086834628991085
winter wheat,1,45.144250698491874,42.105699249957595
winter wheat,1,45.12673355045155,42.27440286031524
winter wheat,1,45.146945644344235,42.13830809477113
winter wheat,1,45.125925066695835,42.266857011928636
winter wheat,1,45.1294284963039,42.25419076642255
winter wheat,1,45.144789687662346,42.13776910560066
potato,11,45.13886080678716,42.12537235467981
winter wheat,1,45.140477774298574,42.087104123576324
winter wheat,1,45.14586766600329,42.28060123577567
winter wheat,1,45.1218826479173,42.072551415973585
winter wheat,1,45.15233553604895,42.09842289615623
winter wheat,1,45.14074726888381,42.270899430707175
winter wheat,1,45.13562687176433,42.27871477367902
winter wheat,1,45.13158445298579,42.2665875173434
winter wheat,1,45.14074726888381,42.27170791446289
winter wheat,1,45.14020827971334,42.0876431127468
winter wheat,1,45.14586766600329,42.1380386001859
winter wheat,1,45.13131495840055,42.08279221021255
winter wheat,1,45.15206604146372,42.136960621844956
potato,11,45.1391303013724,42.124563870924106
winter wheat,1,45.13050647464485,42.256616217689675
winter wheat,1,45.14074726888381,42.27062993612194
winter wheat,1,45.13939979595763,42.285182643724674
winter wheat,1,45.14398120390664,42.08791260733203
winter wheat,1,45.142364236395224,42.283565676213264
winter wheat,1,45.14586766600329,42.09438047737769
winter wheat,1,45.13778282844621,42.13507415974831
winter wheat,1,45.14209474180999,42.10246531493477
potato,11,45.13805232303145,42.12941477345835
winter wheat,1,45.11649275621258,42.068778491780286
winter wheat,1,45.131853947571024,42.087104123576324
winter wheat,1,45.12538607752536,42.26631802275817
winter wheat,1,45.14155575263952,42.090877047769624
winter wheat,1,45.1534135143899,42.10354329327571
winter wheat,1,45.14586766600329,42.26847397944005
winter wheat,1,45.13400990425291,42.27386387114477
winter wheat,1,45.14613716058853,42.13588264350401
winter wheat,1,45.138321817616685,42.08737361816156
winter wheat,1,45.142903225565696,42.08656513440585
winter wheat,1,45.14586766600329,42.28275719245755
winter wheat,1,45.12457759376966,42.25715520686015
potato,11,45.14344221473617,42.095458455718635
winter wheat,1,45.12161315333206,42.066622535098396
winter wheat,1,45.13481838800862,42.26631802275817
winter wheat,1,45.14559817141806,42.097344917815285
winter wheat,1,45.15179654687848,42.09842289615623
winter wheat,1,45.131853947571024,42.2733248819743
winter wheat,1,45.13374040966768,42.27440286031524
winter wheat,1,45.14802362268518,42.093302499036746
winter wheat,1,45.14856261185565,42.09707542323005
winter wheat,1,45.14856261185565,42.0922245206958
winter wheat,1,45.1361658609348,42.087104123576324
winter wheat,1,45.14074726888381,42.08413968313873
winter wheat,1,45.12376911001395,42.252573798911136
winter wheat,1,45.12969799088914,42.26847397944005
winter wheat,1,45.14398120390664,42.08926008025821
winter wheat,1,45.150988063122774,42.09438047737769
winter wheat,1,45.1248470883549,42.256616217689675
winter wheat,1,45.14398120390664,42.26631802275817
winter wheat,1,45.14344221473617,42.27251639821859
winter wheat,1,45.129967485474374,42.27790628992331
winter wheat,1,45.11918770206494,42.068508997195046
winter wheat,1,45.13374040966768,42.2770978061676
winter wheat,1,45.14155575263952,42.26739600109911
winter wheat,1,45.149101601026125,42.281409719531375
winter wheat,1,45.142903225565696,42.27871477367902
winter wheat,1,45.12296062625824,42.26631802275817
winter wheat,1,45.1437117093214,42.081175242701136
winter wheat,1,45.146945644344235,42.281679214116615
winter wheat,1,45.146676149758996,42.08872109108774
winter wheat,1,45.14532867683282,42.105968744542835
winter wheat,1,45.145059182247586,42.0846786723092
winter wheat,1,45.142903225565696,42.26820448485482
winter wheat,1,45.143172720150936,42.124563870924106
winter wheat,1,45.126194561281075,42.270899430707175
winter wheat,1,45.143172720150936,42.09572795030387
winter wheat,1,45.146945644344235,42.27278589280383
winter wheat,1,45.120265680405886,42.072551415973585
winter wheat,1,45.149101601026125,42.08926008025821
winter wheat,1,45.14101676346905,42.27224690363336
potato,11,45.14748463351471,42.271168925292415
winter wheat,1,45.150718568537535,42.27979275201996
winter wheat,1,45.13697434469051,42.277636795338076
winter wheat,1,45.12646405586631,42.264970549831986
winter wheat,1,45.12781152879249,42.256885712274915
winter wheat,1,45.152874525219424,42.10866369039519
winter wheat,1,45.13751333386098,42.084948166894435
winter wheat,1,45.14640665517376,42.12779780594694
winter wheat,1,45.12134365874683,42.25419076642255
winter wheat,1,45.13374040966768,42.262545098564864
winter wheat,1,45.1437117093214,42.26874347402529
winter wheat,1,45.14559817141806,42.093302499036746
winter wheat,1,45.14856261185565,42.09977036908241
winter wheat,1,45.13104546381532,42.269282463195765
winter wheat,1,45.129967485474374,42.25499925017826
winter wheat,1,45.11837921830924,42.070664953876935
winter wheat,1,45.12673355045155,42.26038914188298
winter wheat,1,45.146945644344235,42.10893318498043
winter wheat,1,45.12538607752536,42.260658636468214
winter wheat,1,45.12376911001395,42.26362307690581
winter wheat,1,45.14613716058853,42.26874347402529
winter wheat,1,45.13374040966768,42.262814593150104
winter wheat,1,45.12134365874683,42.25796369061585
winter wheat,1,45.14344221473617,42.13318769765166
winter wheat,1,45.145059182247586,42.13534365433354
winter wheat,1,45.14532867683282,42.09411098279246
winter wheat,1,45.13966929054287,42.12618083843552
winter wheat,1,45.1437117093214,42.27979275201996
winter wheat,1,45.11891820747971,42.0628496109051
winter wheat,1,45.14209474180999,42.09464997196293
winter wheat,1,45.14398120390664,42.273055387389064
winter wheat,1,45.14802362268518,42.09438047737769
winter wheat,1,45.12700304503678,42.24880087471784
winter wheat,1,45.132392936741496,42.270899430707175
winter wheat,1,45.13104546381532,42.277367300752836
winter wheat,1,45.14020827971334,42.28626062206562
winter wheat,1,45.14209474180999,42.09815340157099
winter wheat,1,45.14829311727041,42.13210971931071
potato,11,45.12134365874683,42.25176531515543
winter wheat,1,45.142633730980464,42.27359437655954
winter wheat,1,45.1218826479173,42.058537697541325
winter wheat,1,45.14074726888381,42.12887578428788
winter wheat,1,45.142364236395224,42.277367300752836
winter wheat,1,45.128081023377725,42.28114022494614
winter wheat,1,45.14101676346905,42.27682831158236
winter wheat,1,45.144250698491874,42.27790628992331
winter wheat,1,45.14829311727041,42.27817578450855
winter wheat,1,45.14856261185565,42.093302499036746
winter wheat,1,45.14559817141806,42.13830809477113
winter wheat,1,45.14209474180999,42.10327379869047
winter wheat,1,45.12646405586631,42.27062993612194
winter wheat,1,45.129967485474374,42.25742470144539
winter wheat,1,45.14209474180999,42.07767181309307
winter wheat,1,45.143172720150936,42.28572163289515
winter wheat,1,45.1294284963039,42.26847397944005
winter wheat,1,45.142364236395224,42.083061704797785
winter wheat,1,45.1256555721106,42.26038914188298
winter wheat,1,45.144789687662346,42.1380386001859
winter wheat,1,45.12107416416159,42.264431560661514
winter wheat,1,45.11730123996829,42.07147343763264
winter wheat,1,45.13481838800862,42.283296181628025
winter wheat,1,45.14020827971334,42.285991127480386
winter wheat,1,45.142633730980464,42.26766549568435
potato,11,45.14964059019659,42.13723011643019
winter wheat,1,45.14209474180999,42.265240044417226
winter wheat,1,45.12296062625824,42.254729755593026
winter wheat,1,45.125925066695835,42.27170791446289
winter wheat,1,45.1218826479173,42.06123264339368
winter wheat,1,45.14344221473617,42.08737361816156
winter wheat,1,45.138591312201925,42.28895556791798
winter wheat,1,45.1294284963039,42.271168925292415
winter wheat,1,45.13320142049721,42.269012968610525
winter wheat,1,45.119726691235414,42.25338228266685
winter wheat,1,45.13050647464485,42.08360069396826
winter wheat,1,45.142364236395224,42.08225322104208
winter wheat,1,45.13400990425291,42.28248769787232
winter wheat,1,45.138591312201925,42.130762246384535
winter wheat,1,45.12457759376966,42.26470105524675
winter wheat,1,45.1399387851281,42.08979906942868
winter wheat,1,45.146676149758996,42.275211344070954
winter wheat,1,45.12349961542871,42.26146712022392
winter wheat,1,45.14532867683282,42.10866369039519
potato,11,45.143172720150936,42.126719827605996
winter wheat,1,45.14721513892947,42.27386387114477
winter wheat,1,45.12242163708777,42.058268202956086
winter wheat,1,45.119996185820646,42.25715520686015
winter wheat,1,45.144250698491874,42.09869239074146
winter wheat,1,45.13347091508244,42.081175242701136
winter wheat,1,45.14398120390664,42.078480296848774
winter wheat,1,45.13805232303145,42.12698932219123
winter wheat,1,45.125925066695835,42.2560772285192
winter wheat,1,45.14074726888381,42.281409719531375
winter wheat,1,45.14182524722475,42.08333119938302
winter wheat,1,45.11837921830924,42.06823950260981
winter wheat,1,45.126194561281075,42.26416206607628
winter wheat,1,45.15152705229325,42.10920267956566
winter wheat,1,45.144789687662346,42.09977036908241
winter wheat,1,45.144789687662346,42.1275283113617
winter wheat,1,45.14856261185565,42.132648708481184
potato,11,45.142633730980464,42.13157073014024
potato,11,45.1391303013724,42.12537235467981
winter wheat,1,45.14209474180999,42.13669112725972
winter wheat,1,45.14182524722475,42.269282463195765
winter wheat,1,45.149101601026125,42.09033805859915
winter wheat,1,45.13400990425291,42.087104123576324
winter wheat,1,45.14937109561136,42.09384148820722
winter wheat,1,45.15125755770801,42.138847083941606
winter wheat,1,45.14074726888381,42.13615213808925
winter wheat,1,45.142903225565696,42.27628932241189
winter wheat,1,45.13724383927574,42.08656513440585
winter wheat,1,45.142364236395224,42.28248769787232
winter wheat,1,45.12376911001395,42.258772174371565
winter wheat,1,45.14101676346905,42.09006856401392
winter wheat,1,45.150988063122774,42.13749961101543
winter wheat,1,45.142903225565696,42.08252271562731
winter wheat,1,45.1286200125482,42.25311278808161
winter wheat,1,45.132662431326736,42.26362307690581
winter wheat,1,45.1437117093214,42.07982776977496
winter wheat,1,45.13508788259386,42.27655881699713
winter wheat,1,45.1256555721106,42.25176531515543
potato,11,45.14613716058853,42.09572795030387
winter wheat,1,45.15206604146372,42.10273480952
winter wheat,1,45.12134365874683,42.06770051343934
winter wheat,1,45.12835051796296,42.08171423187161
winter wheat,1,45.129967485474374,42.28437415996897
winter wheat,1,45.136704850105275,42.2808707303609
potato,11,45.142903225565696,42.27440286031524
winter wheat,1,45.14802362268518,42.0846786723092
winter wheat,1,45.148832106440885,42.279523257434725
winter wheat,1,45.14452019307711,42.27197740904812
potato,11,45.1504490739523,42.27790628992331
winter wheat,1,45.14802362268518,42.09707542323005
winter wheat,1,45.13778282844621,42.0876431127468
winter wheat,1,45.14182524722475,42.277367300752836
winter wheat,1,45.14640665517376,42.27790628992331
winter wheat,1,45.12376911001395,42.262814593150104
winter wheat,1,45.13966929054287,42.27062993612194
winter wheat,1,45.14640665517376,42.08926008025821
winter wheat,1,45.13751333386098,42.081175242701136
winter wheat,1,45.14128625805428,42.12321639799793
winter wheat,1,45.15017957936706,42.105699249957595
winter wheat,1,45.128081023377725,42.281679214116615
winter wheat,1,45.142633730980464,42.27440286031524
winter wheat,1,45.12781152879249,42.25823318520109
winter wheat,1,45.13886080678716,42.28221820328708
winter wheat,1,45.150988063122774,42.0989618853267
winter wheat,1,45.11918770206494,42.06500556758698
winter wheat,1,45.148832106440885,42.28114022494614
winter wheat,1,45.126194561281075,42.263353582320576
winter wheat,1,45.14559817141806,42.10650773371331
winter wheat,1,45.13293192591197,42.2657790335877
winter wheat,1,45.12646405586631,42.27790628992331
winter wheat,1,45.146676149758996,42.10057885283812
winter wheat,1,45.12538607752536,42.25499925017826
winter wheat,1,45.14586766600329,42.08440917772396
winter wheat,1,45.12376911001395,42.250417842229254
winter wheat,1,45.119457196650174,42.0636580946608
winter wheat,1,45.13158445298579,42.27871477367902
winter wheat,1,45.14101676346905,42.27655881699713
winter wheat,1,45.14398120390664,42.101926325764296
winter wheat,1,45.14532867683282,42.09815340157099
winter wheat,1,45.11918770206494,42.25580773393397
winter wheat,1,45.14856261185565,42.10489076620189
winter wheat,1,45.14344221473617,42.09033805859915
winter wheat,1,45.12727253962202,42.263084087735336
winter wheat,1,45.12080466957636,42.06473607300175
winter wheat,1,45.12457759376966,42.27359437655954
winter wheat,1,45.12376911001395,42.26092813105345
winter wheat,1,45.14074726888381,42.087104123576324
winter wheat,1,45.14856261185565,42.10866369039519
winter wheat,1,45.14991008478183,42.101387336593824
winter wheat,1,45.14101676346905,42.2657790335877
winter wheat,1,45.13050647464485,42.086834628991085
winter wheat,1,45.13886080678716,42.26766549568435
potato,11,45.13562687176433,42.28060123577567
winter wheat,1,45.1151452832864,42.06904798636552
winter wheat,1,45.14182524722475,42.078480296848774
winter wheat,1,45.12161315333206,42.07605484558165
potato,11,45.15017957936706,42.27790628992331
potato,11,45.1504490739523,42.09572795030387
winter wheat,1,45.143172720150936,42.277636795338076
winter wheat,1,45.14802362268518,42.13103174096977
winter wheat,1,45.130236980059614,42.275750333241426
winter wheat,1,45.14074726888381,42.09006856401392
winter wheat,1,45.14452019307711,42.101117842008584
winter wheat,1,45.14074726888381,42.08387018855349
winter wheat,1,45.12646405586631,42.26766549568435
winter wheat,1,45.14586766600329,42.10273480952
winter wheat,1,45.15017957936706,42.13669112725972
winter wheat,1,45.12053517499112,42.062041127149385
winter wheat,1,45.130775969230086,42.267126506513875
winter wheat,1,45.1437117093214,42.124563870924106
winter wheat,1,45.119726691235414,42.254729755593026
winter wheat,1,45.14101676346905,42.28302668704279
winter wheat,1,45.14452019307711,42.124563870924106
winter wheat,1,45.13939979595763,42.27386387114477
winter wheat,1,45.14586766600329,42.2657790335877
winter wheat,1,45.14020827971334,42.27979275201996
potato,11,45.131853947571024,42.27170791446289
winter wheat,1,45.144250698491874,42.28410466538374
winter wheat,1,45.12053517499112,42.252843293496376
potato,11,45.14640665517376,42.080905748115896
winter wheat,1,45.12161315333206,42.0733598997293
winter wheat,1,45.12269113167301,42.26146712022392
winter wheat,1,45.124308099184425,42.26227560397963
winter wheat,1,45.12457759376966,42.27170791446289
winter wheat,1,45.13158445298579,42.085217661479675
winter wheat,1,45.13751333386098,42.28248769787232
winter wheat,1,45.138591312201925,42.27251639821859
winter wheat,1,45.13886080678716,42.28814708416227
winter wheat,1,45.146945644344235,42.087104123576324
winter wheat,1,45.118109723724,42.06716152426887
winter wheat,1,45.14586766600329,42.101117842008584
winter wheat,1,45.14775412809994,42.08872109108774
winter wheat,1,45.14937109561136,42.0922245206958
winter wheat,1,45.150718568537535,42.10920267956566
winter wheat,1,45.130775969230086,42.269551957781
winter wheat,1,45.14101676346905,42.28033174119043
winter wheat,1,45.120265680405886,42.072820910558825
winter wheat,1,45.142903225565696,42.10650773371331
winter wheat,1,45.12969799088914,42.28194870870185
winter wheat,1,45.14613716058853,42.27871477367902
winter wheat,1,45.11541477787164,42.06931748095076
winter wheat,1,45.14748463351471,42.107585712054245
winter wheat,1,45.14020827971334,42.277636795338076
winter wheat,1,45.14344221473617,42.089529574843446
winter wheat,1,45.129967485474374,42.0846786723092
winter wheat,1,45.12646405586631,42.269282463195765
winter wheat,1,45.14640665517376,42.083061704797785
winter wheat,1,45.11541477787164,42.06527506217222
winter wheat,1,45.12700304503678,42.27682831158236
winter wheat,1,45.14991008478183,42.132379213895945
winter wheat,1,45.13778282844621,42.279253762849486
winter wheat,1,45.13939979595763,42.28302668704279
winter wheat,1,45.13724383927574,42.27628932241189
winter wheat,1,45.14829311727041,42.08791260733203
winter wheat,1,45.13158445298579,42.275750333241426
winter wheat,1,45.14101676346905,42.136421632674484
winter wheat,1,45.145059182247586,42.09815340157099
winter wheat,1,45.14937109561136,42.09788390698576
winter wheat,1,45.14829311727041,42.27871477367902
winter wheat,1,45.150718568537535,42.101387336593824
winter wheat,1,45.1256555721106,42.07578535099642
winter wheat,1,45.11487578870117,42.068778491780286
winter wheat,1,45.13481838800862,42.281409719531375
winter wheat,1,45.12727253962202,42.254729755593026
winter wheat,1,45.138321817616685,42.28033174119043
winter wheat,1,45.144789687662346,42.27143841987765
winter wheat,1,45.136435355520035,42.27440286031524
winter wheat,1,45.12969799088914,42.252034809740664
potato,11,45.13966929054287,42.080366758945424
winter wheat,1,45.12915900171867,42.27628932241189
winter wheat,1,45.12969799088914,42.283296181628025
winter wheat,1,45.13158445298579,42.086834628991085
winter wheat,1,45.1256555721106,42.25122632598496
winter wheat,1,45.130236980059614,42.27979275201996
winter wheat,1,45.14074726888381,42.079019286019246
winter wheat,1,45.12269113167301,42.26119762563869
winter wheat,1,45.12727253962202,42.27062993612194
winter wheat,1,45.14209474180999,42.07955827518972
winter wheat,1,45.13481838800862,42.26550953900246
potato,11,45.13131495840055,42.25580773393397
winter wheat,1,45.13158445298579,42.263084087735336
winter wheat,1,45.12349961542871,42.06311910549033
winter wheat,1,45.15179654687848,42.10435177703142
potato,11,45.14937109561136,42.13480466516307
winter wheat,1,45.128081023377725,42.26604852817293
winter wheat,1,45.13886080678716,42.08602614523538
winter wheat,1,45.129967485474374,42.264970549831986
winter wheat,1,45.120265680405886,42.06931748095076
winter wheat,1,45.14532867683282,42.10219582034953
winter wheat,1,45.148832106440885,42.093571993621985
winter wheat,1,45.148832106440885,42.09411098279246
winter wheat,1,45.140477774298574,42.130762246384535
potato,11,45.14182524722475,42.13507415974831
winter wheat,1,45.144250698491874,42.099231379911934
winter wheat,1,45.14613716058853,42.28248769787232
winter wheat,1,45.14802362268518,42.09977036908241
winter wheat,1,45.14964059019659,42.0876431127468
winter wheat,1,45.125925066695835,42.07605484558165
winter wheat,1,45.12242163708777,42.06527506217222
winter wheat,1,45.13939979595763,42.13291820306642
winter wheat,1,45.13562687176433,42.080905748115896
winter wheat,1,45.13778282844621,42.281679214116615
winter wheat,1,45.14209474180999,42.079288780604486
winter wheat,1,45.14398120390664,42.27224690363336
winter wheat,1,45.15125755770801,42.09276350986627
winter wheat,1,45.12754203420725,42.25419076642255
winter wheat,1,45.12269113167301,42.26416206607628
winter wheat,1,45.15179654687848,42.105699249957595
winter wheat,1,45.13939979595763,42.084948166894435
winter wheat,1,45.132123442156264,42.0876431127468
winter wheat,1,45.13886080678716,42.26982145236624
winter wheat,1,45.1399387851281,42.084948166894435
winter wheat,1,45.14101676346905,42.124294376338874
winter wheat,1,45.122152142502536,42.25715520686015
winter wheat,1,45.14209474180999,42.09869239074146
winter wheat,1,45.14991008478183,42.107585712054245
winter wheat,1,45.12835051796296,42.27628932241189
winter wheat,1,45.12835051796296,42.26982145236624
winter wheat,1,45.12107416416159,42.06985647012123
winter wheat,1,45.13724383927574,42.2703604415367
winter wheat,1,45.148832106440885,42.27386387114477
winter wheat,1,45.14748463351471,42.09033805859915
winter wheat,1,45.146945644344235,42.09707542323005
winter wheat,1,45.120265680405886,42.07174293221788
winter wheat,1,45.12134365874683,42.25553823934873
winter wheat,1,45.13131495840055,42.080905748115896
winter wheat,1,45.14775412809994,42.09303300445151
winter wheat,1,45.14344221473617,42.107585712054245
winter wheat,1,45.14937109561136,42.28033174119043
winter wheat,1,45.14613716058853,42.09788390698576
winter wheat,1,45.13131495840055,42.08629563982061
potato,11,45.13293192591197,42.080366758945424
winter wheat,1,45.14640665517376,42.13184022472547
winter wheat,1,45.12376911001395,42.270899430707175
winter wheat,1,45.128081023377725,42.2665875173434
winter wheat,1,45.14155575263952,42.091416036940096
winter wheat,1,45.119726691235414,42.0636580946608
winter wheat,1,45.14209474180999,42.132379213895945
winter wheat,1,45.14856261185565,42.09815340157099
winter wheat,1,45.14155575263952,42.09249401528104
winter wheat,1,45.13293192591197,42.27359437655954
winter wheat,1,45.129967485474374,42.084948166894435
winter wheat,1,45.12323012084348,42.072820910558825
winter wheat,1,45.11676225079782,42.064466578416514
winter wheat,1,45.138321817616685,42.08387018855349
winter wheat,1,45.119996185820646,42.26092813105345
winter wheat,1,45.1151452832864,42.06985647012123
winter wheat,1,45.14209474180999,42.277636795338076
winter wheat,1,45.134548893423386,42.08360069396826
winter wheat,1,45.13050647464485,42.08548715606491
winter wheat,1,45.14398120390664,42.27898426826425
winter wheat,1,45.134279398838146,42.28060123577567
winter wheat,1,45.128081023377725,42.24718390720642
winter wheat,1,45.14101676346905,42.08279221021255
winter wheat,1,45.142903225565696,42.27898426826425
winter wheat,1,45.14586766600329,42.28114022494614
winter wheat,1,45.1286200125482,42.08333119938302
winter wheat,1,45.13293192591197,42.26227560397963
winter wheat,1,45.146676149758996,42.0846786723092
winter wheat,1,45.14532867683282,42.09384148820722
winter wheat,1,45.14128625805428,42.2808707303609
potato,11,45.1437117093214,42.12779780594694
winter wheat,1,45.14559817141806,42.0989618853267
winter wheat,1,45.13562687176433,42.27359437655954
winter wheat,1,45.12673355045155,42.26227560397963
winter wheat,1,45.142903225565696,42.125911343850284
winter wheat,1,45.15179654687848,42.10677722829854
winter wheat,1,45.14398120390664,42.26389257149104
winter wheat,1,45.13158445298579,42.08791260733203
winter wheat,1,45.14398120390664,42.12537235467981
winter wheat,1,45.14586766600329,42.12564184926505
winter wheat,1,45.14613716058853,42.27790628992331
potato,11,45.14721513892947,42.10327379869047
winter wheat,1,45.138321817616685,42.08171423187161
winter wheat,1,45.13966929054287,42.27251639821859
winter wheat,1,45.14182524722475,42.28437415996897
winter wheat,1,45.12457759376966,42.062041127149385
winter wheat,1,45.144250698491874,42.080905748115896
potato,11,45.1437117093214,42.12725881677647
winter wheat,1,45.15179654687848,42.10542975537236
winter wheat,1,45.13508788259386,42.08063625353066
winter wheat,1,45.130236980059614,42.25446026100779
winter wheat,1,45.143172720150936,42.273055387389064
winter wheat,1,45.12915900171867,42.25985015271251
winter wheat,1,45.14802362268518,42.27170791446289
winter wheat,1,45.144250698491874,42.10462127161665
winter wheat,1,45.1437117093214,42.107585712054245
winter wheat,1,45.13347091508244,42.275480838656186
winter wheat,1,45.14991008478183,42.10057885283812
winter wheat,1,45.12727253962202,42.27601982782666
winter wheat,1,45.146945644344235,42.26982145236624
winter wheat,1,45.129967485474374,42.26200610939439
winter wheat,1,45.12700304503678,42.25419076642255
winter wheat,1,45.124038604599185,42.26793499026958
winter wheat,1,45.140477774298574,42.28275719245755
winter wheat,1,45.14182524722475,42.27844527909378
winter wheat,1,45.13966929054287,42.13776910560066
winter wheat,1,45.146676149758996,42.09788390698576
winter wheat,1,45.152605030634184,42.099500874497174
winter wheat,1,45.1437117093214,42.080905748115896
winter wheat,1,45.130775969230086,42.08225322104208
winter wheat,1,45.142633730980464,42.269551957781
winter wheat,1,45.13400990425291,42.2733248819743
winter wheat,1,45.14802362268518,42.139116578526846
winter wheat,1,45.130775969230086,42.264970549831986
winter wheat,1,45.130236980059614,42.28275719245755
winter wheat,1,45.144250698491874,42.086834628991085
winter wheat,1,45.12107416416159,42.06177163256415
winter wheat,1,45.13724383927574,42.085217661479675
winter wheat,1,45.12915900171867,42.086834628991085
winter wheat,1,45.152874525219424,42.10489076620189
winter wheat,1,45.1294284963039,42.25392127183732
winter wheat,1,45.130236980059614,42.27790628992331
winter wheat,1,45.13320142049721,42.273055387389064
winter wheat,1,45.148832106440885,42.087104123576324
winter wheat,1,45.144250698491874,42.10866369039519
winter wheat,1,45.1256555721106,42.26739600109911
winter wheat,1,45.14802362268518,42.10084834742335
winter wheat,1,45.1218826479173,42.25958065812727
winter wheat,1,45.119726691235414,42.0703954592917
winter wheat,1,45.12727253962202,42.252304304325904
winter wheat,1,45.13535737717909,42.28194870870185
winter wheat,1,45.11487578870117,42.06554455675745
winter wheat,1,45.12700304503678,42.27359437655954
winter wheat,1,45.12727253962202,42.07821080226354
winter wheat,1,45.13400990425291,42.262814593150104
winter wheat,1,45.1399387851281,42.285991127480386
potato,11,45.144250698491874,42.12618083843552
winter wheat,1,45.1437117093214,42.10462127161665
winter wheat,1,45.14155575263952,42.28275719245755
winter wheat,1,45.12134365874683,42.0598851704675
winter wheat,1,45.14964059019659,42.086834628991085
winter wheat,1,45.14452019307711,42.10704672288378
winter wheat,1,45.1218826479173,42.252843293496376
winter wheat,1,45.12161315333206,42.06392758924604
winter wheat,1,45.14101676346905,42.28275719245755
winter wheat,1,45.14155575263952,42.27655881699713
winter wheat,1,45.134548893423386,42.265240044417226
winter wheat,1,45.14344221473617,42.128336795117406
winter wheat,1,45.146676149758996,42.105968744542835
winter wheat,1,45.15125755770801,42.09626693947434
winter wheat,1,45.14613716058853,42.095188961133395
winter wheat,1,45.14586766600329,42.09411098279246
winter wheat,1,45.125925066695835,42.25392127183732
winter wheat,1,45.14344221473617,42.09249401528104
winter wheat,1,45.13562687176433,42.26793499026958
winter wheat,1,45.143172720150936,42.09276350986627
winter wheat,1,45.1399387851281,42.27871477367902
winter wheat,1,45.14829311727041,42.08656513440585
winter wheat,1,45.14074726888381,42.28706910582133
winter wheat,1,45.144789687662346,42.2838351707985
winter wheat,1,45.124308099184425,42.26766549568435
winter wheat,1,45.11406730494546,42.06743101885411
winter wheat,1,45.119726691235414,42.256616217689675
winter wheat,1,45.126194561281075,42.076593834752124
winter wheat,1,45.14182524722475,42.09438047737769
winter wheat,1,45.13939979595763,42.28841657874751
winter wheat,1,45.119996185820646,42.066083545927924
winter wheat,1,45.14074726888381,42.09114654235486
winter wheat,1,45.14398120390664,42.28302668704279
winter wheat,1,45.12323012084348,42.26389257149104
winter wheat,1,45.12538607752536,42.25176531515543
winter wheat,1,45.12727253962202,42.24880087471784
winter wheat,1,45.143172720150936,42.07982776977496
winter wheat,1,45.11918770206494,42.25796369061585
winter wheat,1,45.1399387851281,42.132379213895945
winter wheat,1,45.14937109561136,42.093302499036746
winter wheat,1,45.13293192591197,42.26874347402529
winter wheat,1,45.1391303013724,42.27062993612194
winter wheat,1,45.1256555721106,42.264431560661514
winter wheat,1,45.12646405586631,42.26550953900246
winter wheat,1,45.12673355045155,42.26766549568435
winter wheat,1,45.14101676346905,42.12510286009458
winter wheat,1,45.144789687662346,42.0989618853267
winter wheat,1,45.14802362268518,42.2800622466052
potato,11,45.131853947571024,42.080366758945424
winter wheat,1,45.134279398838146,42.08387018855349
winter wheat,1,45.12915900171867,42.26362307690581
winter wheat,1,45.136704850105275,42.26874347402529
winter wheat,1,45.12888950713343,42.27871477367902
winter wheat,1,45.136435355520035,42.0876431127468
winter wheat,1,45.12700304503678,42.25580773393397
winter wheat,1,45.14182524722475,42.13318769765166
winter wheat,1,45.14586766600329,42.08629563982061
winter wheat,1,45.144250698491874,42.26874347402529
winter wheat,1,45.13886080678716,42.13615213808925
winter wheat,1,45.12888950713343,42.27817578450855
winter wheat,1,45.11891820747971,42.066622535098396
winter wheat,1,45.142364236395224,42.088990585672974
winter wheat,1,45.1504490739523,42.091685531525336
winter wheat,1,45.14398120390664,42.13157073014024
winter wheat,1,45.14775412809994,42.09491946654816
potato,11,45.144789687662346,42.09572795030387
winter wheat,1,45.131853947571024,42.26389257149104
winter wheat,1,45.14398120390664,42.10731621746901
winter wheat,1,45.12296062625824,42.252304304325904
winter wheat,1,45.13535737717909,42.274941849485714
winter wheat,1,45.130775969230086,42.25715520686015
winter wheat,1,45.13535737717909,42.271168925292415
winter wheat,1,45.11891820747971,42.06743101885411
winter wheat,1,45.13724383927574,42.08360069396826
winter wheat,1,45.14074726888381,42.09384148820722
winter wheat,1,45.145059182247586,42.084948166894435
winter wheat,1,45.138321817616685,42.13561314891878
winter wheat,1,45.117570734553524,42.066083545927924
winter wheat,1,45.14344221473617,42.266857011928636
winter wheat,1,45.12242163708777,42.07201242680311
winter wheat,1,45.128081023377725,42.26011964729774
winter wheat,1,45.12242163708777,42.262814593150104
winter wheat,1,45.138591312201925,42.136421632674484
winter wheat,1,45.13966929054287,42.13399618140736
winter wheat,1,45.134548893423386,42.26793499026958
winter wheat,1,45.130236980059614,42.2703604415367
winter wheat,1,45.146945644344235,42.095458455718635
winter wheat,1,45.14775412809994,42.093302499036746
winter wheat,1,45.15314401980466,42.10462127161665
winter wheat,1,45.14802362268518,42.09249401528104
winter wheat,1,45.120265680405886,42.074437878070235
winter wheat,1,45.13778282844621,42.12941477345835
winter wheat,1,45.13374040966768,42.2800622466052
winter wheat,1,45.12754203420725,42.08575665065015
winter wheat,1,45.14344221473617,42.13561314891878
winter wheat,1,45.132392936741496,42.27386387114477
winter wheat,1,45.13697434469051,42.274941849485714
winter wheat,1,45.12538607752536,42.271168925292415
winter wheat,1,45.1437117093214,42.26604852817293
winter wheat,1,45.11541477787164,42.07012596470646
winter wheat,1,45.11891820747971,42.256885712274915
winter wheat,1,45.12053517499112,42.06554455675745
winter wheat,1,45.12915900171867,42.08252271562731
winter wheat,1,45.142364236395224,42.08791260733203
winter wheat,1,45.14344221473617,42.08063625353066
winter wheat,1,45.134279398838146,42.087104123576324
winter wheat,1,45.149101601026125,42.08602614523538
winter wheat,1,45.14613716058853,42.269282463195765
winter wheat,1,45.132662431326736,42.08279221021255
winter wheat,1,45.11541477787164,42.06311910549033
winter wheat,1,45.12296062625824,42.26820448485482
winter wheat,1,45.12673355045155,42.25122632598496
winter wheat,1,45.124308099184425,42.27251639821859
winter wheat,1,45.132662431326736,42.2590416689568
winter wheat,1,45.12053517499112,42.06931748095076
winter wheat,1,45.12781152879249,42.081175242701136
winter wheat,1,45.14964059019659,42.0922245206958
winter wheat,1,45.143172720150936,42.27062993612194
winter wheat,1,45.12376911001395,42.25176531515543
winter wheat,1,45.12053517499112,42.06823950260981
winter wheat,1,45.142364236395224,42.27413336573001
winter wheat,1,45.115684272456875,42.0636580946608
winter wheat,1,45.122152142502536,42.060424159637975
winter wheat,1,45.142633730980464,42.07982776977496
winter wheat,1,45.12646405586631,42.263084087735336
winter wheat,1,45.14182524722475,42.27871477367902
winter wheat,1,45.138591312201925,42.08818210191727
winter wheat,1,45.120265680405886,42.26092813105345
winter wheat,1,45.142633730980464,42.2770978061676
winter wheat,1,45.145059182247586,42.28114022494614
winter wheat,1,45.142903225565696,42.27251639821859
winter wheat,1,45.14586766600329,42.2665875173434
winter wheat,1,45.142633730980464,42.124563870924106
winter wheat,1,45.148832106440885,42.101387336593824
winter wheat,1,45.138591312201925,42.27197740904812
winter wheat,1,45.124308099184425,42.25311278808161
winter wheat,1,45.1286200125482,42.27143841987765
winter wheat,1,45.12080466957636,42.06985647012123
winter wheat,1,45.14829311727041,42.139116578526846
winter wheat,1,45.1391303013724,42.27359437655954
winter wheat,1,45.13400990425291,42.2800622466052
potato,11,45.142633730980464,42.08872109108774
winter wheat,1,45.12053517499112,42.0733598997293
winter wheat,1,45.13724383927574,42.13399618140736
winter wheat,1,45.14020827971334,42.28437415996897
winter wheat,1,45.13320142049721,42.277636795338076
winter wheat,1,45.12754203420725,42.25796369061585
winter wheat,1,45.11837921830924,42.2560772285192
winter wheat,1,45.132392936741496,42.27062993612194
winter wheat,1,45.14209474180999,42.0922245206958
winter wheat,1,45.146676149758996,42.27386387114477
winter wheat,1,45.142633730980464,42.0922245206958
winter wheat,1,45.13805232303145,42.087104123576324
winter wheat,1,45.12511658294013,42.271168925292415
winter wheat,1,45.1256555721106,42.27170791446289
winter wheat,1,45.12727253962202,42.25419076642255
winter wheat,1,45.12538607752536,42.273055387389064
winter wheat,1,45.12376911001395,42.062310621734625
winter wheat,1,45.14101676346905,42.08144473728637
winter wheat,1,45.14128625805428,42.09491946654816
winter wheat,1,45.13562687176433,42.274941849485714
potato,11,45.143172720150936,42.13184022472547
winter wheat,1,45.14937109561136,42.09249401528104
winter wheat,1,45.13131495840055,42.08602614523538
potato,11,45.1534135143899,42.105699249957595
winter wheat,1,45.1294284963039,42.256885712274915
winter wheat,1,45.142364236395224,42.091685531525336
potato,11,45.138321817616685,42.13534365433354
winter wheat,1,45.12376911001395,42.25338228266685
winter wheat,1,45.14020827971334,42.27278589280383
winter wheat,1,45.128081023377725,42.25311278808161
winter wheat,1,45.12053517499112,42.067970008024574
winter wheat,1,45.12727253962202,42.25742470144539
winter wheat,1,45.14020827971334,42.084948166894435
potato,11,45.12053517499112,42.262814593150104
winter wheat,1,45.146676149758996,42.09491946654816
winter wheat,1,45.124308099184425,42.07551585641118
winter wheat,1,45.14613716058853,42.10839419580996
winter wheat,1,45.1504490739523,42.13345719223689
winter wheat,1,45.12646405586631,42.26146712022392
winter wheat,1,45.126194561281075,42.25958065812727
potato,11,45.142364236395224,42.134265675992594
winter wheat,1,45.13320142049721,42.266857011928636
winter wheat,1,45.14020827971334,42.08225322104208
winter wheat,1,45.12673355045155,42.25176531515543
winter wheat,1,45.15206604146372,42.10677722829854
winter wheat,1,45.13050647464485,42.25419076642255
winter wheat,1,45.13050647464485,42.271168925292415
winter wheat,1,45.11676225079782,42.0636580946608
winter wheat,1,45.12457759376966,42.25392127183732
winter wheat,1,45.13400990425291,42.264970549831986
winter wheat,1,45.12781152879249,42.275750333241426
winter wheat,1,45.142903225565696,42.26874347402529
potato,11,45.1437117093214,42.126450333020756
winter wheat,1,45.13400990425291,42.26604852817293
winter wheat,1,45.14532867683282,42.09303300445151
winter wheat,1,45.14640665517376,42.269012968610525
winter wheat,1,45.15314401980466,42.09815340157099
winter wheat,1,45.11891820747971,42.2560772285192
winter wheat,1,45.13131495840055,42.26739600109911
winter wheat,1,45.12754203420725,42.266857011928636
winter wheat,1,45.12538607752536,42.25311278808161
winter wheat,1,45.14155575263952,42.12537235467981
winter wheat,1,45.14452019307711,42.26766549568435
winter wheat,1,45.14559817141806,42.09599744488911
winter wheat,1,45.143172720150936,42.101387336593824
winter wheat,1,45.12107416416159,42.05907668671179
winter wheat,1,45.15152705229325,42.10516026078712
winter wheat,1,45.14721513892947,42.09815340157099
winter wheat,1,45.134279398838146,42.2770978061676
winter wheat,1,45.13320142049721,42.27251639821859
winter wheat,1,45.13886080678716,42.279523257434725
winter wheat,1,45.146676149758996,42.12914527887312
winter wheat,1,45.12107416416159,42.25634672310444
winter wheat,1,45.145059182247586,42.099500874497174
winter wheat,1,45.1391303013724,42.2770978061676
winter wheat,1,45.13374040966768,42.269551957781
winter wheat,1,45.15152705229325,42.09060755318439
winter wheat,1,45.134279398838146,42.269012968610525
potato,11,45.144250698491874,42.128606289702645
winter wheat,1,45.14020827971334,42.271168925292415
winter wheat,1,45.1248470883549,42.250148347644014
winter wheat,1,45.142364236395224,42.09788390698576
winter wheat,1,45.14991008478183,42.13615213808925
winter wheat,1,45.14182524722475,42.134265675992594
winter wheat,1,45.12349961542871,42.26820448485482
winter wheat,1,45.143172720150936,42.28302668704279
winter wheat,1,45.150718568537535,42.09114654235486
winter wheat,1,45.12538607752536,42.27440286031524
winter wheat,1,45.12511658294013,42.27413336573001
winter wheat,1,45.1286200125482,42.28060123577567
winter wheat,1,45.13966929054287,42.2800622466052
winter wheat,1,45.12888950713343,42.26092813105345
winter wheat,1,45.14398120390664,42.084948166894435
winter wheat,1,45.12349961542871,42.2552687447635
winter wheat,1,45.118109723724,42.06904798636552
winter wheat,1,45.12134365874683,42.07012596470646
winter wheat,1,45.12511658294013,42.25823318520109
winter wheat,1,45.13508788259386,42.279523257434725
winter wheat,1,45.14559817141806,42.12698932219123
winter wheat,1,45.14398120390664,42.099231379911934
winter wheat,1,45.117570734553524,42.07093444846217
winter wheat,1,45.12781152879249,42.25742470144539
winter wheat,1,45.129967485474374,42.26604852817293
winter wheat,1,45.142903225565696,42.2838351707985
winter wheat,1,45.14101676346905,42.26631802275817
winter wheat,1,45.12754203420725,42.25634672310444
winter wheat,1,45.14155575263952,42.283565676213264
winter wheat,1,45.1256555721106,42.2514958205702
winter wheat,1,45.13939979595763,42.27197740904812
winter wheat,1,45.13724383927574,42.28464365455421
winter wheat,1,45.15206604146372,42.101926325764296
winter wheat,1,45.143172720150936,42.27655881699713
winter wheat,1,45.14344221473617,42.08791260733203
winter wheat,1,45.12538607752536,42.24960935847354
winter wheat,1,45.1218826479173,42.25446026100779
winter wheat,1,45.12538607752536,42.27170791446289
winter wheat,1,45.14398120390664,42.09869239074146
winter wheat,1,45.14721513892947,42.27467235490048
winter wheat,1,45.14155575263952,42.099231379911934
winter wheat,1,45.128081023377725,42.25553823934873
winter wheat,1,45.13805232303145,42.28248769787232
winter wheat,1,45.13050647464485,42.27197740904812
winter wheat,1,45.12835051796296,42.27790628992331
winter wheat,1,45.142903225565696,42.101387336593824
winter wheat,1,45.124038604599185,42.26227560397963
winter wheat,1,45.14559817141806,42.087104123576324
potato,11,45.14937109561136,42.134535170577834
winter wheat,1,45.13400990425291,42.0846786723092
winter wheat,1,45.13562687176433,42.27467235490048
winter wheat,1,45.13562687176433,42.277636795338076
winter wheat,1,45.12296062625824,42.0636580946608
winter wheat,1,45.14829311727041,42.10057885283812
winter wheat,1,45.14775412809994,42.27467235490048
winter wheat,1,45.14209474180999,42.105968744542835
winter wheat,1,45.13751333386098,42.269551957781
winter wheat,1,45.142633730980464,42.079288780604486
winter wheat,1,45.12511658294013,42.26874347402529
winter wheat,1,45.14802362268518,42.08629563982061
winter wheat,1,45.1256555721106,42.2770978061676
winter wheat,1,45.150718568537535,42.139116578526846
winter wheat,1,45.11864871289447,42.07174293221788
winter wheat,1,45.13131495840055,42.08063625353066
winter wheat,1,45.14344221473617,42.1237553871684
winter wheat,1,45.12915900171867,42.25338228266685
winter wheat,1,45.132123442156264,42.26146712022392
winter wheat,1,45.12835051796296,42.263353582320576
winter wheat,1,45.1437117093214,42.26631802275817
winter wheat,1,45.14613716058853,42.2838351707985
winter wheat,1,45.136435355520035,42.27467235490048
winter wheat,1,45.122152142502536,42.25796369061585
winter wheat,1,45.13293192591197,42.269551957781
winter wheat,1,45.134548893423386,42.2665875173434
winter wheat,1,45.12915900171867,42.264970549831986
winter wheat,1,45.130236980059614,42.28248769787232
winter wheat,1,45.12457759376966,42.256616217689675
winter wheat,1,45.1256555721106,42.076863329337364
winter wheat,1,45.12323012084348,42.256616217689675
winter wheat,1,45.12969799088914,42.28033174119043
potato,11,45.14128625805428,42.09572795030387
winter wheat,1,45.146676149758996,42.136421632674484
winter wheat,1,45.12835051796296,42.25419076642255
winter wheat,1,45.1294284963039,42.254729755593026
winter wheat,1,45.12754203420725,42.28033174119043
winter wheat,1,45.14074726888381,42.08171423187161
winter wheat,1,45.12511658294013,42.25769419603062
winter wheat,1,45.14344221473617,42.132379213895945
winter wheat,1,45.142364236395224,42.12537235467981
winter wheat,1,45.142633730980464,42.078749791434014
winter wheat,1,45.12134365874683,42.256885712274915
winter wheat,1,45.15314401980466,42.105699249957595
winter wheat,1,45.12107416416159,42.263084087735336
winter wheat,1,45.14452019307711,42.08171423187161
potato,11,45.13966929054287,42.125911343850284
winter wheat,1,45.126194561281075,42.250148347644014
winter wheat,1,45.142364236395224,42.285182643724674
winter wheat,1,45.140477774298574,42.08440917772396
winter wheat,1,45.131853947571024,42.2703604415367
winter wheat,1,45.11891820747971,42.06392758924604
winter wheat,1,45.11891820747971,42.07093444846217
winter wheat,1,45.13293192591197,42.260658636468214
winter wheat,1,45.13562687176433,42.08144473728637
winter wheat,1,45.145059182247586,42.10219582034953
winter wheat,1,45.14802362268518,42.27817578450855
winter wheat,1,45.11891820747971,42.25553823934873
winter wheat,1,45.138591312201925,42.08656513440585
winter wheat,1,45.13886080678716,42.27440286031524
winter wheat,1,45.14209474180999,42.28060123577567
winter wheat,1,45.150718568537535,42.10435177703142
winter wheat,1,45.1399387851281,42.28653011665086
winter wheat,1,45.124308099184425,42.252034809740664
winter wheat,1,45.132662431326736,42.277636795338076
winter wheat,1,45.14020827971334,42.128336795117406
winter wheat,1,45.13535737717909,42.08063625353066
winter wheat,1,45.13751333386098,42.2876080949918
winter wheat,1,45.14020827971334,42.083061704797785
winter wheat,1,45.14775412809994,42.09438047737769
winter wheat,1,45.1437117093214,42.09249401528104
winter wheat,1,45.13400990425291,42.08198372645684
winter wheat,1,45.150988063122774,42.09276350986627
winter wheat,1,45.1294284963039,42.252573798911136
winter wheat,1,45.13697434469051,42.08656513440585
winter wheat,1,45.142903225565696,42.09464997196293
winter wheat,1,45.134279398838146,42.2733248819743
winter wheat,1,45.11703174538305,42.06473607300175
winter wheat,1,45.1391303013724,42.087104123576324
winter wheat,1,45.117570734553524,42.07309040514406
winter wheat,1,45.142633730980464,42.264431560661514
winter wheat,1,45.145059182247586,42.27790628992331
winter wheat,1,45.13347091508244,42.27817578450855
winter wheat,1,45.12969799088914,42.26470105524675
winter wheat,1,45.144789687662346,42.27170791446289
winter wheat,1,45.146676149758996,42.27467235490048
winter wheat,1,45.11864871289447,42.074168383485
winter wheat,1,45.12888950713343,42.27655881699713
winter wheat,1,45.13347091508244,42.26227560397963
winter wheat,1,45.13778282844621,42.269282463195765
winter wheat,1,45.13751333386098,42.28572163289515
potato,11,45.15233553604895,42.09572795030387
winter wheat,1,45.1218826479173,42.06258011631986
winter wheat,1,45.13886080678716,42.08656513440585
winter wheat,1,45.14640665517376,42.27278589280383
winter wheat,1,45.14586766600329,42.26766549568435
winter wheat,1,45.12700304503678,42.2590416689568
winter wheat,1,45.138591312201925,42.273055387389064
winter wheat,1,45.14182524722475,42.27817578450855
winter wheat,1,45.12888950713343,42.08548715606491
winter wheat,1,45.1151452832864,42.066083545927924
winter wheat,1,45.14398120390664,42.26793499026958
winter wheat,1,45.14613716058853,42.10893318498043
winter wheat,1,45.146945644344235,42.277367300752836
potato,11,45.14452019307711,42.2733248819743
winter wheat,1,45.12888950713343,42.27682831158236
winter wheat,1,45.12107416416159,42.25311278808161
winter wheat,1,45.138591312201925,42.27844527909378
winter wheat,1,45.149101601026125,42.277636795338076
potato,11,45.146676149758996,42.26793499026958
winter wheat,1,45.146676149758996,42.27628932241189
winter wheat,1,45.14586766600329,42.08171423187161
winter wheat,1,45.126194561281075,42.265240044417226
winter wheat,1,45.12349961542871,42.26362307690581
winter wheat,1,45.130775969230086,42.08656513440585
winter wheat,1,45.12323012084348,42.06311910549033
winter wheat,1,45.144250698491874,42.08252271562731
winter wheat,1,45.1504490739523,42.093302499036746
winter wheat,1,45.15125755770801,42.09384148820722
winter wheat,1,45.14209474180999,42.09033805859915
winter wheat,1,45.13347091508244,42.27871477367902
winter wheat,1,45.13724383927574,42.28302668704279
winter wheat,1,45.14020827971334,42.285182643724674
winter wheat,1,45.142633730980464,42.26631802275817
winter wheat,1,45.142903225565696,42.076863329337364
winter wheat,1,45.144250698491874,42.097344917815285
winter wheat,1,45.14613716058853,42.139116578526846
winter wheat,1,45.14209474180999,42.08575665065015
winter wheat,1,45.13939979595763,42.132379213895945
winter wheat,1,45.14532867683282,42.269012968610525
winter wheat,1,45.14101676346905,42.28706910582133
winter wheat,1,45.148832106440885,42.10030935825288
winter wheat,1,45.1218826479173,42.256885712274915
winter wheat,1,45.12646405586631,42.27170791446289
winter wheat,1,45.13050647464485,42.25958065812727
winter wheat,1,45.1399387851281,42.28464365455421
winter wheat,1,45.14829311727041,42.10812470122472
winter wheat,1,45.12700304503678,42.25392127183732
winter wheat,1,45.14991008478183,42.09680592864481
winter wheat,1,45.152874525219424,42.09788390698576
winter wheat,1,45.12888950713343,42.27467235490048
winter wheat,1,45.13131495840055,42.28033174119043
winter wheat,1,45.15125755770801,42.10893318498043
winter wheat,1,45.1534135143899,42.10866369039519
winter wheat,1,45.11891820747971,42.0733598997293
winter wheat,1,45.126194561281075,42.2665875173434
winter wheat,1,45.12349961542871,42.25122632598496
winter wheat,1,45.144250698491874,42.124024881753634
winter wheat,1,45.144250698491874,42.26820448485482
winter wheat,1,45.144789687662346,42.08198372645684
winter wheat,1,45.143172720150936,42.2665875173434
winter wheat,1,45.12781152879249,42.27278589280383
winter wheat,1,45.13481838800862,42.26604852817293
winter wheat,1,45.13320142049721,42.08063625353066
potato,11,45.14020827971334,42.13534365433354
winter wheat,1,45.142364236395224,42.124294376338874
winter wheat,1,45.14829311727041,42.10516026078712
winter wheat,1,45.11891820747971,42.072820910558825
winter wheat,1,45.11460629411593,42.068778491780286
winter wheat,1,45.1361658609348,42.269012968610525
winter wheat,1,45.125925066695835,42.26173661480916
winter wheat,1,45.143172720150936,42.27143841987765
winter wheat,1,45.152605030634184,42.103812787860946
winter wheat,1,45.14586766600329,42.271168925292415
winter wheat,1,45.125925066695835,42.256616217689675
winter wheat,1,45.130775969230086,42.27655881699713
winter wheat,1,45.12835051796296,42.248261885547365
winter wheat,1,45.130775969230086,42.275211344070954
winter wheat,1,45.145059182247586,42.08171423187161
winter wheat,1,45.1391303013724,42.27655881699713
winter wheat,1,45.142903225565696,42.09249401528104
winter wheat,1,45.146676149758996,42.28275719245755
winter wheat,1,45.142633730980464,42.12537235467981
potato,11,45.1504490739523,42.138847083941606
potato,11,45.14101676346905,42.13480466516307
winter wheat,1,45.15314401980466,42.10246531493477
winter wheat,1,45.115684272456875,42.06473607300175
winter wheat,1,45.14020827971334,42.07955827518972
winter wheat,1,45.14721513892947,42.097614412400524
winter wheat,1,45.140477774298574,42.28060123577567
winter wheat,1,45.15233553604895,42.105699249957595
winter wheat,1,45.13805232303145,42.281679214116615
winter wheat,1,45.14128625805428,42.12698932219123
winter wheat,1,45.12915900171867,42.084948166894435
winter wheat,1,45.14856261185565,42.103812787860946
winter wheat,1,45.13347091508244,42.275750333241426
winter wheat,1,45.12296062625824,42.2665875173434
winter wheat,1,45.14559817141806,42.08387018855349
winter wheat,1,45.12835051796296,42.27170791446289
winter wheat,1,45.14532867683282,42.101117842008584
winter wheat,1,45.132123442156264,42.281409719531375
winter wheat,1,45.14101676346905,42.12321639799793
winter wheat,1,45.11676225079782,42.06904798636552
winter wheat,1,45.145059182247586,42.27170791446289
winter wheat,1,45.138321817616685,42.273055387389064
winter wheat,1,45.13508788259386,42.27278589280383
winter wheat,1,45.12700304503678,42.27817578450855
winter wheat,1,45.138321817616685,42.08818210191727
winter wheat,1,45.12646405586631,42.26874347402529
winter wheat,1,45.118109723724,42.25499925017826
winter wheat,1,45.11918770206494,42.06931748095076
winter wheat,1,45.12673355045155,42.25823318520109
winter wheat,1,45.124038604599185,42.26739600109911
winter wheat,1,45.13939979595763,42.08602614523538
winter wheat,1,45.14155575263952,42.13588264350401
winter wheat,1,45.12727253962202,42.26389257149104
winter wheat,1,45.140477774298574,42.2800622466052
winter wheat,1,45.14452019307711,42.28114022494614
winter wheat,1,45.142903225565696,42.2770978061676
winter wheat,1,45.14532867683282,42.12698932219123
winter wheat,1,45.14559817141806,42.270899430707175
winter wheat,1,45.14101676346905,42.085217661479675
winter wheat,1,45.12296062625824,42.256616217689675
winter wheat,1,45.132392936741496,42.258502679786325
winter wheat,1,45.1437117093214,42.0989618853267
potato,11,45.13805232303145,42.1275283113617
winter wheat,1,45.14452019307711,42.27682831158236
winter wheat,1,45.122152142502536,42.07309040514406
winter wheat,1,45.1391303013724,42.13723011643019
winter wheat,1,45.132392936741496,42.27440286031524
winter wheat,1,45.13939979595763,42.28491314913944
winter wheat,1,45.134548893423386,42.27898426826425
winter wheat,1,45.14829311727041,42.10435177703142
winter wheat,1,45.14532867683282,42.2657790335877
winter wheat,1,45.131853947571024,42.08737361816156
winter wheat,1,45.13562687176433,42.08171423187161
winter wheat,1,45.13158445298579,42.26847397944005
winter wheat,1,45.14182524722475,42.10812470122472
winter wheat,1,45.13966929054287,42.136421632674484
winter wheat,1,45.1256555721106,42.266857011928636
winter wheat,1,45.146945644344235,42.269551957781
winter wheat,1,45.142903225565696,42.27682831158236
winter wheat,1,45.138591312201925,42.2876080949918
winter wheat,1,45.129967485474374,42.283565676213264
winter wheat,1,45.1391303013724,42.12806730053217
winter wheat,1,45.144250698491874,42.10219582034953
winter wheat,1,45.14586766600329,42.103812787860946
winter wheat,1,45.14721513892947,42.09680592864481
winter wheat,1,45.14937109561136,42.09033805859915
winter wheat,1,45.13751333386098,42.2770978061676
winter wheat,1,45.143172720150936,42.08440917772396
winter wheat,1,45.12700304503678,42.26227560397963
winter wheat,1,45.1218826479173,42.070664953876935
winter wheat,1,45.12888950713343,42.25634672310444
winter wheat,1,45.13508788259386,42.27413336573001
winter wheat,1,45.12781152879249,42.2657790335877
winter wheat,1,45.14559817141806,42.2657790335877
winter wheat,1,45.14775412809994,42.095188961133395
winter wheat,1,45.14532867683282,42.09114654235486
winter wheat,1,45.12323012084348,42.26119762563869
winter wheat,1,45.12915900171867,42.26820448485482
potato,11,45.12673355045155,42.24799239096213
winter wheat,1,45.1256555721106,42.26982145236624
winter wheat,1,45.12754203420725,42.26200610939439
winter wheat,1,45.14452019307711,42.136960621844956
winter wheat,1,45.12242163708777,42.06177163256415
winter wheat,1,45.124308099184425,42.25769419603062
winter wheat,1,45.13939979595763,42.26847397944005
winter wheat,1,45.13293192591197,42.080905748115896
potato,11,45.138321817616685,42.080366758945424
winter wheat,1,45.14128625805428,42.07767181309307
winter wheat,1,45.14937109561136,42.089529574843446
winter wheat,1,45.1437117093214,42.107855206639485
potato,11,45.142364236395224,42.080366758945424
winter wheat,1,45.119996185820646,42.06985647012123
winter wheat,1,45.13158445298579,42.279253762849486
winter wheat,1,45.142903225565696,42.10003986366765
winter wheat,1,45.1504490739523,42.10435177703142
winter wheat,1,45.12080466957636,42.07093444846217
winter wheat,1,45.1286200125482,42.27170791446289
winter wheat,1,45.14344221473617,42.269551957781
winter wheat,1,45.14586766600329,42.08656513440585
winter wheat,1,45.122152142502536,42.26362307690581
winter wheat,1,45.145059182247586,42.26766549568435
winter wheat,1,45.142633730980464,42.09842289615623
winter wheat,1,45.12781152879249,42.25958065812727
winter wheat,1,45.14991008478183,42.09599744488911
winter wheat,1,45.132662431326736,42.27251639821859
winter wheat,1,45.12835051796296,42.08629563982061
winter wheat,1,45.14182524722475,42.12995376262882
winter wheat,1,45.14209474180999,42.281679214116615
winter wheat,1,45.13535737717909,42.26766549568435
winter wheat,1,45.124038604599185,42.25553823934873
winter wheat,1,45.14398120390664,42.26416206607628
potato,11,45.14748463351471,42.27170791446289
winter wheat,1,45.14209474180999,42.09276350986627
potato,11,45.14991008478183,42.08872109108774
winter wheat,1,45.142903225565696,42.09815340157099
winter wheat,1,45.14344221473617,42.097344917815285
winter wheat,1,45.146945644344235,42.27143841987765
winter wheat,1,45.13293192591197,42.27251639821859
winter wheat,1,45.146676149758996,42.08198372645684
winter wheat,1,45.14344221473617,42.0989618853267
winter wheat,1,45.13886080678716,42.27009094695147
winter wheat,1,45.134279398838146,42.27251639821859
winter wheat,1,45.13589636634956,42.08737361816156
winter wheat,1,45.13131495840055,42.273055387389064
winter wheat,1,45.14101676346905,42.27898426826425
winter wheat,1,45.14020827971334,42.27224690363336
winter wheat,1,45.15314401980466,42.097344917815285
winter wheat,1,45.12161315333206,42.26550953900246
winter wheat,1,45.129967485474374,42.269551957781
winter wheat,1,45.15017957936706,42.09303300445151
winter wheat,1,45.11918770206494,42.068778491780286
winter wheat,1,45.12296062625824,42.072551415973585
winter wheat,1,45.130775969230086,42.084948166894435
winter wheat,1,45.13374040966768,42.0876431127468
winter wheat,1,45.138591312201925,42.08602614523538
winter wheat,1,45.146676149758996,42.277636795338076
winter wheat,1,45.14128625805428,42.26739600109911
winter wheat,1,45.119457196650174,42.07228192138835
winter wheat,1,45.14155575263952,42.28114022494614
winter wheat,1,45.14640665517376,42.26847397944005
winter wheat,1,45.120265680405886,42.07012596470646
winter wheat,1,45.14721513892947,42.128336795117406
winter wheat,1,45.14182524722475,42.08979906942868
winter wheat,1,45.13050647464485,42.27790628992331
winter wheat,1,45.13508788259386,42.2838351707985
winter wheat,1,45.143172720150936,42.265240044417226
winter wheat,1,45.12053517499112,42.25365177725208
winter wheat,1,45.12915900171867,42.252573798911136
winter wheat,1,45.13589636634956,42.27844527909378
potato,11,45.15152705229325,42.089529574843446
winter wheat,1,45.13347091508244,42.08171423187161
winter wheat,1,45.15314401980466,42.10489076620189
winter wheat,1,45.142364236395224,42.27817578450855
winter wheat,1,45.142633730980464,42.28060123577567
winter wheat,1,45.14991008478183,42.09195502611057
winter wheat,1,45.152605030634184,42.10300430410524
potato,11,45.15179654687848,42.090877047769624
winter wheat,1,45.129967485474374,42.26550953900246
winter wheat,1,45.14398120390664,42.277367300752836
winter wheat,1,45.15125755770801,42.09707542323005
winter wheat,1,45.12511658294013,42.2590416689568
winter wheat,1,45.134548893423386,42.26550953900246
winter wheat,1,45.13374040966768,42.275211344070954
winter wheat,1,45.13481838800862,42.26793499026958
winter wheat,1,45.14128625805428,42.079288780604486
winter wheat,1,45.13293192591197,42.26092813105345
winter wheat,1,45.14586766600329,42.12779780594694
winter wheat,1,45.13481838800862,42.08440917772396
winter wheat,1,45.14209474180999,42.0846786723092
winter wheat,1,45.13508788259386,42.28248769787232
winter wheat,1,45.130236980059614,42.27871477367902
winter wheat,1,45.142903225565696,42.099500874497174
winter wheat,1,45.13751333386098,42.275211344070954
winter wheat,1,45.143172720150936,42.2838351707985
winter wheat,1,45.14748463351471,42.09599744488911
winter wheat,1,45.128081023377725,42.08198372645684
winter wheat,1,45.12269113167301,42.260658636468214
winter wheat,1,45.144789687662346,42.270899430707175
winter wheat,1,45.14775412809994,42.101656831179056
winter wheat,1,45.12835051796296,42.277367300752836
winter wheat,1,45.136704850105275,42.281409719531375
winter wheat,1,45.148832106440885,42.27440286031524
winter wheat,1,45.140477774298574,42.26550953900246
potato,11,45.144250698491874,42.095458455718635
winter wheat,1,45.145059182247586,42.08063625353066
winter wheat,1,45.12134365874683,42.07093444846217
winter wheat,1,45.126194561281075,42.24987885305878
winter wheat,1,45.12511658294013,42.062041127149385
winter wheat,1,45.13966929054287,42.27009094695147
winter wheat,1,45.14128625805428,42.09788390698576
winter wheat,1,45.14074726888381,42.08225322104208
winter wheat,1,45.14182524722475,42.279253762849486
winter wheat,1,45.125925066695835,42.25634672310444
winter wheat,1,45.142903225565696,42.09411098279246
winter wheat,1,45.13481838800862,42.27170791446289
winter wheat,1,45.118109723724,42.068778491780286
winter wheat,1,45.13805232303145,42.126450333020756
winter wheat,1,45.142364236395224,42.10812470122472
winter wheat,1,45.143172720150936,42.1275283113617
winter wheat,1,45.150718568537535,42.10219582034953
winter wheat,1,45.14209474180999,42.091685531525336
winter wheat,1,45.14721513892947,42.10354329327571
winter wheat,1,45.14020827971334,42.091685531525336
winter wheat,1,45.13508788259386,42.081175242701136
winter wheat,1,45.119457196650174,42.25985015271251
winter wheat,1,45.14020827971334,42.088990585672974
potato,11,45.149101601026125,42.13615213808925
winter wheat,1,45.14802362268518,42.10866369039519
winter wheat,1,45.12727253962202,42.26793499026958
winter wheat,1,45.14721513892947,42.275211344070954
winter wheat,1,45.12888950713343,42.28275719245755
winter wheat,1,45.138321817616685,42.281679214116615
winter wheat,1,45.13050647464485,42.25580773393397
winter wheat,1,45.13481838800862,42.28194870870185
winter wheat,1,45.125925066695835,42.26200610939439
winter wheat,1,45.13400990425291,42.26631802275817
potato,11,45.15017957936706,42.13830809477113
winter wheat,1,45.13697434469051,42.28626062206562
winter wheat,1,45.13966929054287,42.085217661479675
winter wheat,1,45.1399387851281,42.27170791446289
winter wheat,1,45.1361658609348,42.27062993612194
winter wheat,1,45.145059182247586,42.097614412400524
winter wheat,1,45.129967485474374,42.081175242701136
winter wheat,1,45.149101601026125,42.132648708481184
winter wheat,1,45.13347091508244,42.26200610939439
winter wheat,1,45.140477774298574,42.2703604415367
winter wheat,1,45.14586766600329,42.26793499026958
winter wheat,1,45.12511658294013,42.062310621734625
winter wheat,1,45.14344221473617,42.279523257434725
winter wheat,1,45.11541477787164,42.06554455675745
potato,11,45.142364236395224,42.13399618140736
winter wheat,1,45.12511658294013,42.252573798911136
winter wheat,1,45.13939979595763,42.285452138309914
winter wheat,1,45.13966929054287,42.13184022472547
winter wheat,1,45.13400990425291,42.266857011928636
winter wheat,1,45.12969799088914,42.2703604415367
winter wheat,1,45.12296062625824,42.06500556758698
winter wheat,1,45.12296062625824,42.26389257149104
winter wheat,1,45.130236980059614,42.264431560661514
winter wheat,1,45.13589636634956,42.08144473728637
winter wheat,1,45.146676149758996,42.27009094695147
winter wheat,1,45.15017957936706,42.095188961133395
winter wheat,1,45.12754203420725,42.25715520686015
winter wheat,1,45.12700304503678,42.25338228266685
winter wheat,1,45.146676149758996,42.28221820328708
winter wheat,1,45.1248470883549,42.252573798911136
winter wheat,1,45.136704850105275,42.28194870870185
winter wheat,1,45.13158445298579,42.26362307690581
winter wheat,1,45.12457759376966,42.26011964729774
winter wheat,1,45.1391303013724,42.28626062206562
winter wheat,1,45.1361658609348,42.08279221021255
winter wheat,1,45.11703174538305,42.064466578416514
potato,11,45.1534135143899,42.10650773371331
winter wheat,1,45.12134365874683,42.07120394304741
winter wheat,1,45.128081023377725,42.260658636468214
winter wheat,1,45.14074726888381,42.2733248819743
winter wheat,1,45.115684272456875,42.064197083831274
winter wheat,1,45.14101676346905,42.08387018855349
winter wheat,1,45.14559817141806,42.13723011643019
winter wheat,1,45.136704850105275,42.27143841987765
potato,11,45.13697434469051,42.12914527887312
winter wheat,1,45.14182524722475,42.2657790335877
winter wheat,1,45.13724383927574,42.08225322104208
potato,11,45.14532867683282,42.2733248819743
potato,11,45.142633730980464,42.1275283113617
winter wheat,1,45.14559817141806,42.2770978061676
winter wheat,1,45.146676149758996,42.281679214116615
winter wheat,1,45.149101601026125,42.10866369039519
winter wheat,1,45.138321817616685,42.087104123576324
winter wheat,1,45.12781152879249,42.25580773393397
winter wheat,1,45.1248470883549,42.2552687447635
winter wheat,1,45.149101601026125,42.087104123576324
winter wheat,1,45.15017957936706,42.10003986366765
winter wheat,1,45.14155575263952,42.277636795338076
winter wheat,1,45.14155575263952,42.28626062206562
winter wheat,1,45.12080466957636,42.25931116354204
winter wheat,1,45.14613716058853,42.274941849485714
winter wheat,1,45.13347091508244,42.08225322104208
winter wheat,1,45.14074726888381,42.125911343850284
winter wheat,1,45.14937109561136,42.09276350986627
winter wheat,1,45.117840229138764,42.06473607300175
winter wheat,1,45.12323012084348,42.25338228266685
winter wheat,1,45.132123442156264,42.26631802275817
winter wheat,1,45.14964059019659,42.2770978061676
winter wheat,1,45.13158445298579,42.26038914188298
winter wheat,1,45.11622326162735,42.068508997195046
winter wheat,1,45.14829311727041,42.099500874497174
winter wheat,1,45.142903225565696,42.28248769787232
winter wheat,1,45.14398120390664,42.091416036940096
winter wheat,1,45.119996185820646,42.068508997195046
winter wheat,1,45.1391303013724,42.13157073014024
winter wheat,1,45.1256555721106,42.258772174371565
winter wheat,1,45.143172720150936,42.09195502611057
potato,11,45.14640665517376,42.267126506513875
winter wheat,1,45.132392936741496,42.25958065812727
winter wheat,1,45.13293192591197,42.27467235490048
winter wheat,1,45.14775412809994,42.2733248819743
winter wheat,1,45.13886080678716,42.08279221021255
winter wheat,1,45.14775412809994,42.085217661479675
winter wheat,1,45.14101676346905,42.27197740904812
winter wheat,1,45.13481838800862,42.26739600109911
winter wheat,1,45.143172720150936,42.285182643724674
winter wheat,1,45.15314401980466,42.10057885283812
winter wheat,1,45.1286200125482,42.26604852817293
winter wheat,1,45.130775969230086,42.2808707303609
winter wheat,1,45.13158445298579,42.08171423187161
winter wheat,1,45.14748463351471,42.08333119938302
winter wheat,1,45.14101676346905,42.07982776977496
winter wheat,1,45.142903225565696,42.124833365509346
winter wheat,1,45.14613716058853,42.08198372645684
potato,11,45.14398120390664,42.12321639799793
potato,11,45.14829311727041,42.13507415974831
winter wheat,1,45.13697434469051,42.271168925292415
winter wheat,1,45.150718568537535,42.10650773371331
winter wheat,1,45.12323012084348,42.25796369061585
winter wheat,1,45.14182524722475,42.09869239074146
winter wheat,1,45.13293192591197,42.08333119938302
winter wheat,1,45.131853947571024,42.26550953900246
winter wheat,1,45.11703174538305,42.06770051343934
winter wheat,1,45.14802362268518,42.10354329327571
winter wheat,1,45.14721513892947,42.28033174119043
winter wheat,1,45.130775969230086,42.26146712022392
winter wheat,1,45.118109723724,42.0636580946608
winter wheat,1,45.144789687662346,42.0922245206958
winter wheat,1,45.140477774298574,42.136960621844956
winter wheat,1,45.15206604146372,42.105699249957595
winter wheat,1,45.1294284963039,42.27871477367902
winter wheat,1,45.14559817141806,42.10812470122472
winter wheat,1,45.138321817616685,42.279523257434725
winter wheat,1,45.14155575263952,42.285452138309914
winter wheat,1,45.136704850105275,42.277367300752836
winter wheat,1,45.12080466957636,42.067970008024574
winter wheat,1,45.12727253962202,42.273055387389064
winter wheat,1,45.1218826479173,42.06311910549033
winter wheat,1,45.14532867683282,42.13588264350401
winter wheat,1,45.15017957936706,42.10300430410524
winter wheat,1,45.14182524722475,42.09114654235486
winter wheat,1,45.152605030634184,42.10542975537236
winter wheat,1,45.138321817616685,42.08602614523538
winter wheat,1,45.14559817141806,42.138847083941606
potato,11,45.15017957936706,42.08629563982061
winter wheat,1,45.122152142502536,42.0628496109051
winter wheat,1,45.12781152879249,42.248261885547365
winter wheat,1,45.1294284963039,42.252843293496376
winter wheat,1,45.13535737717909,42.28437415996897
winter wheat,1,45.13508788259386,42.27979275201996
winter wheat,1,45.14155575263952,42.2808707303609
winter wheat,1,45.138321817616685,42.28060123577567
winter wheat,1,45.1361658609348,42.27467235490048
winter wheat,1,45.14209474180999,42.128606289702645
winter wheat,1,45.14748463351471,42.27467235490048
winter wheat,1,45.14748463351471,42.097614412400524
potato,11,45.14721513892947,42.131301235555
winter wheat,1,45.12349961542871,42.07578535099642
winter wheat,1,45.150718568537535,42.09303300445151
winter wheat,1,45.14829311727041,42.08872109108774
winter wheat,1,45.142633730980464,42.27601982782666
winter wheat,1,45.1286200125482,42.28302668704279
winter wheat,1,45.148832106440885,42.097614412400524
winter wheat,1,45.13104546381532,42.26874347402529
winter wheat,1,45.134548893423386,42.28194870870185
winter wheat,1,45.144250698491874,42.269012968610525
winter wheat,1,45.130236980059614,42.08360069396826
winter wheat,1,45.12376911001395,42.262545098564864
winter wheat,1,45.13131495840055,42.08818210191727
winter wheat,1,45.149101601026125,42.08737361816156
winter wheat,1,45.12835051796296,42.25338228266685
winter wheat,1,45.1248470883549,42.260658636468214
winter wheat,1,45.12646405586631,42.27197740904812
winter wheat,1,45.1286200125482,42.083061704797785
winter wheat,1,45.14155575263952,42.13372668682213
winter wheat,1,45.150988063122774,42.13776910560066
winter wheat,1,45.11622326162735,42.064466578416514
winter wheat,1,45.13131495840055,42.281409719531375
winter wheat,1,45.142364236395224,42.12321639799793
winter wheat,1,45.15017957936706,42.13776910560066
winter wheat,1,45.1248470883549,42.27251639821859
winter wheat,1,45.12511658294013,42.256616217689675
potato,11,45.14721513892947,42.27143841987765
winter wheat,1,45.142633730980464,42.28248769787232
winter wheat,1,45.13293192591197,42.263084087735336
winter wheat,1,45.12457759376966,42.270899430707175
winter wheat,1,45.11676225079782,42.06392758924604
winter wheat,1,45.14748463351471,42.087104123576324
winter wheat,1,45.14856261185565,42.27898426826425
winter wheat,1,45.14991008478183,42.10273480952
winter wheat,1,45.12269113167301,42.06527506217222
winter wheat,1,45.131853947571024,42.2770978061676
winter wheat,1,45.14398120390664,42.136960621844956
winter wheat,1,45.142633730980464,42.28626062206562
winter wheat,1,45.14559817141806,42.27682831158236
winter wheat,1,45.131853947571024,42.275750333241426
winter wheat,1,45.142633730980464,42.26847397944005
winter wheat,1,45.14452019307711,42.08252271562731
potato,11,45.13778282844621,42.126719827605996
winter wheat,1,45.12242163708777,42.072551415973585
winter wheat,1,45.12161315333206,42.25338228266685
winter wheat,1,45.11541477787164,42.0628496109051
winter wheat,1,45.142633730980464,42.275480838656186
winter wheat,1,45.13050647464485,42.27143841987765
winter wheat,1,45.126194561281075,42.25823318520109
winter wheat,1,45.12242163708777,42.26416206607628
winter wheat,1,45.13805232303145,42.134265675992594
winter wheat,1,45.11837921830924,42.0636580946608
winter wheat,1,45.13886080678716,42.285991127480386
winter wheat,1,45.13886080678716,42.28841657874751
winter wheat,1,45.148832106440885,42.27359437655954
winter wheat,1,45.12538607752536,42.264970549831986
winter wheat,1,45.12915900171867,42.087104123576324
winter wheat,1,45.1391303013724,42.27251639821859
winter wheat,1,45.14452019307711,42.07955827518972
winter wheat,1,45.14452019307711,42.09033805859915
winter wheat,1,45.1151452832864,42.06338860007557
winter wheat,1,45.14074726888381,42.28275719245755
winter wheat,1,45.15152705229325,42.09276350986627
winter wheat,1,45.14074726888381,42.2770978061676
winter wheat,1,45.119457196650174,42.258772174371565
potato,11,45.1437117093214,42.12698932219123
winter wheat,1,45.13347091508244,42.270899430707175
winter wheat,1,45.119726691235414,42.260658636468214
winter wheat,1,45.14209474180999,42.0989618853267
winter wheat,1,45.129967485474374,42.27009094695147
winter wheat,1,45.14182524722475,42.09707542323005
winter wheat,1,45.144250698491874,42.283565676213264
winter wheat,1,45.12107416416159,42.06311910549033
winter wheat,1,45.124308099184425,42.266857011928636
winter wheat,1,45.126194561281075,42.25634672310444
winter wheat,1,45.14128625805428,42.26820448485482
winter wheat,1,45.12888950713343,42.25796369061585
winter wheat,1,45.15017957936706,42.09869239074146
winter wheat,1,45.14020827971334,42.08063625353066
potato,11,45.150988063122774,42.13507415974831
winter wheat,1,45.12053517499112,42.260658636468214
winter wheat,1,45.12323012084348,42.25931116354204
winter wheat,1,45.14128625805428,42.09303300445151
winter wheat,1,45.14209474180999,42.101117842008584
winter wheat,1,45.142633730980464,42.097344917815285
winter wheat,1,45.12457759376966,42.264970549831986
winter wheat,1,45.13697434469051,42.08575665065015
winter wheat,1,45.126194561281075,42.07740231850783
winter wheat,1,45.136435355520035,42.2838351707985
winter wheat,1,45.13697434469051,42.2800622466052
winter wheat,1,45.150988063122774,42.10435177703142
winter wheat,1,45.130236980059614,42.26631802275817
winter wheat,1,45.146676149758996,42.28194870870185
winter wheat,1,45.142633730980464,42.13615213808925
potato,11,45.142903225565696,42.126450333020756
winter wheat,1,45.12242163708777,42.06392758924604
winter wheat,1,45.12296062625824,42.05934618129703
winter wheat,1,45.12835051796296,42.08360069396826
winter wheat,1,45.146676149758996,42.277367300752836
winter wheat,1,45.146676149758996,42.10542975537236
winter wheat,1,45.14748463351471,42.2703604415367
winter wheat,1,45.124038604599185,42.269282463195765
winter wheat,1,45.125925066695835,42.25499925017826
winter wheat,1,45.13158445298579,42.267126506513875
winter wheat,1,45.131853947571024,42.26416206607628
winter wheat,1,45.142633730980464,42.10516026078712
winter wheat,1,45.13939979595763,42.08063625353066
winter wheat,1,45.14209474180999,42.267126506513875
winter wheat,1,45.12915900171867,42.254729755593026
potato,11,45.15206604146372,42.13965556769732
winter wheat,1,45.149101601026125,42.27979275201996
winter wheat,1,45.14398120390664,42.13723011643019
winter wheat,1,45.132123442156264,42.269551957781
winter wheat,1,45.13886080678716,42.270899430707175
winter wheat,1,45.142633730980464,42.264970549831986
winter wheat,1,45.119457196650174,42.072820910558825
winter wheat,1,45.12673355045155,42.07767181309307
winter wheat,1,45.136435355520035,42.28437415996897
winter wheat,1,45.13562687176433,42.27440286031524
winter wheat,1,45.14559817141806,42.10623823912807
winter wheat,1,45.13751333386098,42.08387018855349
winter wheat,1,45.14991008478183,42.095188961133395
winter wheat,1,45.146676149758996,42.27062993612194
winter wheat,1,45.131853947571024,42.26119762563869
winter wheat,1,45.13508788259386,42.27224690363336
potato,11,45.143172720150936,42.13669112725972
potato,11,45.142903225565696,42.13372668682213
winter wheat,1,45.12727253962202,42.26416206607628
winter wheat,1,45.13320142049721,42.27170791446289
winter wheat,1,45.138321817616685,42.13480466516307
winter wheat,1,45.12134365874683,42.06392758924604
winter wheat,1,45.12915900171867,42.25553823934873
winter wheat,1,45.13562687176433,42.08333119938302
winter wheat,1,45.11730123996829,42.06958697553599
winter wheat,1,45.130775969230086,42.2665875173434
winter wheat,1,45.12915900171867,42.250148347644014
winter wheat,1,45.13724383927574,42.08413968313873
winter wheat,1,45.14640665517376,42.27170791446289
winter wheat,1,45.14829311727041,42.091685531525336
winter wheat,1,45.142364236395224,42.078749791434014
potato,11,45.13400990425291,42.080366758945424
winter wheat,1,45.152874525219424,42.10030935825288
winter wheat,1,45.12376911001395,42.256885712274915
winter wheat,1,45.1399387851281,42.08333119938302
winter wheat,1,45.14101676346905,42.0922245206958
winter wheat,1,45.13481838800862,42.08387018855349
winter wheat,1,45.14991008478183,42.103812787860946
winter wheat,1,45.13778282844621,42.27979275201996
winter wheat,1,45.11703174538305,42.06554455675745
winter wheat,1,45.13293192591197,42.08063625353066
winter wheat,1,45.12754203420725,42.25580773393397
winter wheat,1,45.12754203420725,42.27628932241189
winter wheat,1,45.12700304503678,42.27898426826425
winter wheat,1,45.13347091508244,42.08602614523538
winter wheat,1,45.14613716058853,42.08737361816156
winter wheat,1,45.14640665517376,42.275750333241426
winter wheat,1,45.11649275621258,42.06473607300175
winter wheat,1,45.12242163708777,42.066353040513164
winter wheat,1,45.12080466957636,42.25796369061585
winter wheat,1,45.12969799088914,42.27197740904812
winter wheat,1,45.142903225565696,42.28033174119043
winter wheat,1,45.13751333386098,42.13507415974831
winter wheat,1,45.138591312201925,42.269282463195765
winter wheat,1,45.134548893423386,42.27359437655954
winter wheat,1,45.14074726888381,42.26847397944005
winter wheat,1,45.12107416416159,42.25365177725208
winter wheat,1,45.13535737717909,42.08440917772396
winter wheat,1,45.130775969230086,42.28114022494614
potato,11,45.13589636634956,42.26766549568435
winter wheat,1,45.13939979595763,42.269012968610525
winter wheat,1,45.14074726888381,42.27386387114477
winter wheat,1,45.152874525219424,42.103812787860946
winter wheat,1,45.14344221473617,42.08818210191727
winter wheat,1,45.143172720150936,42.09842289615623
winter wheat,1,45.129967485474374,42.27467235490048
winter wheat,1,45.146676149758996,42.27440286031524
winter wheat,1,45.13293192591197,42.27844527909378
winter wheat,1,45.14775412809994,42.28248769787232
winter wheat,1,45.12242163708777,42.0733598997293
winter wheat,1,45.13374040966768,42.08413968313873
potato,11,45.142903225565696,42.13507415974831
winter wheat,1,45.14532867683282,42.279523257434725
winter wheat,1,45.13886080678716,42.086834628991085
winter wheat,1,45.14721513892947,42.10084834742335
winter wheat,1,45.150718568537535,42.09707542323005
winter wheat,1,45.1218826479173,42.26092813105345
potato,11,45.145059182247586,42.1275283113617
winter wheat,1,45.13535737717909,42.26793499026958
winter wheat,1,45.146676149758996,42.107585712054245
winter wheat,1,45.138591312201925,42.274941849485714
winter wheat,1,45.15314401980466,42.10219582034953
winter wheat,1,45.14802362268518,42.277636795338076
winter wheat,1,45.14991008478183,42.09815340157099
winter wheat,1,45.14613716058853,42.12725881677647
winter wheat,1,45.130236980059614,42.086834628991085
winter wheat,1,45.13050647464485,42.258772174371565
winter wheat,1,45.14209474180999,42.10057885283812
winter wheat,1,45.12888950713343,42.081175242701136
winter wheat,1,45.132123442156264,42.08360069396826
potato,11,45.144250698491874,42.126719827605996
winter wheat,1,45.14748463351471,42.10866369039519
winter wheat,1,45.14829311727041,42.27467235490048
winter wheat,1,45.14182524722475,42.13669112725972
potato,11,45.152874525219424,42.09491946654816
winter wheat,1,45.134548893423386,42.0876431127468
winter wheat,1,45.1391303013724,42.27682831158236
winter wheat,1,45.1437117093214,42.09653643405958
winter wheat,1,45.14613716058853,42.131301235555
winter wheat,1,45.14209474180999,42.124024881753634
winter wheat,1,45.12296062625824,42.062041127149385
winter wheat,1,45.129967485474374,42.270899430707175
potato,11,45.150988063122774,42.13830809477113
winter wheat,1,45.14209474180999,42.264431560661514
winter wheat,1,45.14020827971334,42.08413968313873
winter wheat,1,45.14640665517376,42.10003986366765
winter wheat,1,45.13320142049721,42.279523257434725
winter wheat,1,45.14155575263952,42.28248769787232
winter wheat,1,45.136704850105275,42.27817578450855
winter wheat,1,45.13697434469051,42.28653011665086
winter wheat,1,45.15017957936706,42.09276350986627
winter wheat,1,45.1294284963039,42.27062993612194
winter wheat,1,45.12107416416159,42.25499925017826
winter wheat,1,45.14964059019659,42.27817578450855
winter wheat,1,45.149101601026125,42.09842289615623
winter wheat,1,45.13320142049721,42.26470105524675
winter wheat,1,45.14532867683282,42.12618083843552
winter wheat,1,45.14640665517376,42.13992506228255
winter wheat,1,45.11622326162735,42.066892029683636
winter wheat,1,45.145059182247586,42.27601982782666
winter wheat,1,45.13131495840055,42.260658636468214
winter wheat,1,45.14613716058853,42.27682831158236
winter wheat,1,45.14748463351471,42.083061704797785
winter wheat,1,45.14532867683282,42.136421632674484
winter wheat,1,45.14586766600329,42.12914527887312
winter wheat,1,45.149101601026125,42.10057885283812
winter wheat,1,45.12323012084348,42.250956831399726
winter wheat,1,45.12457759376966,42.25634672310444
winter wheat,1,45.132123442156264,42.26550953900246
winter wheat,1,45.14101676346905,42.27170791446289
winter wheat,1,45.14182524722475,42.09384148820722
winter wheat,1,45.140477774298574,42.091416036940096
winter wheat,1,45.13131495840055,42.270899430707175
winter wheat,1,45.132392936741496,42.264431560661514
winter wheat,1,45.12242163708777,42.07309040514406
winter wheat,1,45.14182524722475,42.086834628991085
winter wheat,1,45.12754203420725,42.262814593150104
winter wheat,1,45.134548893423386,42.26820448485482
winter wheat,1,45.1504490739523,42.08737361816156
winter wheat,1,45.146676149758996,42.0922245206958
potato,11,45.12754203420725,42.24745340179166
winter wheat,1,45.14721513892947,42.09060755318439
winter wheat,1,45.122152142502536,42.26389257149104
winter wheat,1,45.132392936741496,42.281409719531375
winter wheat,1,45.11864871289447,42.074437878070235
winter wheat,1,45.11891820747971,42.06338860007557
winter wheat,1,45.13778282844621,42.28302668704279
winter wheat,1,45.128081023377725,42.08440917772396
potato,11,45.14209474180999,42.275211344070954
winter wheat,1,45.1248470883549,42.06177163256415
winter wheat,1,45.145059182247586,42.266857011928636
winter wheat,1,45.14398120390664,42.10057885283812
winter wheat,1,45.152874525219424,42.101117842008584
winter wheat,1,45.134548893423386,42.08063625353066
winter wheat,1,45.14209474180999,42.09195502611057
winter wheat,1,45.14209474180999,42.26739600109911
winter wheat,1,45.138321817616685,42.08629563982061
winter wheat,1,45.120265680405886,42.25958065812727
winter wheat,1,45.14748463351471,42.101117842008584
winter wheat,1,45.1437117093214,42.124833365509346
winter wheat,1,45.144250698491874,42.26604852817293
winter wheat,1,45.14020827971334,42.27386387114477
winter wheat,1,45.14586766600329,42.13615213808925
winter wheat,1,45.12349961542871,42.060154665052735
winter wheat,1,45.14586766600329,42.283296181628025
winter wheat,1,45.13400990425291,42.08737361816156
winter wheat,1,45.14020827971334,42.28653011665086
winter wheat,1,45.14398120390664,42.13184022472547
winter wheat,1,45.125925066695835,42.269551957781
winter wheat,1,45.150718568537535,42.138847083941606
winter wheat,1,45.12511658294013,42.265240044417226
winter wheat,1,45.12107416416159,42.0628496109051
winter wheat,1,45.143172720150936,42.13318769765166
winter wheat,1,45.13966929054287,42.27386387114477
winter wheat,1,45.14856261185565,42.093571993621985
winter wheat,1,45.13966929054287,42.132648708481184
winter wheat,1,45.12727253962202,42.26173661480916
winter wheat,1,45.1286200125482,42.25499925017826
winter wheat,1,45.12673355045155,42.27251639821859
winter wheat,1,45.12242163708777,42.26092813105345
winter wheat,1,45.142364236395224,42.084948166894435
winter wheat,1,45.140477774298574,42.275211344070954
winter wheat,1,45.14398120390664,42.28491314913944
winter wheat,1,45.12700304503678,42.258772174371565
winter wheat,1,45.140477774298574,42.128606289702645
winter wheat,1,45.142903225565696,42.0779413076783
winter wheat,1,45.15017957936706,42.101926325764296
winter wheat,1,45.13104546381532,42.26766549568435
winter wheat,1,45.12915900171867,42.28033174119043
winter wheat,1,45.14559817141806,42.08198372645684
winter wheat,1,45.12835051796296,42.26227560397963
winter wheat,1,45.143172720150936,42.27979275201996
winter wheat,1,45.12727253962202,42.24799239096213
winter wheat,1,45.14101676346905,42.2800622466052
winter wheat,1,45.12673355045155,42.27979275201996
winter wheat,1,45.142364236395224,42.2733248819743
winter wheat,1,45.1437117093214,42.136421632674484
winter wheat,1,45.146676149758996,42.279523257434725
winter wheat,1,45.14775412809994,42.10246531493477
potato,11,45.14856261185565,42.08387018855349
winter wheat,1,45.1534135143899,42.101656831179056
winter wheat,1,45.128081023377725,42.25122632598496
winter wheat,1,45.13589636634956,42.26982145236624
winter wheat,1,45.117840229138764,42.070664953876935
winter wheat,1,45.11918770206494,42.07147343763264
winter wheat,1,45.14586766600329,42.281679214116615
winter wheat,1,45.12781152879249,42.2590416689568
winter wheat,1,45.1294284963039,42.08737361816156
winter wheat,1,45.13562687176433,42.27143841987765
potato,11,45.14074726888381,42.13534365433354
winter wheat,1,45.12457759376966,42.25823318520109
winter wheat,1,45.14101676346905,42.13749961101543
winter wheat,1,45.12781152879249,42.27224690363336
winter wheat,1,45.13481838800862,42.086834628991085
winter wheat,1,45.14586766600329,42.26631802275817
winter wheat,1,45.122152142502536,42.26038914188298
winter wheat,1,45.14775412809994,42.13103174096977
winter wheat,1,45.15017957936706,42.097614412400524
winter wheat,1,45.142633730980464,42.27682831158236
winter wheat,1,45.14802362268518,42.09572795030387
winter wheat,1,45.14559817141806,42.13534365433354
winter wheat,1,45.12242163708777,42.252304304325904
winter wheat,1,45.14452019307711,42.097344917815285
winter wheat,1,45.13697434469051,42.08737361816156
winter wheat,1,45.1286200125482,42.25392127183732
winter wheat,1,45.1399387851281,42.080905748115896
winter wheat,1,45.12296062625824,42.25419076642255
winter wheat,1,45.12538607752536,42.26146712022392
winter wheat,1,45.13320142049721,42.281679214116615
winter wheat,1,45.145059182247586,42.10677722829854
winter wheat,1,45.144789687662346,42.09195502611057
winter wheat,1,45.144789687662346,42.28302668704279
winter wheat,1,45.14101676346905,42.277367300752836
winter wheat,1,45.150718568537535,42.089529574843446
winter wheat,1,45.12754203420725,42.25365177725208
winter wheat,1,45.14155575263952,42.08926008025821
winter wheat,1,45.15179654687848,42.101387336593824
winter wheat,1,45.13104546381532,42.25715520686015
winter wheat,1,45.1218826479173,42.25985015271251
winter wheat,1,45.12646405586631,42.263353582320576
winter wheat,1,45.12888950713343,42.256616217689675
winter wheat,1,45.15152705229325,42.09491946654816
winter wheat,1,45.13886080678716,42.27682831158236
winter wheat,1,45.14748463351471,42.27601982782666
winter wheat,1,45.1286200125482,42.25580773393397
winter wheat,1,45.13778282844621,42.28814708416227
winter wheat,1,45.14020827971334,42.27197740904812
winter wheat,1,45.14721513892947,42.27413336573001
winter wheat,1,45.14344221473617,42.084948166894435
winter wheat,1,45.14559817141806,42.08413968313873
winter wheat,1,45.1504490739523,42.10893318498043
winter wheat,1,45.1391303013724,42.08656513440585
winter wheat,1,45.144250698491874,42.09033805859915
winter wheat,1,45.132392936741496,42.28033174119043
winter wheat,1,45.13481838800862,42.08252271562731
winter wheat,1,45.11918770206494,42.072551415973585
winter wheat,1,45.13104546381532,42.27979275201996
winter wheat,1,45.131853947571024,42.27817578450855
winter wheat,1,45.13104546381532,42.080366758945424
winter wheat,1,45.13535737717909,42.08656513440585
winter wheat,1,45.14452019307711,42.10623823912807
winter wheat,1,45.14775412809994,42.09276350986627
winter wheat,1,45.15152705229325,42.136421632674484
winter wheat,1,45.12269113167301,42.266857011928636
winter wheat,1,45.138591312201925,42.08575665065015
winter wheat,1,45.130236980059614,42.0846786723092
winter wheat,1,45.15179654687848,42.09491946654816
winter wheat,1,45.136435355520035,42.27817578450855
winter wheat,1,45.12269113167301,42.25122632598496
winter wheat,1,45.128081023377725,42.271168925292415
winter wheat,1,45.140477774298574,42.281409719531375
winter wheat,1,45.14182524722475,42.10219582034953
winter wheat,1,45.12376911001395,42.27143841987765
winter wheat,1,45.142633730980464,42.10057885283812
winter wheat,1,45.14452019307711,42.08575665065015
winter wheat,1,45.138321817616685,42.285991127480386
winter wheat,1,45.11676225079782,42.06931748095076
winter wheat,1,45.12161315333206,42.06554455675745
winter wheat,1,45.13886080678716,42.136421632674484
winter wheat,1,45.1504490739523,42.093571993621985
winter wheat,1,45.13104546381532,42.08279221021255
winter wheat,1,45.12727253962202,42.24987885305878
winter wheat,1,45.13104546381532,42.0876431127468
winter wheat,1,45.150718568537535,42.1380386001859
winter wheat,1,45.13104546381532,42.263353582320576
potato,11,45.143172720150936,42.08818210191727
winter wheat,1,45.13886080678716,42.13103174096977
winter wheat,1,45.119996185820646,42.064466578416514
winter wheat,1,45.131853947571024,42.265240044417226
winter wheat,1,45.142903225565696,42.10327379869047
winter wheat,1,45.143172720150936,42.10408228244618
winter wheat,1,45.14452019307711,42.27790628992331
winter wheat,1,45.14209474180999,42.10273480952
winter wheat,1,45.1437117093214,42.09114654235486
winter wheat,1,45.14532867683282,42.2770978061676
winter wheat,1,45.13104546381532,42.27467235490048
winter wheat,1,45.145059182247586,42.269282463195765
winter wheat,1,45.143172720150936,42.09006856401392
winter wheat,1,45.136435355520035,42.27062993612194
winter wheat,1,45.14209474180999,42.270899430707175
winter wheat,1,45.142633730980464,42.10273480952
potato,11,45.14829311727041,42.08387018855349
potato,11,45.14937109561136,42.13399618140736
winter wheat,1,45.12349961542871,42.25823318520109
winter wheat,1,45.15017957936706,42.10273480952
winter wheat,1,45.14398120390664,42.08548715606491
winter wheat,1,45.148832106440885,42.13992506228255
winter wheat,1,45.14155575263952,42.088990585672974
potato,11,45.142633730980464,42.12914527887312
winter wheat,1,45.14559817141806,42.08063625353066
winter wheat,1,45.138321817616685,42.08440917772396
winter wheat,1,45.12296062625824,42.2514958205702
winter wheat,1,45.136704850105275,42.27790628992331
winter wheat,1,45.14182524722475,42.09033805859915
winter wheat,1,45.13400990425291,42.26739600109911
winter wheat,1,45.129967485474374,42.0876431127468
winter wheat,1,45.12296062625824,42.064197083831274
winter wheat,1,45.142364236395224,42.27655881699713
winter wheat,1,45.12646405586631,42.25068733681449
winter wheat,1,45.14128625805428,42.093571993621985
winter wheat,1,45.14640665517376,42.27359437655954
winter wheat,1,45.14721513892947,42.099231379911934
winter wheat,1,45.1218826479173,42.05799870837085
winter wheat,1,45.14964059019659,42.09060755318439
winter wheat,1,45.12835051796296,42.27197740904812
winter wheat,1,45.119996185820646,42.07389888889977
winter wheat,1,45.12349961542871,42.26119762563869
winter wheat,1,45.12646405586631,42.26847397944005
winter wheat,1,45.150988063122774,42.10812470122472
winter wheat,1,45.12727253962202,42.26604852817293
winter wheat,1,45.131853947571024,42.08225322104208
winter wheat,1,45.14532867683282,42.080905748115896
winter wheat,1,45.132123442156264,42.26362307690581
winter wheat,1,45.12646405586631,42.275211344070954
winter wheat,1,45.14182524722475,42.128606289702645
winter wheat,1,45.14721513892947,42.09464997196293
winter wheat,1,45.136435355520035,42.08225322104208
winter wheat,1,45.132123442156264,42.27871477367902
potato,11,45.128081023377725,42.28248769787232
potato,11,45.14532867683282,42.080366758945424
winter wheat,1,45.13508788259386,42.2800622466052
winter wheat,1,45.144250698491874,42.28060123577567
winter wheat,1,45.1504490739523,42.13372668682213
winter wheat,1,45.12915900171867,42.081175242701136
winter wheat,1,45.14128625805428,42.097614412400524
winter wheat,1,45.14856261185565,42.27979275201996
potato,11,45.13939979595763,42.13184022472547
winter wheat,1,45.129967485474374,42.087104123576324
potato,11,45.1361658609348,42.26847397944005
winter wheat,1,45.13939979595763,42.26631802275817
winter wheat,1,45.150988063122774,42.09195502611057
winter wheat,1,45.152874525219424,42.0989618853267
winter wheat,1,45.12969799088914,42.25580773393397
winter wheat,1,45.14748463351471,42.13857758935637
winter wheat,1,45.11918770206494,42.07012596470646
potato,11,45.13751333386098,42.132379213895945
winter wheat,1,45.150988063122774,42.08979906942868
winter wheat,1,45.146945644344235,42.10677722829854
winter wheat,1,45.129967485474374,42.27871477367902
winter wheat,1,45.118109723724,42.25419076642255
winter wheat,1,45.14128625805428,42.12887578428788
potato,11,45.15017957936706,42.13399618140736
winter wheat,1,45.12727253962202,42.262545098564864
winter wheat,1,45.14856261185565,42.08926008025821
potato,11,45.14020827971334,42.13507415974831
winter wheat,1,45.13104546381532,42.25931116354204
winter wheat,1,45.136704850105275,42.080905748115896
winter wheat,1,45.13050647464485,42.26982145236624
winter wheat,1,45.14964059019659,42.107585712054245
winter wheat,1,45.14640665517376,42.13830809477113
winter wheat,1,45.142633730980464,42.09626693947434
winter wheat,1,45.14398120390664,42.09977036908241
winter wheat,1,45.145059182247586,42.08979906942868
potato,11,45.13320142049721,42.2703604415367
winter wheat,1,45.122152142502536,42.06473607300175
winter wheat,1,45.12376911001395,42.0733598997293
winter wheat,1,45.13589636634956,42.28410466538374
winter wheat,1,45.146676149758996,42.12941477345835
winter wheat,1,45.12269113167301,42.252573798911136
winter wheat,1,45.131853947571024,42.27871477367902
potato,11,45.144250698491874,42.126450333020756
winter wheat,1,45.14802362268518,42.0989618853267
winter wheat,1,45.138321817616685,42.28626062206562
winter wheat,1,45.1437117093214,42.10623823912807
winter wheat,1,45.13400990425291,42.271168925292415
winter wheat,1,45.13697434469051,42.2838351707985
winter wheat,1,45.12376911001395,42.06123264339368
winter wheat,1,45.119726691235414,42.074168383485
winter wheat,1,45.130775969230086,42.27062993612194
winter wheat,1,45.140477774298574,42.2876080949918
winter wheat,1,45.14101676346905,42.13669112725972
winter wheat,1,45.13158445298579,42.26173661480916
winter wheat,1,45.149101601026125,42.099500874497174
potato,11,45.15017957936706,42.2770978061676
winter wheat,1,45.13374040966768,42.27601982782666
winter wheat,1,45.13724383927574,42.28410466538374
winter wheat,1,45.146945644344235,42.28194870870185
potato,11,45.143172720150936,42.13399618140736
winter wheat,1,45.120265680405886,42.06985647012123
winter wheat,1,45.12915900171867,42.25311278808161
winter wheat,1,45.13966929054287,42.13291820306642
winter wheat,1,45.142903225565696,42.0922245206958
winter wheat,1,45.136704850105275,42.28572163289515
winter wheat,1,45.13050647464485,42.08279221021255
winter wheat,1,45.14209474180999,42.0779413076783
potato,11,45.15152705229325,42.09006856401392
winter wheat,1,45.146945644344235,42.132648708481184
winter wheat,1,45.146676149758996,42.28302668704279
winter wheat,1,45.14856261185565,42.09599744488911
winter wheat,1,45.15017957936706,42.13345719223689
winter wheat,1,45.12727253962202,42.27979275201996
winter wheat,1,45.14559817141806,42.08575665065015
winter wheat,1,45.13293192591197,42.263353582320576
winter wheat,1,45.13347091508244,42.08656513440585
winter wheat,1,45.11460629411593,42.067970008024574
winter wheat,1,45.13347091508244,42.274941849485714
winter wheat,1,45.142364236395224,42.264431560661514
winter wheat,1,45.14452019307711,42.08656513440585
winter wheat,1,45.14020827971334,42.132379213895945
winter wheat,1,45.117570734553524,42.072551415973585
winter wheat,1,45.12969799088914,42.2800622466052
winter wheat,1,45.14991008478183,42.101926325764296
winter wheat,1,45.14101676346905,42.279523257434725
winter wheat,1,45.150988063122774,42.08926008025821
winter wheat,1,45.13400990425291,42.2808707303609
winter wheat,1,45.13131495840055,42.08387018855349
winter wheat,1,45.11649275621258,42.06770051343934
winter wheat,1,45.14074726888381,42.124833365509346
winter wheat,1,45.144789687662346,42.07955827518972
winter wheat,1,45.1361658609348,42.283565676213264
winter wheat,1,45.12457759376966,42.252843293496376
winter wheat,1,45.14775412809994,42.10273480952
potato,11,45.1391303013724,42.13588264350401
winter wheat,1,45.144789687662346,42.125911343850284
winter wheat,1,45.14721513892947,42.12995376262882
winter wheat,1,45.14775412809994,42.275211344070954
winter wheat,1,45.14964059019659,42.27979275201996
potato,11,45.142364236395224,42.13184022472547
winter wheat,1,45.14074726888381,42.07821080226354
winter wheat,1,45.14532867683282,42.09033805859915
winter wheat,1,45.14209474180999,42.27170791446289
winter wheat,1,45.14559817141806,42.09626693947434
winter wheat,1,45.12161315333206,42.06527506217222
winter wheat,1,45.13131495840055,42.26982145236624
winter wheat,1,45.12134365874683,42.072551415973585
winter wheat,1,45.119726691235414,42.06096314880845
winter wheat,1,45.12727253962202,42.26550953900246
winter wheat,1,45.13320142049721,42.27601982782666
winter wheat,1,45.12349961542871,42.2560772285192
winter wheat,1,45.143172720150936,42.0876431127468
winter wheat,1,45.14640665517376,42.09680592864481
winter wheat,1,45.14802362268518,42.10462127161665
potato,11,45.14398120390664,42.12806730053217
winter wheat,1,45.142633730980464,42.266857011928636
winter wheat,1,45.12646405586631,42.2657790335877
winter wheat,1,45.12727253962202,42.252573798911136
winter wheat,1,45.138591312201925,42.13669112725972
winter wheat,1,45.14856261185565,42.08602614523538
winter wheat,1,45.144250698491874,42.09060755318439
winter wheat,1,45.148832106440885,42.103812787860946
winter wheat,1,45.12727253962202,42.2808707303609
winter wheat,1,45.13508788259386,42.2703604415367
winter wheat,1,45.12242163708777,42.26011964729774
winter wheat,1,45.12835051796296,42.081175242701136
winter wheat,1,45.1286200125482,42.27898426826425
winter wheat,1,45.13751333386098,42.08360069396826
winter wheat,1,45.13805232303145,42.285452138309914
potato,11,45.14775412809994,42.27062993612194
winter wheat,1,45.15017957936706,42.13372668682213
potato,11,45.1534135143899,42.10704672288378
winter wheat,1,45.12053517499112,42.064197083831274
winter wheat,1,45.12107416416159,42.26416206607628
winter wheat,1,45.132662431326736,42.27898426826425
winter wheat,1,45.14398120390664,42.08198372645684
winter wheat,1,45.148832106440885,42.275480838656186
winter wheat,1,45.14802362268518,42.09411098279246
winter wheat,1,45.125925066695835,42.264431560661514
winter wheat,1,45.128081023377725,42.26793499026958
winter wheat,1,45.124038604599185,42.06096314880845
winter wheat,1,45.132123442156264,42.27359437655954
winter wheat,1,45.125925066695835,42.27197740904812
winter wheat,1,45.14155575263952,42.08602614523538
winter wheat,1,45.14155575263952,42.09815340157099
winter wheat,1,45.13050647464485,42.266857011928636
winter wheat,1,45.13805232303145,42.12564184926505
winter wheat,1,45.12888950713343,42.250148347644014
winter wheat,1,45.129967485474374,42.25715520686015
winter wheat,1,45.13535737717909,42.26982145236624
winter wheat,1,45.149101601026125,42.281679214116615
winter wheat,1,45.142903225565696,42.28410466538374
winter wheat,1,45.132123442156264,42.25985015271251
potato,11,45.1437117093214,42.095458455718635
winter wheat,1,45.15017957936706,42.10893318498043
winter wheat,1,45.15233553604895,42.10219582034953
winter wheat,1,45.14613716058853,42.270899430707175
potato,11,45.14748463351471,42.08252271562731
winter wheat,1,45.12349961542871,42.25931116354204
potato,11,45.12969799088914,42.080366758945424
winter wheat,1,45.13293192591197,42.281409719531375
winter wheat,1,45.136704850105275,42.08063625353066
potato,11,45.119726691235414,42.26092813105345
winter wheat,1,45.14074726888381,42.08629563982061
winter wheat,1,45.14155575263952,42.12618083843552
winter wheat,1,45.132123442156264,42.27197740904812
winter wheat,1,45.142633730980464,42.09249401528104
winter wheat,1,45.152605030634184,42.10893318498043
winter wheat,1,45.11864871289447,42.06311910549033
winter wheat,1,45.14128625805428,42.283296181628025
winter wheat,1,45.142903225565696,42.093302499036746
potato,11,45.14209474180999,42.080366758945424
winter wheat,1,45.14856261185565,42.130492751799295
winter wheat,1,45.1218826479173,42.064197083831274
winter wheat,1,45.14532867683282,42.09195502611057
winter wheat,1,45.146945644344235,42.09276350986627
winter wheat,1,45.15152705229325,42.09626693947434
winter wheat,1,45.13805232303145,42.125911343850284
winter wheat,1,45.11649275621258,42.066353040513164
winter wheat,1,45.14559817141806,42.09276350986627
winter wheat,1,45.15233553604895,42.101387336593824
winter wheat,1,45.11487578870117,42.0636580946608
winter wheat,1,45.13886080678716,42.12779780594694
winter wheat,1,45.131853947571024,42.26011964729774
winter wheat,1,45.12107416416159,42.2590416689568
winter wheat,1,45.12915900171867,42.281409719531375
winter wheat,1,45.13562687176433,42.269282463195765
winter wheat,1,45.12835051796296,42.2808707303609
winter wheat,1,45.1286200125482,42.27009094695147
winter wheat,1,45.12134365874683,42.07578535099642
winter wheat,1,45.13751333386098,42.27197740904812
winter wheat,1,45.14209474180999,42.26874347402529
winter wheat,1,45.14398120390664,42.103812787860946
winter wheat,1,45.14559817141806,42.10030935825288
winter wheat,1,45.14640665517376,42.093571993621985
winter wheat,1,45.124308099184425,42.25365177725208
winter wheat,1,45.12888950713343,42.260658636468214
potato,11,45.142903225565696,42.136421632674484
winter wheat,1,45.144250698491874,42.103812787860946
winter wheat,1,45.12700304503678,42.27278589280383
winter wheat,1,45.12915900171867,42.2665875173434
winter wheat,1,45.138591312201925,42.13399618140736
winter wheat,1,45.117570734553524,42.066353040513164
winter wheat,1,45.143172720150936,42.08144473728637
winter wheat,1,45.145059182247586,42.275750333241426
winter wheat,1,45.13886080678716,42.283296181628025
winter wheat,1,45.12457759376966,42.271168925292415
winter wheat,1,45.1218826479173,42.25311278808161
winter wheat,1,45.14937109561136,42.13210971931071
winter wheat,1,45.1248470883549,42.074707372655475
winter wheat,1,45.12700304503678,42.256885712274915
winter wheat,1,45.13886080678716,42.08333119938302
winter wheat,1,45.131853947571024,42.27386387114477
winter wheat,1,45.150988063122774,42.09788390698576
winter wheat,1,45.132123442156264,42.08333119938302
winter wheat,1,45.15125755770801,42.10084834742335
winter wheat,1,45.13050647464485,42.084948166894435
winter wheat,1,45.14101676346905,42.08198372645684
winter wheat,1,45.1399387851281,42.08629563982061
winter wheat,1,45.13347091508244,42.084948166894435
winter wheat,1,45.14344221473617,42.267126506513875
winter wheat,1,45.15125755770801,42.0989618853267
winter wheat,1,45.14802362268518,42.13399618140736
winter wheat,1,45.15125755770801,42.13534365433354
winter wheat,1,45.14155575263952,42.08063625353066
winter wheat,1,45.13400990425291,42.085217661479675
winter wheat,1,45.14101676346905,42.132379213895945
winter wheat,1,45.12457759376966,42.258772174371565
winter wheat,1,45.13939979595763,42.269282463195765
winter wheat,1,45.142903225565696,42.10516026078712
winter wheat,1,45.150718568537535,42.10489076620189
winter wheat,1,45.13374040966768,42.08360069396826
winter wheat,1,45.13966929054287,42.12968426804359
winter wheat,1,45.12053517499112,42.06985647012123
winter wheat,1,45.125925066695835,42.26011964729774
winter wheat,1,45.12835051796296,42.26200610939439
winter wheat,1,45.14452019307711,42.08629563982061
winter wheat,1,45.126194561281075,42.27009094695147
winter wheat,1,45.12296062625824,42.252034809740664
winter wheat,1,45.1256555721106,42.27440286031524
winter wheat,1,45.142364236395224,42.2838351707985
winter wheat,1,45.14532867683282,42.283296181628025
winter wheat,1,45.14937109561136,42.13157073014024
winter wheat,1,45.13966929054287,42.274941849485714
winter wheat,1,45.14452019307711,42.083061704797785
winter wheat,1,45.128081023377725,42.2808707303609
potato,11,45.1399387851281,42.13507415974831
potato,11,45.12727253962202,42.08548715606491
winter wheat,1,45.142903225565696,42.13291820306642
winter wheat,1,45.12242163708777,42.25796369061585
winter wheat,1,45.14532867683282,42.13776910560066
winter wheat,1,45.132662431326736,42.263353582320576
winter wheat,1,45.14128625805428,42.08387018855349
winter wheat,1,45.12323012084348,42.25122632598496
winter wheat,1,45.122152142502536,42.26119762563869
winter wheat,1,45.15233553604895,42.10812470122472
winter wheat,1,45.14074726888381,42.0876431127468
winter wheat,1,45.138591312201925,42.12698932219123
winter wheat,1,45.14155575263952,42.136960621844956
winter wheat,1,45.12835051796296,42.25311278808161
winter wheat,1,45.134279398838146,42.273055387389064
winter wheat,1,45.142633730980464,42.285182643724674
winter wheat,1,45.13131495840055,42.274941849485714
winter wheat,1,45.149101601026125,42.103812787860946
potato,11,45.1534135143899,42.107585712054245
winter wheat,1,45.12727253962202,42.26011964729774
winter wheat,1,45.14559817141806,42.12995376262882
winter wheat,1,45.119457196650174,42.256885712274915
winter wheat,1,45.14209474180999,42.27628932241189
winter wheat,1,45.149101601026125,42.09411098279246
winter wheat,1,45.13347091508244,42.264431560661514
winter wheat,1,45.1437117093214,42.10839419580996
winter wheat,1,45.1534135143899,42.099500874497174
winter wheat,1,45.11487578870117,42.06904798636552
winter wheat,1,45.12349961542871,42.250417842229254
winter wheat,1,45.13589636634956,42.27440286031524
winter wheat,1,45.132123442156264,42.269012968610525
winter wheat,1,45.1437117093214,42.08413968313873
winter wheat,1,45.14640665517376,42.27817578450855
winter wheat,1,45.11918770206494,42.2590416689568
winter wheat,1,45.128081023377725,42.27790628992331
winter wheat,1,45.14128625805428,42.09438047737769
winter wheat,1,45.13158445298579,42.27467235490048
winter wheat,1,45.14640665517376,42.10516026078712
winter wheat,1,45.12538607752536,42.2514958205702
winter wheat,1,45.12754203420725,42.24987885305878
winter wheat,1,45.134279398838146,42.28248769787232
winter wheat,1,45.13481838800862,42.2770978061676
winter wheat,1,45.124038604599185,42.07578535099642
winter wheat,1,45.142633730980464,42.09060755318439
winter wheat,1,45.142633730980464,42.281409719531375
winter wheat,1,45.11918770206494,42.06958697553599
winter wheat,1,45.14802362268518,42.10542975537236
winter wheat,1,45.14640665517376,42.270899430707175
winter wheat,1,45.14344221473617,42.28464365455421
winter wheat,1,45.14613716058853,42.27844527909378
winter wheat,1,45.142633730980464,42.07821080226354
winter wheat,1,45.14937109561136,42.13345719223689
potato,11,45.146676149758996,42.27251639821859
winter wheat,1,45.15152705229325,42.09842289615623
potato,11,45.13966929054287,42.13588264350401
winter wheat,1,45.14209474180999,42.079019286019246
winter wheat,1,45.119726691235414,42.06177163256415
winter wheat,1,45.14128625805428,42.285452138309914
winter wheat,1,45.12646405586631,42.24987885305878
winter wheat,1,45.14182524722475,42.283565676213264
winter wheat,1,45.15152705229325,42.13857758935637
winter wheat,1,45.149101601026125,42.09788390698576
winter wheat,1,45.14775412809994,42.13291820306642
winter wheat,1,45.14128625805428,42.095188961133395
winter wheat,1,45.14586766600329,42.105968744542835
winter wheat,1,45.134548893423386,42.087104123576324
winter wheat,1,45.1248470883549,42.25931116354204
winter wheat,1,45.143172720150936,42.0771328239226
winter wheat,1,45.14613716058853,42.091416036940096
winter wheat,1,45.132123442156264,42.28194870870185
winter wheat,1,45.14802362268518,42.091416036940096
winter wheat,1,45.12835051796296,42.2552687447635
winter wheat,1,45.12242163708777,42.26766549568435
winter wheat,1,45.13374040966768,42.26739600109911
winter wheat,1,45.14020827971334,42.287877589577036
winter wheat,1,45.140477774298574,42.08818210191727
winter wheat,1,45.14209474180999,42.2665875173434
winter wheat,1,45.12538607752536,42.07524636182595
winter wheat,1,45.12296062625824,42.26847397944005
winter wheat,1,45.12376911001395,42.25499925017826
winter wheat,1,45.13320142049721,42.26416206607628
winter wheat,1,45.14128625805428,42.08548715606491
winter wheat,1,45.14344221473617,42.28248769787232
winter wheat,1,45.12457759376966,42.26200610939439
winter wheat,1,45.149101601026125,42.13103174096977
winter wheat,1,45.13939979595763,42.28221820328708
winter wheat,1,45.119996185820646,42.07362939431453
winter wheat,1,45.144789687662346,42.08360069396826
winter wheat,1,45.12835051796296,42.27979275201996
winter wheat,1,45.13562687176433,42.2733248819743
potato,11,45.138321817616685,42.13345719223689
winter wheat,1,45.14128625805428,42.09653643405958
winter wheat,1,45.14182524722475,42.27790628992331
winter wheat,1,45.14613716058853,42.08413968313873
winter wheat,1,45.14802362268518,42.087104123576324
winter wheat,1,45.14937109561136,42.08548715606491
winter wheat,1,45.12376911001395,42.060424159637975
winter wheat,1,45.15206604146372,42.13723011643019
winter wheat,1,45.12376911001395,42.256616217689675
winter wheat,1,45.11891820747971,42.064466578416514
potato,11,45.15125755770801,42.08872109108774
winter wheat,1,45.12134365874683,42.263353582320576
winter wheat,1,45.14155575263952,42.097614412400524
winter wheat,1,45.150988063122774,42.09626693947434
potato,11,45.145059182247586,42.080366758945424
potato,11,45.13481838800862,42.269551957781
winter wheat,1,45.1361658609348,42.27440286031524
potato,11,45.14452019307711,42.13857758935637
potato,11,45.149101601026125,42.10300430410524
winter wheat,1,45.142364236395224,42.13588264350401
winter wheat,1,45.14937109561136,42.10920267956566
winter wheat,1,45.12511658294013,42.06258011631986
winter wheat,1,45.125925066695835,42.24960935847354
winter wheat,1,45.138321817616685,42.28572163289515
winter wheat,1,45.13751333386098,42.283296181628025
winter wheat,1,45.13805232303145,42.27871477367902
winter wheat,1,45.142633730980464,42.0989618853267
winter wheat,1,45.142903225565696,42.09788390698576
winter wheat,1,45.150988063122774,42.09599744488911
winter wheat,1,45.11730123996829,42.066353040513164
winter wheat,1,45.12053517499112,42.256885712274915
winter wheat,1,45.148832106440885,42.0876431127468
potato,11,45.11487578870117,42.06338860007557
winter wheat,1,45.15233553604895,42.10300430410524
winter wheat,1,45.14155575263952,42.27467235490048
winter wheat,1,45.13939979595763,42.13210971931071
winter wheat,1,45.130775969230086,42.28275719245755
winter wheat,1,45.142633730980464,42.28464365455421
winter wheat,1,45.148832106440885,42.10435177703142
winter wheat,1,45.14155575263952,42.13723011643019
winter wheat,1,45.12969799088914,42.25419076642255
winter wheat,1,45.14721513892947,42.12914527887312
winter wheat,1,45.140477774298574,42.285991127480386
winter wheat,1,45.14856261185565,42.09626693947434
winter wheat,1,45.129967485474374,42.26227560397963
winter wheat,1,45.14209474180999,42.078480296848774
winter wheat,1,45.120265680405886,42.06069365422321
winter wheat,1,45.143172720150936,42.26631802275817
winter wheat,1,45.14856261185565,42.274941849485714
winter wheat,1,45.14074726888381,42.27224690363336
winter wheat,1,45.125925066695835,42.25796369061585
winter wheat,1,45.12269113167301,42.07228192138835
winter wheat,1,45.12457759376966,42.26092813105345
winter wheat,1,45.14613716058853,42.09276350986627
winter wheat,1,45.1294284963039,42.25985015271251
winter wheat,1,45.14182524722475,42.26739600109911
winter wheat,1,45.14964059019659,42.10839419580996
winter wheat,1,45.14452019307711,42.087104123576324
winter wheat,1,45.14398120390664,42.08279221021255
winter wheat,1,45.14937109561136,42.27790628992331
winter wheat,1,45.12538607752536,42.25365177725208
winter wheat,1,45.128081023377725,42.25715520686015
winter wheat,1,45.142903225565696,42.10030935825288
winter wheat,1,45.14721513892947,42.10246531493477
winter wheat,1,45.13481838800862,42.08360069396826
winter wheat,1,45.14964059019659,42.101117842008584
winter wheat,1,45.14344221473617,42.07982776977496
winter wheat,1,45.122152142502536,42.264970549831986
winter wheat,1,45.130236980059614,42.26739600109911
winter wheat,1,45.13562687176433,42.26820448485482
winter wheat,1,45.12349961542871,42.26550953900246
winter wheat,1,45.14128625805428,42.132379213895945
winter wheat,1,45.122152142502536,42.26739600109911
potato,11,45.1399387851281,42.080366758945424
winter wheat,1,45.136435355520035,42.08360069396826
winter wheat,1,45.14128625805428,42.124294376338874
winter wheat,1,45.15314401980466,42.10084834742335
winter wheat,1,45.13508788259386,42.08279221021255
winter wheat,1,45.15017957936706,42.10542975537236
winter wheat,1,45.1294284963039,42.2657790335877
winter wheat,1,45.12781152879249,42.084948166894435
winter wheat,1,45.1248470883549,42.26362307690581
winter wheat,1,45.1399387851281,42.28491314913944
winter wheat,1,45.12323012084348,42.07551585641118
winter wheat,1,45.14344221473617,42.13669112725972
winter wheat,1,45.13104546381532,42.274941849485714
winter wheat,1,45.12161315333206,42.067970008024574
winter wheat,1,45.134279398838146,42.265240044417226
winter wheat,1,45.12349961542871,42.25580773393397
winter wheat,1,45.14748463351471,42.101387336593824
winter wheat,1,45.132392936741496,42.262545098564864
winter wheat,1,45.126194561281075,42.27601982782666
winter wheat,1,45.14452019307711,42.09815340157099
winter wheat,1,45.152605030634184,42.10516026078712
winter wheat,1,45.12915900171867,42.27278589280383
winter wheat,1,45.145059182247586,42.08737361816156
winter wheat,1,45.12511658294013,42.27251639821859
winter wheat,1,45.14775412809994,42.27359437655954
winter wheat,1,45.13886080678716,42.27359437655954
winter wheat,1,45.129967485474374,42.28060123577567
winter wheat,1,45.12296062625824,42.064466578416514
potato,11,45.124038604599185,42.24987885305878
winter wheat,1,45.119457196650174,42.067970008024574
winter wheat,1,45.12080466957636,42.252573798911136
winter wheat,1,45.13347091508244,42.2733248819743
winter wheat,1,45.14128625805428,42.28464365455421
winter wheat,1,45.14182524722475,42.274941849485714
winter wheat,1,45.11622326162735,42.07147343763264
winter wheat,1,45.144789687662346,42.09006856401392
winter wheat,1,45.12349961542871,42.262545098564864
winter wheat,1,45.13751333386098,42.08198372645684
winter wheat,1,45.12835051796296,42.27817578450855
winter wheat,1,45.14344221473617,42.26847397944005
winter wheat,1,45.13481838800862,42.080905748115896
winter wheat,1,45.13589636634956,42.08171423187161
winter wheat,1,45.145059182247586,42.10542975537236
winter wheat,1,45.14748463351471,42.28114022494614
winter wheat,1,45.132123442156264,42.08279221021255
winter wheat,1,45.12727253962202,42.2733248819743
winter wheat,1,45.148832106440885,42.10273480952
winter wheat,1,45.1504490739523,42.09842289615623
winter wheat,1,45.14829311727041,42.09977036908241
winter wheat,1,45.12296062625824,42.26982145236624
winter wheat,1,45.12781152879249,42.24772289637689
winter wheat,1,45.14182524722475,42.08737361816156
winter wheat,1,45.144250698491874,42.2838351707985
winter wheat,1,45.124308099184425,42.06258011631986
winter wheat,1,45.118109723724,42.06500556758698
winter wheat,1,45.1218826479173,42.066892029683636
winter wheat,1,45.1256555721106,42.269282463195765
winter wheat,1,45.13886080678716,42.2838351707985
winter wheat,1,45.148832106440885,42.27682831158236
winter wheat,1,45.128081023377725,42.08818210191727
winter wheat,1,45.1151452832864,42.06823950260981
winter wheat,1,45.12915900171867,42.258502679786325
winter wheat,1,45.12323012084348,42.06473607300175
winter wheat,1,45.12296062625824,42.26038914188298
winter wheat,1,45.1391303013724,42.13022325721406
winter wheat,1,45.12727253962202,42.26847397944005
winter wheat,1,45.14640665517376,42.091416036940096
winter wheat,1,45.12296062625824,42.263353582320576
winter wheat,1,45.13939979595763,42.27979275201996
winter wheat,1,45.115684272456875,42.06743101885411
winter wheat,1,45.11649275621258,42.07120394304741
winter wheat,1,45.14155575263952,42.269551957781
winter wheat,1,45.14398120390664,42.09491946654816
winter wheat,1,45.1437117093214,42.08063625353066
winter wheat,1,45.122152142502536,42.058537697541325
winter wheat,1,45.14101676346905,42.13723011643019
winter wheat,1,45.152605030634184,42.10273480952
potato,11,45.13131495840055,42.27197740904812
winter wheat,1,45.12835051796296,42.26092813105345
winter wheat,1,45.12349961542871,42.072820910558825
winter wheat,1,45.15206604146372,42.10542975537236
winter wheat,1,45.13481838800862,42.27844527909378
winter wheat,1,45.140477774298574,42.08979906942868
winter wheat,1,45.14209474180999,42.28626062206562
potato,11,45.14182524722475,42.08818210191727
winter wheat,1,45.142903225565696,42.09384148820722
winter wheat,1,45.13293192591197,42.27655881699713
winter wheat,1,45.12376911001395,42.25311278808161
potato,11,45.13805232303145,42.131301235555
winter wheat,1,45.14182524722475,42.10704672288378
winter wheat,1,45.11918770206494,42.06177163256415
winter wheat,1,45.143172720150936,42.26982145236624
winter wheat,1,45.12646405586631,42.267126506513875
winter wheat,1,45.14209474180999,42.12618083843552
winter wheat,1,45.145059182247586,42.2657790335877
winter wheat,1,45.14020827971334,42.08926008025821
winter wheat,1,45.14532867683282,42.266857011928636
winter wheat,1,45.119726691235414,42.07147343763264
winter wheat,1,45.14613716058853,42.09464997196293
winter wheat,1,45.14101676346905,42.265240044417226
winter wheat,1,45.12107416416159,42.07093444846217
winter wheat,1,45.13939979595763,42.26793499026958
winter wheat,1,45.14020827971334,42.279253762849486
winter wheat,1,45.119996185820646,42.06527506217222
winter wheat,1,45.14559817141806,42.09680592864481
winter wheat,1,45.146945644344235,42.28248769787232
winter wheat,1,45.142364236395224,42.09276350986627
winter wheat,1,45.14613716058853,42.10030935825288
winter wheat,1,45.12053517499112,42.07309040514406
winter wheat,1,45.14209474180999,42.08629563982061
winter wheat,1,45.146945644344235,42.086834628991085
winter wheat,1,45.13400990425291,42.27170791446289
potato,11,45.12835051796296,42.28275719245755
winter wheat,1,45.14613716058853,42.28302668704279
winter wheat,1,45.14964059019659,42.13184022472547
winter wheat,1,45.120265680405886,42.07228192138835
winter wheat,1,45.15206604146372,42.09626693947434
winter wheat,1,45.1294284963039,42.262545098564864
winter wheat,1,45.119457196650174,42.07012596470646
winter wheat,1,45.13347091508244,42.26982145236624
winter wheat,1,45.14640665517376,42.09653643405958
winter wheat,1,45.12323012084348,42.266857011928636
winter wheat,1,45.13104546381532,42.27898426826425
winter wheat,1,45.134548893423386,42.26416206607628
winter wheat,1,45.14182524722475,42.265240044417226
winter wheat,1,45.136435355520035,42.087104123576324
winter wheat,1,45.14748463351471,42.09438047737769
winter wheat,1,45.12511658294013,42.252843293496376
winter wheat,1,45.12107416416159,42.06743101885411
winter wheat,1,45.13966929054287,42.26793499026958
winter wheat,1,45.14937109561136,42.09572795030387
winter wheat,1,45.130236980059614,42.083061704797785
winter wheat,1,45.13050647464485,42.08333119938302
winter wheat,1,45.1437117093214,42.26362307690581
winter wheat,1,45.140477774298574,42.285182643724674
winter wheat,1,45.14209474180999,42.1237553871684
winter wheat,1,45.145059182247586,42.136960621844956
winter wheat,1,45.12781152879249,42.24799239096213
winter wheat,1,45.14856261185565,42.13210971931071
winter wheat,1,45.15314401980466,42.0989618853267
potato,11,45.148832106440885,42.08872109108774
potato,11,45.142633730980464,42.12941477345835
winter wheat,1,45.12835051796296,42.279523257434725
winter wheat,1,45.144250698491874,42.10677722829854
winter wheat,1,45.1294284963039,42.2703604415367
winter wheat,1,45.11730123996829,42.06931748095076
winter wheat,1,45.150988063122774,42.093571993621985
winter wheat,1,45.122152142502536,42.267126506513875
winter wheat,1,45.13400990425291,42.08656513440585
winter wheat,1,45.13697434469051,42.13210971931071
winter wheat,1,45.14613716058853,42.09707542323005
winter wheat,1,45.14020827971334,42.13615213808925
winter wheat,1,45.140477774298574,42.27278589280383
potato,11,45.1437117093214,42.0884515965025
winter wheat,1,45.1437117093214,42.08818210191727
winter wheat,1,45.13131495840055,42.25742470144539
potato,11,45.134548893423386,42.26389257149104
winter wheat,1,45.14074726888381,42.27440286031524
winter wheat,1,45.128081023377725,42.27628932241189
potato,11,45.149101601026125,42.13561314891878
winter wheat,1,45.1399387851281,42.27197740904812
winter wheat,1,45.119996185820646,42.06177163256415
potato,11,45.140477774298574,42.13534365433354
winter wheat,1,45.14344221473617,42.10839419580996
winter wheat,1,45.1256555721106,42.25419076642255
winter wheat,1,45.130775969230086,42.080905748115896
winter wheat,1,45.13131495840055,42.26038914188298
winter wheat,1,45.12727253962202,42.2703604415367
winter wheat,1,45.1437117093214,42.08602614523538
winter wheat,1,45.14452019307711,42.128336795117406
winter wheat,1,45.132392936741496,42.277636795338076
winter wheat,1,45.14182524722475,42.270899430707175
winter wheat,1,45.14586766600329,42.28194870870185
winter wheat,1,45.14748463351471,42.277636795338076
winter wheat,1,45.1391303013724,42.08360069396826
winter wheat,1,45.143172720150936,42.13372668682213
winter wheat,1,45.12754203420725,42.08602614523538
winter wheat,1,45.1286200125482,42.27655881699713
winter wheat,1,45.12323012084348,42.252304304325904
winter wheat,1,45.15179654687848,42.101656831179056
winter wheat,1,45.14586766600329,42.269551957781
winter wheat,1,45.12376911001395,42.252843293496376
potato,11,45.15206604146372,42.13992506228255
winter wheat,1,45.1218826479173,42.266857011928636
winter wheat,1,45.12053517499112,42.0628496109051
winter wheat,1,45.130236980059614,42.26793499026958
potato,11,45.12376911001395,42.250148347644014
winter wheat,1,45.11649275621258,42.066892029683636
winter wheat,1,45.146945644344235,42.27440286031524
winter wheat,1,45.14856261185565,42.27601982782666
winter wheat,1,45.117840229138764,42.06743101885411
winter wheat,1,45.1361658609348,42.274941849485714
winter wheat,1,45.14532867683282,42.103812787860946
potato,11,45.14964059019659,42.08872109108774
winter wheat,1,45.12323012084348,42.269282463195765
winter wheat,1,45.14209474180999,42.086834628991085
winter wheat,1,45.14182524722475,42.28114022494614
winter wheat,1,45.14020827971334,42.090877047769624
winter wheat,1,45.13886080678716,42.285182643724674
winter wheat,1,45.15314401980466,42.10435177703142
winter wheat,1,45.122152142502536,42.060154665052735
winter wheat,1,45.13131495840055,42.26604852817293
winter wheat,1,45.12915900171867,42.08575665065015
winter wheat,1,45.12915900171867,42.263353582320576
winter wheat,1,45.12781152879249,42.27197740904812
winter wheat,1,45.12511658294013,42.256885712274915
winter wheat,1,45.12376911001395,42.26604852817293
winter wheat,1,45.132123442156264,42.275211344070954
potato,11,45.1534135143899,42.107855206639485
winter wheat,1,45.13158445298579,42.27790628992331
winter wheat,1,45.131853947571024,42.27979275201996
winter wheat,1,45.12888950713343,42.267126506513875
winter wheat,1,45.1286200125482,42.26038914188298
winter wheat,1,45.130775969230086,42.283296181628025
winter wheat,1,45.14209474180999,42.271168925292415
winter wheat,1,45.13724383927574,42.281409719531375
winter wheat,1,45.146676149758996,42.1275283113617
winter wheat,1,45.1286200125482,42.26389257149104
winter wheat,1,45.14613716058853,42.267126506513875
winter wheat,1,45.13724383927574,42.28275719245755
winter wheat,1,45.144789687662346,42.08737361816156
winter wheat,1,45.12457759376966,42.06338860007557
winter wheat,1,45.14721513892947,42.10623823912807
winter wheat,1,45.13050647464485,42.08629563982061
winter wheat,1,45.14775412809994,42.13318769765166
winter wheat,1,45.142903225565696,42.28114022494614
winter wheat,1,45.12888950713343,42.275750333241426
winter wheat,1,45.12349961542871,42.25176531515543
winter wheat,1,45.11622326162735,42.06931748095076
winter wheat,1,45.13293192591197,42.08737361816156
winter wheat,1,45.124038604599185,42.271168925292415
winter wheat,1,45.14964059019659,42.13480466516307
winter wheat,1,45.130236980059614,42.275211344070954
potato,11,45.1504490739523,42.10327379869047
winter wheat,1,45.14613716058853,42.101656831179056
winter wheat,1,45.126194561281075,42.27682831158236
winter wheat,1,45.12700304503678,42.27224690363336
winter wheat,1,45.129967485474374,42.25580773393397
winter wheat,1,45.13724383927574,42.128606289702645
winter wheat,1,45.13347091508244,42.085217661479675
winter wheat,1,45.14128625805428,42.13723011643019
winter wheat,1,45.13562687176433,42.279253762849486
winter wheat,1,45.14613716058853,42.10300430410524
winter wheat,1,45.14559817141806,42.13749961101543
potato,11,45.14748463351471,42.13157073014024
winter wheat,1,45.146676149758996,42.26982145236624
winter wheat,1,45.12727253962202,42.26739600109911
winter wheat,1,45.14101676346905,42.132648708481184
winter wheat,1,45.12134365874683,42.252843293496376
winter wheat,1,45.14829311727041,42.08548715606491
winter wheat,1,45.115953767042114,42.064466578416514
winter wheat,1,45.14344221473617,42.13534365433354
winter wheat,1,45.145059182247586,42.125911343850284
winter wheat,1,45.14640665517376,42.099231379911934
winter wheat,1,45.12457759376966,42.07740231850783
potato,11,45.14344221473617,42.134265675992594
winter wheat,1,45.14829311727041,42.13157073014024
winter wheat,1,45.14586766600329,42.26739600109911
winter wheat,1,45.1256555721106,42.26146712022392
potato,11,45.1218826479173,42.2514958205702
winter wheat,1,45.14559817141806,42.2838351707985
winter wheat,1,45.12053517499112,42.26146712022392
winter wheat,1,45.14721513892947,42.08548715606491
winter wheat,1,45.14640665517376,42.10677722829854
winter wheat,1,45.14964059019659,42.08737361816156
winter wheat,1,45.14182524722475,42.12618083843552
winter wheat,1,45.14775412809994,42.130762246384535
winter wheat,1,45.119726691235414,42.0733598997293
winter wheat,1,45.149101601026125,42.131301235555
winter wheat,1,45.13320142049721,42.08629563982061
winter wheat,1,45.13347091508244,42.08333119938302
winter wheat,1,45.142633730980464,42.10003986366765
winter wheat,1,45.13374040966768,42.273055387389064
winter wheat,1,45.13347091508244,42.265240044417226
winter wheat,1,45.15206604146372,42.09977036908241
winter wheat,1,45.12323012084348,42.07228192138835
winter wheat,1,45.143172720150936,42.08926008025821
winter wheat,1,45.132662431326736,42.08602614523538
winter wheat,1,45.12754203420725,42.254729755593026
winter wheat,1,45.14344221473617,42.28221820328708
winter wheat,1,45.13158445298579,42.27278589280383
winter wheat,1,45.146676149758996,42.09842289615623
winter wheat,1,45.146945644344235,42.28114022494614
winter wheat,1,45.119996185820646,42.07497686724071
winter wheat,1,45.12888950713343,42.269282463195765
potato,11,45.143172720150936,42.12725881677647
winter wheat,1,45.1151452832864,42.064466578416514
winter wheat,1,45.136435355520035,42.2770978061676
winter wheat,1,45.140477774298574,42.273055387389064
winter wheat,1,45.122152142502536,42.266857011928636
winter wheat,1,45.12457759376966,42.256885712274915
winter wheat,1,45.13320142049721,42.26793499026958
winter wheat,1,45.13400990425291,42.277367300752836
winter wheat,1,45.1437117093214,42.095188961133395
winter wheat,1,45.12835051796296,42.28194870870185
winter wheat,1,45.1437117093214,42.10893318498043
potato,11,45.15152705229325,42.08979906942868
winter wheat,1,45.145059182247586,42.09464997196293
potato,11,45.1534135143899,42.097614412400524
winter wheat,1,45.122152142502536,42.06500556758698
winter wheat,1,45.13778282844621,42.277367300752836
winter wheat,1,45.146676149758996,42.08413968313873
winter wheat,1,45.14802362268518,42.27979275201996
winter wheat,1,45.13778282844621,42.08440917772396
winter wheat,1,45.132662431326736,42.277367300752836
winter wheat,1,45.12700304503678,42.07767181309307
winter wheat,1,45.12888950713343,42.26200610939439
winter wheat,1,45.13697434469051,42.27413336573001
winter wheat,1,45.14829311727041,42.0922245206958
winter wheat,1,45.11676225079782,42.07201242680311
winter wheat,1,45.119726691235414,42.25553823934873
winter wheat,1,45.145059182247586,42.08791260733203
winter wheat,1,45.130236980059614,42.08413968313873
winter wheat,1,45.14074726888381,42.27979275201996
winter wheat,1,45.12349961542871,42.25068733681449
winter wheat,1,45.12673355045155,42.252034809740664
winter wheat,1,45.12080466957636,42.25365177725208
winter wheat,1,45.13751333386098,42.28033174119043
winter wheat,1,45.12646405586631,42.27628932241189
winter wheat,1,45.14964059019659,42.27871477367902
winter wheat,1,45.142633730980464,42.26982145236624
winter wheat,1,45.14640665517376,42.283565676213264
winter wheat,1,45.12080466957636,42.0703954592917
winter wheat,1,45.130775969230086,42.08198372645684
winter wheat,1,45.13697434469051,42.27143841987765
winter wheat,1,45.14101676346905,42.12564184926505
winter wheat,1,45.122152142502536,42.25311278808161
winter wheat,1,45.14155575263952,42.12968426804359
winter wheat,1,45.142364236395224,42.269282463195765
winter wheat,1,45.144250698491874,42.267126506513875
winter wheat,1,45.12080466957636,42.064197083831274
winter wheat,1,45.12727253962202,42.27359437655954
winter wheat,1,45.14829311727041,42.2770978061676
winter wheat,1,45.13697434469051,42.08063625353066
winter wheat,1,45.126194561281075,42.27197740904812
winter wheat,1,45.124308099184425,42.06338860007557
winter wheat,1,45.132662431326736,42.08791260733203
winter wheat,1,45.14640665517376,42.13857758935637
winter wheat,1,45.1248470883549,42.26011964729774
winter wheat,1,45.12269113167301,42.2552687447635
winter wheat,1,45.14101676346905,42.27359437655954
winter wheat,1,45.14964059019659,42.105699249957595
winter wheat,1,45.138591312201925,42.287338600406564
winter wheat,1,45.12754203420725,42.252034809740664
winter wheat,1,45.14398120390664,42.27844527909378
winter wheat,1,45.14748463351471,42.09491946654816
winter wheat,1,45.12888950713343,42.27170791446289
winter wheat,1,45.14829311727041,42.085217661479675
winter wheat,1,45.13886080678716,42.28895556791798
winter wheat,1,45.11676225079782,42.0703954592917
winter wheat,1,45.1504490739523,42.13507415974831
winter wheat,1,45.1218826479173,42.0703954592917
winter wheat,1,45.14856261185565,42.277636795338076
winter wheat,1,45.142364236395224,42.2665875173434
winter wheat,1,45.13805232303145,42.26820448485482
winter wheat,1,45.124308099184425,42.27170791446289
winter wheat,1,45.138591312201925,42.27628932241189
winter wheat,1,45.14748463351471,42.10300430410524
winter wheat,1,45.12511658294013,42.258772174371565
potato,11,45.142903225565696,42.12725881677647
winter wheat,1,45.14155575263952,42.101387336593824
winter wheat,1,45.12161315333206,42.25742470144539
winter wheat,1,45.122152142502536,42.07578535099642
winter wheat,1,45.14452019307711,42.27844527909378
winter wheat,1,45.13805232303145,42.08279221021255
winter wheat,1,45.14748463351471,42.09114654235486
winter wheat,1,45.14748463351471,42.13776910560066
winter wheat,1,45.13293192591197,42.27224690363336
winter wheat,1,45.14775412809994,42.08818210191727
winter wheat,1,45.149101601026125,42.10219582034953
winter wheat,1,45.1504490739523,42.09653643405958
winter wheat,1,45.14155575263952,42.28410466538374
winter wheat,1,45.15206604146372,42.13534365433354
winter wheat,1,45.132123442156264,42.26011964729774
winter wheat,1,45.11864871289447,42.06338860007557
winter wheat,1,45.1218826479173,42.26550953900246
winter wheat,1,45.12781152879249,42.26416206607628
winter wheat,1,45.140477774298574,42.28033174119043
winter wheat,1,45.120265680405886,42.25446026100779
winter wheat,1,45.14155575263952,42.093571993621985
winter wheat,1,45.13778282844621,42.28437415996897
winter wheat,1,45.14101676346905,42.271168925292415
winter wheat,1,45.124308099184425,42.271168925292415
winter wheat,1,45.15125755770801,42.136421632674484
winter wheat,1,45.12888950713343,42.25823318520109
winter wheat,1,45.143172720150936,42.10677722829854
winter wheat,1,45.13939979595763,42.2800622466052
winter wheat,1,45.14101676346905,42.08225322104208
winter wheat,1,45.1437117093214,42.088990585672974
winter wheat,1,45.144250698491874,42.26362307690581
winter wheat,1,45.14937109561136,42.09464997196293
winter wheat,1,45.125925066695835,42.277367300752836
winter wheat,1,45.12323012084348,42.06392758924604
winter wheat,1,45.134548893423386,42.27467235490048
winter wheat,1,45.138591312201925,42.2733248819743
potato,11,45.13724383927574,42.12725881677647
winter wheat,1,45.13293192591197,42.2800622466052
winter wheat,1,45.14452019307711,42.099500874497174
winter wheat,1,45.14209474180999,42.27682831158236
winter wheat,1,45.13050647464485,42.26739600109911
winter wheat,1,45.14829311727041,42.279523257434725
winter wheat,1,45.144250698491874,42.28194870870185
winter wheat,1,45.11730123996829,42.06581405134269
winter wheat,1,45.14613716058853,42.101117842008584
winter wheat,1,45.148832106440885,42.10300430410524
winter wheat,1,45.12323012084348,42.25958065812727
winter wheat,1,45.13589636634956,42.28060123577567
winter wheat,1,45.14020827971334,42.079019286019246
winter wheat,1,45.1437117093214,42.26389257149104
winter wheat,1,45.115953767042114,42.06554455675745
winter wheat,1,45.12888950713343,42.28114022494614
winter wheat,1,45.142364236395224,42.125911343850284
winter wheat,1,45.14452019307711,42.27628932241189
winter wheat,1,45.146945644344235,42.088990585672974
winter wheat,1,45.15125755770801,42.13480466516307
winter wheat,1,45.12915900171867,42.26146712022392
winter wheat,1,45.14398120390664,42.13507415974831
winter wheat,1,45.14802362268518,42.085217661479675
winter wheat,1,45.12107416416159,42.07309040514406
winter wheat,1,45.1218826479173,42.2665875173434
winter wheat,1,45.140477774298574,42.09006856401392
winter wheat,1,45.14532867683282,42.10084834742335
winter wheat,1,45.11891820747971,42.070664953876935
winter wheat,1,45.144250698491874,42.2808707303609
winter wheat,1,45.1248470883549,42.250417842229254
winter wheat,1,45.138321817616685,42.2800622466052
winter wheat,1,45.14856261185565,42.279523257434725
winter wheat,1,45.131853947571024,42.281679214116615
winter wheat,1,45.11837921830924,42.06985647012123
winter wheat,1,45.14020827971334,42.27817578450855
winter wheat,1,45.124308099184425,42.06123264339368
winter wheat,1,45.13400990425291,42.267126506513875
winter wheat,1,45.11649275621258,42.06527506217222
winter wheat,1,45.14398120390664,42.10516026078712
winter wheat,1,45.13886080678716,42.26739600109911
winter wheat,1,45.14829311727041,42.08979906942868
winter wheat,1,45.11460629411593,42.068508997195046
potato,11,45.14964059019659,42.136960621844956
winter wheat,1,45.1248470883549,42.27224690363336
winter wheat,1,45.15125755770801,42.08926008025821
winter wheat,1,45.12969799088914,42.084948166894435
winter wheat,1,45.14074726888381,42.07982776977496
winter wheat,1,45.14074726888381,42.2838351707985
winter wheat,1,45.14829311727041,42.09491946654816
winter wheat,1,45.142364236395224,42.264970549831986
winter wheat,1,45.12727253962202,42.25958065812727
winter wheat,1,45.120265680405886,42.2590416689568
winter wheat,1,45.13400990425291,42.26874347402529
winter wheat,1,45.1504490739523,42.08926008025821
winter wheat,1,45.12349961542871,42.25553823934873
potato,11,45.14991008478183,42.134535170577834
winter wheat,1,45.14802362268518,42.28221820328708
winter wheat,1,45.12754203420725,42.256616217689675
winter wheat,1,45.14856261185565,42.10462127161665
winter wheat,1,45.14452019307711,42.28491314913944
winter wheat,1,45.14937109561136,42.08602614523538
winter wheat,1,45.1504490739523,42.088990585672974
winter wheat,1,45.130236980059614,42.2838351707985
winter wheat,1,45.13778282844621,42.12968426804359
winter wheat,1,45.12700304503678,42.24960935847354
winter wheat,1,45.14802362268518,42.13965556769732
winter wheat,1,45.13886080678716,42.27143841987765
winter wheat,1,45.124038604599185,42.0628496109051
winter wheat,1,45.1286200125482,42.2552687447635
winter wheat,1,45.14559817141806,42.08791260733203
winter wheat,1,45.14964059019659,42.13372668682213
winter wheat,1,45.150718568537535,42.10003986366765
winter wheat,1,45.14452019307711,42.10920267956566
winter wheat,1,45.132392936741496,42.269012968610525
winter wheat,1,45.13778282844621,42.084948166894435
winter wheat,1,45.152605030634184,42.097614412400524
winter wheat,1,45.12457759376966,42.25958065812727
potato,11,45.14101676346905,42.13561314891878
winter wheat,1,45.142364236395224,42.099231379911934
winter wheat,1,45.12727253962202,42.262814593150104
potato,11,45.146676149758996,42.08144473728637
winter wheat,1,45.1218826479173,42.06069365422321
winter wheat,1,45.1248470883549,42.27170791446289
winter wheat,1,45.12754203420725,42.27386387114477
winter wheat,1,45.130775969230086,42.08602614523538
winter wheat,1,45.13050647464485,42.28033174119043
winter wheat,1,45.14775412809994,42.273055387389064
winter wheat,1,45.128081023377725,42.08791260733203
winter wheat,1,45.143172720150936,42.105699249957595
winter wheat,1,45.12376911001395,42.25446026100779
winter wheat,1,45.11891820747971,42.25634672310444
winter wheat,1,45.14721513892947,42.09572795030387
winter wheat,1,45.146676149758996,42.09680592864481
winter wheat,1,45.1256555721106,42.27224690363336
winter wheat,1,45.12134365874683,42.06338860007557
winter wheat,1,45.124038604599185,42.07632434016689
winter wheat,1,45.13535737717909,42.27062993612194
winter wheat,1,45.14452019307711,42.12941477345835
winter wheat,1,45.14964059019659,42.09384148820722
winter wheat,1,45.14155575263952,42.26766549568435
winter wheat,1,45.11864871289447,42.06823950260981
winter wheat,1,45.129967485474374,42.26739600109911
potato,11,45.134548893423386,42.080366758945424
winter wheat,1,45.140477774298574,42.2733248819743
winter wheat,1,45.142633730980464,42.09707542323005
winter wheat,1,45.142903225565696,42.27790628992331
winter wheat,1,45.14209474180999,42.090877047769624
winter wheat,1,45.145059182247586,42.10462127161665
winter wheat,1,45.142903225565696,42.09033805859915
winter wheat,1,45.12835051796296,42.266857011928636
winter wheat,1,45.13158445298579,42.25985015271251
winter wheat,1,45.152874525219424,42.09680592864481
winter wheat,1,45.138321817616685,42.13184022472547
winter wheat,1,45.148832106440885,42.08548715606491
winter wheat,1,45.12673355045155,42.25769419603062
winter wheat,1,45.14155575263952,42.285991127480386
winter wheat,1,45.13131495840055,42.25715520686015
winter wheat,1,45.14937109561136,42.09626693947434
winter wheat,1,45.13697434469051,42.08279221021255
winter wheat,1,45.138591312201925,42.283296181628025
winter wheat,1,45.146676149758996,42.09464997196293
winter wheat,1,45.14856261185565,42.27655881699713
winter wheat,1,45.13131495840055,42.25634672310444
winter wheat,1,45.13104546381532,42.25769419603062
winter wheat,1,45.1256555721106,42.274941849485714
winter wheat,1,45.128081023377725,42.267126506513875
winter wheat,1,45.118109723724,42.07228192138835
winter wheat,1,45.132123442156264,42.27601982782666
winter wheat,1,45.142633730980464,42.124294376338874
winter wheat,1,45.128081023377725,42.26470105524675
winter wheat,1,45.12915900171867,42.2552687447635
winter wheat,1,45.13104546381532,42.26550953900246
winter wheat,1,45.11891820747971,42.25446026100779
winter wheat,1,45.13966929054287,42.287877589577036
winter wheat,1,45.14613716058853,42.090877047769624
winter wheat,1,45.14452019307711,42.103812787860946
winter wheat,1,45.13158445298579,42.08548715606491
winter wheat,1,45.13966929054287,42.08360069396826
winter wheat,1,45.12727253962202,42.27817578450855
winter wheat,1,45.126194561281075,42.25769419603062
winter wheat,1,45.14398120390664,42.10003986366765
winter wheat,1,45.12511658294013,42.07497686724071
winter wheat,1,45.12754203420725,42.267126506513875
winter wheat,1,45.13508788259386,42.281409719531375
winter wheat,1,45.131853947571024,42.28114022494614
winter wheat,1,45.146676149758996,42.099231379911934
winter wheat,1,45.1143367995307,42.068778491780286
winter wheat,1,45.12323012084348,42.2657790335877
winter wheat,1,45.144789687662346,42.26550953900246
winter wheat,1,45.14209474180999,42.10866369039519
winter wheat,1,45.13886080678716,42.27197740904812
winter wheat,1,45.146945644344235,42.130492751799295
winter wheat,1,45.13724383927574,42.279523257434725
winter wheat,1,45.14209474180999,42.13723011643019
potato,11,45.14937109561136,42.095458455718635
winter wheat,1,45.142903225565696,42.079288780604486
winter wheat,1,45.14182524722475,42.107855206639485
winter wheat,1,45.1437117093214,42.26550953900246
winter wheat,1,45.138321817616685,42.081175242701136
winter wheat,1,45.129967485474374,42.256616217689675
winter wheat,1,45.128081023377725,42.25499925017826
winter wheat,1,45.12053517499112,42.07012596470646
winter wheat,1,45.142364236395224,42.2703604415367
winter wheat,1,45.14775412809994,42.10542975537236
winter wheat,1,45.12754203420725,42.252304304325904
winter wheat,1,45.13697434469051,42.128606289702645
winter wheat,1,45.145059182247586,42.10273480952
winter wheat,1,45.12511658294013,42.273055387389064
winter wheat,1,45.13347091508244,42.269551957781
winter wheat,1,45.146676149758996,42.10273480952
winter wheat,1,45.126194561281075,42.26739600109911
winter wheat,1,45.14128625805428,42.267126506513875
winter wheat,1,45.149101601026125,42.27790628992331
winter wheat,1,45.142903225565696,42.27844527909378
winter wheat,1,45.144250698491874,42.28033174119043
winter wheat,1,45.12242163708777,42.25365177725208
winter wheat,1,45.15179654687848,42.09869239074146
potato,11,45.1534135143899,42.09707542323005
winter wheat,1,45.143172720150936,42.07955827518972
winter wheat,1,45.144789687662346,42.09491946654816
winter wheat,1,45.1399387851281,42.28626062206562
winter wheat,1,45.12781152879249,42.2808707303609
winter wheat,1,45.14829311727041,42.13022325721406
winter wheat,1,45.13589636634956,42.27682831158236
winter wheat,1,45.149101601026125,42.27628932241189
winter wheat,1,45.13050647464485,42.26362307690581
winter wheat,1,45.148832106440885,42.10677722829854
winter wheat,1,45.131853947571024,42.27278589280383
winter wheat,1,45.138591312201925,42.08279221021255
winter wheat,1,45.138591312201925,42.08548715606491
winter wheat,1,45.13508788259386,42.08629563982061
winter wheat,1,45.120265680405886,42.06150213797892
winter wheat,1,45.142633730980464,42.09303300445151
winter wheat,1,45.13104546381532,42.084948166894435
potato,11,45.136435355520035,42.279523257434725
winter wheat,1,45.120265680405886,42.06770051343934
winter wheat,1,45.125925066695835,42.262545098564864
winter wheat,1,45.14802362268518,42.131301235555
winter wheat,1,45.12080466957636,42.05934618129703
winter wheat,1,45.12835051796296,42.277636795338076
winter wheat,1,45.14209474180999,42.085217661479675
winter wheat,1,45.14020827971334,42.08387018855349
winter wheat,1,45.140477774298574,42.277367300752836
winter wheat,1,45.14640665517376,42.28275719245755
winter wheat,1,45.13751333386098,42.13345719223689
winter wheat,1,45.1399387851281,42.12995376262882
potato,11,45.144789687662346,42.2733248819743
winter wheat,1,45.12781152879249,42.252304304325904
winter wheat,1,45.1504490739523,42.136421632674484
winter wheat,1,45.12700304503678,42.25446026100779
winter wheat,1,45.13158445298579,42.277636795338076
winter wheat,1,45.12835051796296,42.258502679786325
winter wheat,1,45.12781152879249,42.27655881699713
winter wheat,1,45.11864871289447,42.2560772285192
winter wheat,1,45.14452019307711,42.08926008025821
potato,11,45.140477774298574,42.1275283113617
winter wheat,1,45.140477774298574,42.281679214116615
winter wheat,1,45.15179654687848,42.10704672288378
winter wheat,1,45.14991008478183,42.09842289615623
winter wheat,1,45.1256555721106,42.275211344070954
winter wheat,1,45.13724383927574,42.27278589280383
winter wheat,1,45.129967485474374,42.27224690363336
winter wheat,1,45.142633730980464,42.099500874497174
potato,11,45.148832106440885,42.08818210191727
winter wheat,1,45.13724383927574,42.28033174119043
winter wheat,1,45.150718568537535,42.13857758935637
winter wheat,1,45.15233553604895,42.09438047737769
winter wheat,1,45.12134365874683,42.067970008024574
potato,11,45.126194561281075,42.275480838656186
winter wheat,1,45.12269113167301,42.064466578416514
winter wheat,1,45.14829311727041,42.09653643405958
winter wheat,1,45.12269113167301,42.25796369061585
winter wheat,1,45.14398120390664,42.08387018855349
winter wheat,1,45.150988063122774,42.10408228244618
winter wheat,1,45.128081023377725,42.08225322104208
winter wheat,1,45.12323012084348,42.25742470144539
winter wheat,1,45.14802362268518,42.13938607311208
winter wheat,1,45.13886080678716,42.08575665065015
winter wheat,1,45.132123442156264,42.258502679786325
potato,11,45.142903225565696,42.095458455718635
winter wheat,1,45.13508788259386,42.27143841987765
winter wheat,1,45.14559817141806,42.084948166894435
winter wheat,1,45.14586766600329,42.10030935825288
winter wheat,1,45.14640665517376,42.09006856401392
winter wheat,1,45.14532867683282,42.09491946654816
winter wheat,1,45.11918770206494,42.256616217689675
winter wheat,1,45.144250698491874,42.10084834742335
winter wheat,1,45.14532867683282,42.09006856401392
winter wheat,1,45.148832106440885,42.13291820306642
winter wheat,1,45.119457196650174,42.06473607300175
winter wheat,1,45.13886080678716,42.08252271562731
winter wheat,1,45.130236980059614,42.26227560397963
winter wheat,1,45.12888950713343,42.08171423187161
winter wheat,1,45.119726691235414,42.25931116354204
potato,11,45.117840229138764,42.25446026100779
winter wheat,1,45.14532867683282,42.28248769787232
winter wheat,1,45.12727253962202,42.084948166894435
winter wheat,1,45.15233553604895,42.10462127161665
winter wheat,1,45.12538607752536,42.263353582320576
winter wheat,1,45.142364236395224,42.28653011665086
winter wheat,1,45.129967485474374,42.28033174119043
winter wheat,1,45.142633730980464,42.2665875173434
potato,11,45.14209474180999,42.13561314891878
winter wheat,1,45.132662431326736,42.262814593150104
winter wheat,1,45.142903225565696,42.10866369039519
winter wheat,1,45.146945644344235,42.13992506228255
winter wheat,1,45.14802362268518,42.13345719223689
winter wheat,1,45.14101676346905,42.28194870870185
winter wheat,1,45.13778282844621,42.28194870870185
winter wheat,1,45.142364236395224,42.28572163289515
winter wheat,1,45.13724383927574,42.269282463195765
winter wheat,1,45.12673355045155,42.27359437655954
winter wheat,1,45.1399387851281,42.08602614523538
winter wheat,1,45.14074726888381,42.130762246384535
winter wheat,1,45.12835051796296,42.24933986388831
winter wheat,1,45.148832106440885,42.08926008025821
winter wheat,1,45.124038604599185,42.263084087735336
winter wheat,1,45.128081023377725,42.25446026100779
winter wheat,1,45.138321817616685,42.08279221021255
winter wheat,1,45.14829311727041,42.27359437655954
winter wheat,1,45.1437117093214,42.09842289615623
winter wheat,1,45.12754203420725,42.0846786723092
winter wheat,1,45.126194561281075,42.26092813105345
winter wheat,1,45.13589636634956,42.279523257434725
winter wheat,1,45.12646405586631,42.27467235490048
winter wheat,1,45.131853947571024,42.25985015271251
winter wheat,1,45.1391303013724,42.08279221021255
winter wheat,1,45.13104546381532,42.277636795338076
winter wheat,1,45.138321817616685,42.13588264350401
winter wheat,1,45.14586766600329,42.10516026078712
winter wheat,1,45.12134365874683,42.074707372655475
winter wheat,1,45.13158445298579,42.08252271562731
winter wheat,1,45.14398120390664,42.136421632674484
winter wheat,1,45.12161315333206,42.07309040514406
winter wheat,1,45.13966929054287,42.13210971931071
winter wheat,1,45.14613716058853,42.09653643405958
winter wheat,1,45.120265680405886,42.06823950260981
winter wheat,1,45.12511658294013,42.27143841987765
winter wheat,1,45.14721513892947,42.27817578450855
potato,11,45.14991008478183,42.10354329327571
winter wheat,1,45.1218826479173,42.25392127183732
winter wheat,1,45.132662431326736,42.080905748115896
winter wheat,1,45.140477774298574,42.085217661479675
winter wheat,1,45.119726691235414,42.06123264339368
winter wheat,1,45.1218826479173,42.254729755593026
winter wheat,1,45.1256555721106,42.263353582320576
winter wheat,1,45.12915900171867,42.0846786723092
winter wheat,1,45.13535737717909,42.08387018855349
winter wheat,1,45.13751333386098,42.27143841987765
winter wheat,1,45.14964059019659,42.10623823912807
winter wheat,1,45.14829311727041,42.13318769765166
winter wheat,1,45.1248470883549,42.26820448485482
potato,11,45.14155575263952,42.095458455718635
winter wheat,1,45.14856261185565,42.27682831158236
winter wheat,1,45.12161315333206,42.05934618129703
winter wheat,1,45.12323012084348,42.25176531515543
potato,11,45.1399387851281,42.134265675992594
winter wheat,1,45.14209474180999,42.08926008025821
winter wheat,1,45.13562687176433,42.27628932241189
winter wheat,1,45.14775412809994,42.275480838656186
winter wheat,1,45.14344221473617,42.27871477367902
winter wheat,1,45.124038604599185,42.25823318520109
winter wheat,1,45.138321817616685,42.27628932241189
winter wheat,1,45.12754203420725,42.084948166894435
winter wheat,1,45.14398120390664,42.08440917772396
winter wheat,1,45.14559817141806,42.099500874497174
winter wheat,1,45.11918770206494,42.06770051343934
winter wheat,1,45.14128625805428,42.277636795338076
winter wheat,1,45.1399387851281,42.271168925292415
winter wheat,1,45.124308099184425,42.256885712274915
winter wheat,1,45.12107416416159,42.066353040513164
winter wheat,1,45.1286200125482,42.26146712022392
winter wheat,1,45.14613716058853,42.09438047737769
winter wheat,1,45.12511658294013,42.25365177725208
winter wheat,1,45.120265680405886,42.25499925017826
winter wheat,1,45.12080466957636,42.25392127183732
winter wheat,1,45.132662431326736,42.27413336573001
winter wheat,1,45.13562687176433,42.275480838656186
winter wheat,1,45.13724383927574,42.0846786723092
winter wheat,1,45.119726691235414,42.062310621734625
winter wheat,1,45.12349961542871,42.27009094695147
winter wheat,1,45.1437117093214,42.28491314913944
winter wheat,1,45.14802362268518,42.130762246384535
winter wheat,1,45.12727253962202,42.26119762563869
winter wheat,1,45.117570734553524,42.06985647012123
winter wheat,1,45.12296062625824,42.07524636182595
winter wheat,1,45.134279398838146,42.2703604415367
winter wheat,1,45.138321817616685,42.126450333020756
winter wheat,1,45.144789687662346,42.28060123577567
winter wheat,1,45.14721513892947,42.13965556769732
winter wheat,1,45.14398120390664,42.26470105524675
winter wheat,1,45.1218826479173,42.25769419603062
winter wheat,1,45.14748463351471,42.27278589280383
winter wheat,1,45.12511658294013,42.25176531515543
winter wheat,1,45.1437117093214,42.105968744542835
winter wheat,1,45.13508788259386,42.266857011928636
winter wheat,1,45.13293192591197,42.2770978061676
winter wheat,1,45.1294284963039,42.2770978061676
winter wheat,1,45.125925066695835,42.26119762563869
potato,11,45.12888950713343,42.08818210191727
winter wheat,1,45.145059182247586,42.283296181628025
winter wheat,1,45.11730123996829,42.06473607300175
winter wheat,1,45.14209474180999,42.08791260733203
winter wheat,1,45.13697434469051,42.26874347402529
winter wheat,1,45.12754203420725,42.2560772285192
winter wheat,1,45.132123442156264,42.08818210191727
winter wheat,1,45.15125755770801,42.13857758935637
winter wheat,1,45.136704850105275,42.270899430707175
winter wheat,1,45.14074726888381,42.28653011665086
winter wheat,1,45.14640665517376,42.08225322104208
winter wheat,1,45.149101601026125,42.10408228244618
winter wheat,1,45.1361658609348,42.273055387389064
winter wheat,1,45.13751333386098,42.08171423187161
winter wheat,1,45.13481838800862,42.28275719245755
winter wheat,1,45.13050647464485,42.08413968313873
winter wheat,1,45.14344221473617,42.09653643405958
winter wheat,1,45.14559817141806,42.12941477345835
winter wheat,1,45.152874525219424,42.10246531493477
winter wheat,1,45.14721513892947,42.10300430410524
winter wheat,1,45.124038604599185,42.270899430707175
winter wheat,1,45.142903225565696,42.107855206639485
winter wheat,1,45.1391303013724,42.12779780594694
potato,11,45.14559817141806,42.0884515965025
winter wheat,1,45.15152705229325,42.10677722829854
winter wheat,1,45.149101601026125,42.08629563982061
winter wheat,1,45.14398120390664,42.09707542323005
winter wheat,1,45.140477774298574,42.26604852817293
winter wheat,1,45.1361658609348,42.28194870870185
winter wheat,1,45.119996185820646,42.26119762563869
winter wheat,1,45.1218826479173,42.252034809740664
winter wheat,1,45.150988063122774,42.09114654235486
winter wheat,1,45.1286200125482,42.281409719531375
winter wheat,1,45.12888950713343,42.087104123576324
winter wheat,1,45.1391303013724,42.27224690363336
winter wheat,1,45.12538607752536,42.25769419603062
winter wheat,1,45.12080466957636,42.072551415973585
winter wheat,1,45.13751333386098,42.080905748115896
winter wheat,1,45.14748463351471,42.281679214116615
winter wheat,1,45.120265680405886,42.062310621734625
winter wheat,1,45.1294284963039,42.2514958205702
winter wheat,1,45.14209474180999,42.27062993612194
winter wheat,1,45.144250698491874,42.1237553871684
winter wheat,1,45.1286200125482,42.25958065812727
winter wheat,1,45.152874525219424,42.10300430410524
winter wheat,1,45.15125755770801,42.13965556769732
winter wheat,1,45.136435355520035,42.28410466538374
winter wheat,1,45.12646405586631,42.277636795338076
potato,11,45.134548893423386,42.281409719531375
winter wheat,1,45.14532867683282,42.13857758935637
winter wheat,1,45.1391303013724,42.08818210191727
winter wheat,1,45.12134365874683,42.072820910558825
winter wheat,1,45.12835051796296,42.25958065812727
winter wheat,1,45.12673355045155,42.24987885305878
winter wheat,1,45.12673355045155,42.2770978061676
winter wheat,1,45.13805232303145,42.28491314913944
winter wheat,1,45.1504490739523,42.10516026078712
winter wheat,1,45.12376911001395,42.25634672310444
winter wheat,1,45.130775969230086,42.277367300752836
winter wheat,1,45.143172720150936,42.10920267956566
winter wheat,1,45.138321817616685,42.28895556791798
winter wheat,1,45.13939979595763,42.128606289702645
winter wheat,1,45.12376911001395,42.06150213797892
winter wheat,1,45.14155575263952,42.2838351707985
winter wheat,1,45.129967485474374,42.26038914188298
winter wheat,1,45.14532867683282,42.1275283113617
winter wheat,1,45.129967485474374,42.27844527909378
winter wheat,1,45.13697434469051,42.27009094695147
winter wheat,1,45.14101676346905,42.095188961133395
winter wheat,1,45.14128625805428,42.275211344070954
winter wheat,1,45.14829311727041,42.088990585672974
winter wheat,1,45.14209474180999,42.10731621746901
winter wheat,1,45.14532867683282,42.2808707303609
winter wheat,1,45.129967485474374,42.2560772285192
winter wheat,1,45.148832106440885,42.09276350986627
winter wheat,1,45.14559817141806,42.26793499026958
winter wheat,1,45.11864871289447,42.06985647012123
winter wheat,1,45.122152142502536,42.06716152426887
winter wheat,1,45.11649275621258,42.07147343763264
winter wheat,1,45.13751333386098,42.274941849485714
winter wheat,1,45.1399387851281,42.12698932219123
winter wheat,1,45.14748463351471,42.09006856401392
winter wheat,1,45.142903225565696,42.26362307690581
winter wheat,1,45.142633730980464,42.08333119938302
winter wheat,1,45.11487578870117,42.06931748095076
winter wheat,1,45.11837921830924,42.256616217689675
winter wheat,1,45.12915900171867,42.2770978061676
winter wheat,1,45.13886080678716,42.27844527909378
winter wheat,1,45.142633730980464,42.091685531525336
winter wheat,1,45.124038604599185,42.06338860007557
winter wheat,1,45.14964059019659,42.09977036908241
winter wheat,1,45.12673355045155,42.26739600109911
potato,11,45.145059182247586,42.139116578526846
winter wheat,1,45.12242163708777,42.26820448485482
winter wheat,1,45.13886080678716,42.13157073014024
winter wheat,1,45.13050647464485,42.264970549831986
potato,11,45.15206604146372,42.139116578526846
winter wheat,1,45.11541477787164,42.06904798636552
winter wheat,1,45.12727253962202,42.27440286031524
winter wheat,1,45.12781152879249,42.24880087471784
potato,11,45.14856261185565,42.08872109108774
winter wheat,1,45.1399387851281,42.12779780594694
winter wheat,1,45.1391303013724,42.08629563982061
winter wheat,1,45.140477774298574,42.27790628992331
winter wheat,1,45.14856261185565,42.10327379869047
winter wheat,1,45.13104546381532,42.08602614523538
winter wheat,1,45.14991008478183,42.09464997196293
winter wheat,1,45.122152142502536,42.05799870837085
winter wheat,1,45.15206604146372,42.099231379911934
winter wheat,1,45.12969799088914,42.08387018855349
winter wheat,1,45.1504490739523,42.09033805859915
winter wheat,1,45.150718568537535,42.09680592864481
winter wheat,1,45.14182524722475,42.26604852817293
winter wheat,1,45.12457759376966,42.2733248819743
winter wheat,1,45.12781152879249,42.25796369061585
winter wheat,1,45.13805232303145,42.28275719245755
winter wheat,1,45.13104546381532,42.27871477367902
winter wheat,1,45.13347091508244,42.26470105524675
winter wheat,1,45.142903225565696,42.267126506513875
winter wheat,1,45.134279398838146,42.26874347402529
winter wheat,1,45.14182524722475,42.136960621844956
winter wheat,1,45.12161315333206,42.252843293496376
winter wheat,1,45.131853947571024,42.2665875173434
winter wheat,1,45.12673355045155,42.271168925292415
winter wheat,1,45.12781152879249,42.262545098564864
winter wheat,1,45.144789687662346,42.13022325721406
winter wheat,1,45.14182524722475,42.28410466538374
winter wheat,1,45.12242163708777,42.06338860007557
winter wheat,1,45.142364236395224,42.281409719531375
winter wheat,1,45.14721513892947,42.09869239074146
winter wheat,1,45.14721513892947,42.27844527909378
winter wheat,1,45.146945644344235,42.27224690363336
winter wheat,1,45.13778282844621,42.26874347402529
winter wheat,1,45.115953767042114,42.06500556758698
winter wheat,1,45.13778282844621,42.08144473728637
winter wheat,1,45.14964059019659,42.13345719223689
winter wheat,1,45.1256555721106,42.258502679786325
winter wheat,1,45.13347091508244,42.26847397944005
winter wheat,1,45.13886080678716,42.084948166894435
winter wheat,1,45.14640665517376,42.09977036908241
winter wheat,1,45.124308099184425,42.2552687447635
winter wheat,1,45.12349961542871,42.25715520686015
winter wheat,1,45.14155575263952,42.081175242701136
winter wheat,1,45.14344221473617,42.27790628992331
winter wheat,1,45.14829311727041,42.09411098279246
winter wheat,1,45.14020827971334,42.087104123576324
winter wheat,1,45.146945644344235,42.28275719245755
winter wheat,1,45.145059182247586,42.28410466538374
winter wheat,1,45.12376911001395,42.263353582320576
winter wheat,1,45.13158445298579,42.262814593150104
winter wheat,1,45.131853947571024,42.26739600109911
winter wheat,1,45.142633730980464,42.08360069396826
winter wheat,1,45.142633730980464,42.097614412400524
winter wheat,1,45.13400990425291,42.0876431127468
winter wheat,1,45.11891820747971,42.2552687447635
winter wheat,1,45.145059182247586,42.13561314891878
winter wheat,1,45.14101676346905,42.2733248819743
winter wheat,1,45.12538607752536,42.26119762563869
winter wheat,1,45.14344221473617,42.101926325764296
winter wheat,1,45.14532867683282,42.08602614523538
winter wheat,1,45.15179654687848,42.13669112725972
winter wheat,1,45.1256555721106,42.25715520686015
winter wheat,1,45.12700304503678,42.26362307690581
winter wheat,1,45.12646405586631,42.27898426826425
winter wheat,1,45.14101676346905,42.12806730053217
winter wheat,1,45.144789687662346,42.28410466538374
winter wheat,1,45.1504490739523,42.279253762849486
winter wheat,1,45.14155575263952,42.09438047737769
winter wheat,1,45.11703174538305,42.06904798636552
winter wheat,1,45.12269113167301,42.07578535099642
winter wheat,1,45.13939979595763,42.27224690363336
winter wheat,1,45.14559817141806,42.08360069396826
winter wheat,1,45.146676149758996,42.095458455718635
winter wheat,1,45.1294284963039,42.2665875173434
winter wheat,1,45.14991008478183,42.136960621844956
winter wheat,1,45.13131495840055,42.28275719245755
potato,11,45.14155575263952,42.26470105524675
winter wheat,1,45.13104546381532,42.08063625353066
potato,11,45.14532867683282,42.12510286009458
winter wheat,1,45.13966929054287,42.269012968610525
winter wheat,1,45.15179654687848,42.09626693947434
winter wheat,1,45.12161315333206,42.058537697541325
winter wheat,1,45.146676149758996,42.093302499036746
potato,11,45.14802362268518,42.08818210191727
winter wheat,1,45.13966929054287,42.08737361816156
winter wheat,1,45.128081023377725,42.252573798911136
winter wheat,1,45.14452019307711,42.277636795338076
winter wheat,1,45.14829311727041,42.107585712054245
winter wheat,1,45.14182524722475,42.26820448485482
winter wheat,1,45.12969799088914,42.25365177725208
winter wheat,1,45.15179654687848,42.093571993621985
winter wheat,1,45.15314401980466,42.107585712054245
winter wheat,1,45.115953767042114,42.06527506217222
winter wheat,1,45.131853947571024,42.26470105524675
winter wheat,1,45.1399387851281,42.28437415996897
winter wheat,1,45.12969799088914,42.27440286031524
winter wheat,1,45.136435355520035,42.26874347402529
winter wheat,1,45.124038604599185,42.260658636468214
winter wheat,1,45.138591312201925,42.28814708416227
winter wheat,1,45.14209474180999,42.27790628992331
winter wheat,1,45.142364236395224,42.103812787860946
winter wheat,1,45.132123442156264,42.0846786723092
potato,11,45.14128625805428,42.13534365433354
winter wheat,1,45.14613716058853,42.28194870870185
winter wheat,1,45.1399387851281,42.26847397944005
winter wheat,1,45.14802362268518,42.103812787860946
winter wheat,1,45.15125755770801,42.091685531525336
potato,11,45.15206604146372,42.13938607311208
winter wheat,1,45.12457759376966,42.26173661480916
winter wheat,1,45.140477774298574,42.084948166894435
winter wheat,1,45.1218826479173,42.07362939431453
potato,11,45.13697434469051,42.12887578428788
winter wheat,1,45.13400990425291,42.2770978061676
winter wheat,1,45.142633730980464,42.26416206607628
winter wheat,1,45.14559817141806,42.28114022494614
winter wheat,1,45.152605030634184,42.10435177703142
winter wheat,1,45.14452019307711,42.27467235490048
winter wheat,1,45.13320142049721,42.085217661479675
winter wheat,1,45.14532867683282,42.27682831158236
winter wheat,1,45.13939979595763,42.13615213808925
winter wheat,1,45.14209474180999,42.2800622466052
winter wheat,1,45.124308099184425,42.076593834752124
winter wheat,1,45.14532867683282,42.088990585672974
winter wheat,1,45.14586766600329,42.08144473728637
winter wheat,1,45.146676149758996,42.12725881677647
winter wheat,1,45.1218826479173,42.262814593150104
winter wheat,1,45.144250698491874,42.08413968313873
winter wheat,1,45.119726691235414,42.06527506217222
winter wheat,1,45.125925066695835,42.252304304325904
winter wheat,1,45.14721513892947,42.088990585672974
winter wheat,1,45.13805232303145,42.285182643724674
winter wheat,1,45.12134365874683,42.264970549831986
winter wheat,1,45.12296062625824,42.25311278808161
winter wheat,1,45.12646405586631,42.27251639821859
winter wheat,1,45.128081023377725,42.27062993612194
winter wheat,1,45.14209474180999,42.07982776977496
winter wheat,1,45.125925066695835,42.0771328239226
winter wheat,1,45.144250698491874,42.266857011928636
winter wheat,1,45.13050647464485,42.260658636468214
potato,11,45.14182524722475,42.13210971931071
winter wheat,1,45.14344221473617,42.27682831158236
winter wheat,1,45.14452019307711,42.10542975537236
winter wheat,1,45.12134365874683,42.25958065812727
winter wheat,1,45.14344221473617,42.28572163289515
winter wheat,1,45.14532867683282,42.2800622466052
winter wheat,1,45.144250698491874,42.08818210191727
winter wheat,1,45.130236980059614,42.27009094695147
winter wheat,1,45.142633730980464,42.08225322104208
winter wheat,1,45.1286200125482,42.08279221021255
winter wheat,1,45.130236980059614,42.26038914188298
winter wheat,1,45.14721513892947,42.10893318498043
winter wheat,1,45.120265680405886,42.260658636468214
winter wheat,1,45.14020827971334,42.27898426826425
winter wheat,1,45.131853947571024,42.08818210191727
winter wheat,1,45.14964059019659,42.103812787860946
winter wheat,1,45.13778282844621,42.285452138309914
winter wheat,1,45.142633730980464,42.10866369039519
winter wheat,1,45.1361658609348,42.08063625353066
winter wheat,1,45.146945644344235,42.27655881699713
winter wheat,1,45.13751333386098,42.28410466538374
winter wheat,1,45.145059182247586,42.08575665065015
potato,11,45.119726691235414,42.25311278808161
